0.399198664484187,1.33444671029494,-1.56577734000378,1.19801570577271,-0.598287585705303,0.823183067239856,0.210995135982644,-2.10400102881833,-0.935236891117545,1.07302652531406,-0.623885207538268,-1.38626865965831,0.889747934656034,0.703796686290585,0.772141936063925,-1.57268203665698,1.02364958541646,1.26311642650961,-1.10237358841501,-1.05565742750951,0.80295965470269,0.644803920596943,0.00737057398129628,-1.48613514900307,-0.865662719763576,1.00527054068166,-0.205923216380571,-0.437282172374347,1.40436098441129,1.12444505128831,1.0170466597799,-1.4256730621112,1.05735426356392,1.24865480057294,-3.26487965808765,NaN,0.0135055137437198,0.865491449796765,-0.0164654931907806,-1.3575615278034,0.77564675766047,1.14456246164976,-0.27522270684485,-1.0116096054983,0.819009683432754,0.4790247949708,0.440080863822995,-1.56024524262611,1.23661663029232,1.97440672898685,-1.57900161836994,-0.27745347633598,0.95360130868931,1.10771112298331,1.05650509661348,-1.67669027207226,-0.542516239184026,1.23110323076002,0.485252705294465,1.81793399117953,1.5838610570851,0.71371686009828,1.14820542484118,-1.64701119688193,0.367785221278211,1.23246790693406,-1.78017070073138,-0.121871774189646,0.435148237632081,0.624040239162128,0.235725787501398,-1.8679408959195,-0.968484660091329,1.72309165117243,0.164812668769878,-0.613597769593231,0.899538345686019,0.732715575786925,1.13399987408287,-1.48492860712832,0.48173931159703,1.5674322882592,-2.00318604669,0.29292961647317,3.24664819245813,0.387171010604518,0.150271002288793,-1.95751693181857,-0.666995841401858,1.78653113457325,0.619000610162655,1.29665746459282,0.85419625568077,0.514994877797257,1.44878246915774,-1.63729322556057
0.133135528718615,0.385975632151307,0.552255299482471,NaN,-0.598287585705303,0.502019476400546,0.0874011992344108,-0.527800007851054,-1.23947743467049,-0.66395147807062,-2.17180966644854,-0.149846358828077,0.29821202241836,1.22954270976294,0.0863993919644397,0.804715141996513,1.02558810577972,0.510430787719156,0.323501184239478,NaN,0.80295965470269,0.297920816528049,0.300296130322771,-0.162877525987211,-0.317569122052803,-0.261378685766532,-0.354086814466913,0.00638637314421364,0.397732295874882,1.65744658362253,-0.12047192596535,0.862074568865922,1.08324724228421,0.428507224222649,1.13745571875937,-0.940995868232588,0.958211868521948,-0.179638647419311,0.414785153932713,0.135658507288514,-1.05622049777619,-0.20394981829862,-0.0714805061160291,-0.0639638223310427,-0.331415628187757,1.25497450850284,0.46554190007065,0.88669582711697,0.958777326739851,0.657799631395996,0.305902303393167,NaN,0.436660721190928,0.0625810257672352,1.11239172279597,-0.443669056098677,0.599272414983539,-0.122758283619034,0.929892952972047,0.747728235670268,0.771412506797492,1.11723349052214,0.815866987699543,0.703261190975643,0.789940814643883,0.596766485312955,1.53060799368622,-0.5791070485617,0.237847518485059,0.277157135093233,0.821363274957405,-0.713114993729189,-0.818161529410778,-0.264446910740399,-0.564458450349136,0.44516850219725,0.85069165440123,0.777138436869529,0.396201496676072,1.03534619219053,1.11836044834265,0.62480611187069,0.715801147800281,0.0226749703405092,1.05356328667336,0.387171010604518,0.189694897891043,-0.182690791073464,-1.08320477580793,-0.171891373232055,-0.0908349088217737,-0.055331363735204,0.43279791829938,1.17036411478901,0.260036149598732,0.52298925793899
-0.607329030250667,-0.26426347892272,-0.873619473172021,NaN,-0.367146814857263,0.155136372331652,-0.514171311959924,-0.881512887985439,0.11752690985742,-0.567530561454103,0.0358692972759794,0.739796624908251,0.152539796612328,0.352952524277677,-0.939475659554868,-0.412124282500367,-0.0815184039703849,-0.0112862552378195,0.640604927452668,2.49169012832134,0.237781565851747,-0.0791625857798231,-0.377839060268289,-0.695946955108607,-1.1163560748861,-0.961510796204966,0.247371207892492,-0.733597708210664,-0.0894788680298336,0.225817590997682,-1.08948280811843,0.21539016762499,0.288830950636677,0.00895608134400683,0.0458990363299497,NaN,0.418229266659177,-0.179638647419311,-0.694911835300838,-0.971218395113916,-1.15975754814759,-0.904081928737054,0.384531797969397,-0.888735983482723,-1.40793481459944,-0.024216930972091,-1.12442392525526,0.080817987110072,0.607645445635879,0.253601179605197,0.0891649270844272,NaN,-0.851122405476723,-0.350467107920768,-0.303089210696861,1.8150234956147,-0.793209594306547,-1.62627316434496,0.050102219001945,-0.558472240587932,-0.450596257054846,0.0986988661070919,-0.626800614677142,0.296628853778679,-0.563704224201534,0.0237277306525997,0.644443395785719,NaN,-0.664514338597958,-0.0999262672146383,0.291325770252441,-1.60138138660823,-0.968484660091329,-1.18606676668655,0.351168730063406,-0.799980270664881,0.120766392522059,0.0657774466645176,-0.508286072389134,-1.48492860712832,-0.238472738522253,-0.281151941029074,0.256771998691669,NaN,-0.27486201706668,-0.74984362946025,-0.595681209907446,-0.896974425503524,-1.03311252019236,-0.844652603622687,0.0622819278780786,-1.07118724567556,0.238663833120261,-0.498052225541833,-0.749327758808584,0.704946397329267
0.987577128116938,-0.5775831477283,-0.356639943658028,NaN,0.256217350946781,0.155136372331652,-0.80388753021723,1.0641444285519,0.795146113327598,2.62036337045786,-1.46197414746412,-0.49761792412345,-0.558170515449586,0.903360393095388,-0.250067808653765,-1.57268203665698,1.10075597007871,-0.337744273955749,-0.268290315687832,NaN,0.0303585320833108,0.297920816528049,-1.01464885027207,1.08459856968849,0.931591866526735,2.33516370663189,-1.46567221692798,-0.527819276405019,0.100761793219008,1.24500941993188,-0.106039109278417,-1.4256730621112,1.74391349941824,-0.11211204060424,0.585609211083945,NaN,1.28189357886876,-0.179638647419311,-0.913455889937108,1.53997047179251,0.657387851699555,2.22836504231567,-1.86484895979938,-0.653599283061459,0.150089955171901,1.28331409176089,-0.283803068098496,-1.56024524262611,1.49081406890552,-0.207736317964805,0.0891649270844272,1.75790396179431,0.788522772616086,0.0625810257672352,-0.471290280805235,1.3374264899026,1.02393580554059,2.23602026486179,-2.5611785903073,-0.816884138146872,-0.879960916971497,1.16475449857418,-0.490449929055332,-1.64701119688193,0.64327539287117,-0.655338037837983,0.479787344650294,NaN,-0.188215928171963,-0.512974400902641,-1.0166919550854,1.1830459400868,0.891399555602169,2.35543344876418,-0.522756656304882,-1.10737759168111,-0.299434473271758,1.36323712483713,-0.800150865307139,-1.48492860712832,1.38228318383616,-0.33173667317084,0.421428049827094,2.01852089107498,-0.27486201706668,0.0402879065356244,-0.877558557447336,1.15762325782467,0.531273714984612,2.00919964210867,-1.52734432507645,-1.04150989416833,0.589837692124131,1.29817544017089,-0.527566813114115,-1.63729322556057
-1.27324309674979,1.03805045732445,0.694180705377894,NaN,-0.148506401968676,0.155136372331652,1.10993222733245,1.12951165283365,0.292298873381229,0.343180067160032,0.0826787744024261,0.492421573490458,1.3383476312784,1.24961982997547,0.800502027785795,-1.57268203665698,-1.02884661447837,1.32164163972067,0.144509866287038,NaN,0.0303585320833108,0.297920816528049,1.2084745310278,1.52250118654768,0.0628476169624933,0.146527941206951,0.720081165678928,0.586339693039909,1.61956989494619,0.494330420733286,0.740683815174236,-1.4256730621112,-1.25546619334907,1.20876481357519,0.73805690316171,NaN,0.418229266659177,0.197444754888561,1.10567191772383,1.15654760731573,-0.180321947167,0.438684351924552,-0.0451190472962473,0.77762340338666,1.56871241278011,0.869788144139932,1.06213381808841,-1.56024524262611,-1.43364445514194,1.54787005373542,0.998060170224927,NaN,-0.156183582162141,0.0625810257672352,1.51374487643269,1.39954780625156,0.00557735852674642,1.07035463069569,1.46541559817312,0.686026609591884,1.7263528813302,0.51281903314868,1.02215331976739,-1.64701119688193,-2.26202079035636,0.891165001613653,0.938816493758906,2.05841738949993,-0.419356699020003,-0.0999262672146383,0.968343202152518,1.03988080997942,-0.298415544633313,1.19694793854029,0.312294737590391,0.333894432104461,1.14122854925765,0.750151985481072,0.759924759843417,-0.324370852971711,-1.62753823463312,1.04640203447533,0.421428049827094,0.61610239302595,-0.50600278791472,-0.336795495772247,1.54322191805359,1.04820091091541,-0.138795400473404,0.755283193719759,0.52721780194822,1.37638718325483,1.3938847282951,0.753035928157287,0.680650726572056,0.189423063739477
-1.38152612741779,-0.88766416189302,0.951654115080136,NaN,1.8311593474047,0.823183067239856,-0.677482374032587,1.66882759494892,-0.137983820534147,-0.0647265598134512,-0.262590292407431,-0.355458928729894,0.152539796612328,0.735498798874501,0.845433638331811,0.580553582885493,-0.406522986480367,1.33642197104434,1.15758445696666,NaN,0.80295965470269,0.297920816528049,1.94851231284868,1.10727341713403,1.35259011059614,-0.416381286544076,1.55299324373725,-0.371569612972255,1.34894121984637,0.861755122015697,1.25936343838625,0.604098280315855,-2.44158036004256,-0.824339372197538,1.366258246742,NaN,-0.681433309570861,0.197444754888561,-0.305498718861481,0.63078211440222,-0.682750379216477,-0.706753819939272,-0.605099959251973,-0.0891924622658168,0.190376478840516,0.868193468222898,0.433688309388678,0.592990376916359,-1.85976054324645,-0.562062319280882,1.39745898582259,-1.10530077337168,0.436660721190928,0.439664428075107,-0.449388717297847,1.18157474665874,-0.273463609529081,-0.699098597393149,-1.0455569141616,-0.0550332714888754,0.980918156906623,0.585952407403447,0.566108400603193,0.665298214832252,-1.71017018351883,-0.881114948028661,1.31387061737748,NaN,1.29881254984166,0.277157135093233,-0.636231556212107,2.23596368480001,-0.676954653468503,-0.833544768830109,-0.652707594885707,-0.2932160064096,0.65461053805438,0.273201891969135,0.141607475444057,0.884689914245022,-1.99241400234738,-0.610572116300002,1.20207708548515,NaN,0.536622699174976,0.387171010604518,0.202647332326841,0.810790837667614,-0.314005801666703,-0.245427685365518,0.318154603476373,-0.315117421026836,0.624487623996559,0.687450300545966,0.533683662217155,0.563672239227612
-0.450678922381284,-1.73840058364241,0.0561602383168417,0.484299182216651,-0.367146814857263,-0.634995163664223,-0.629296668678629,-1.2852442614581,-0.463517352407997,-0.301592214091189,0.43526316398787,-0.182295732848116,0.317571912195653,-0.385810030945805,-0.993969247359821,-0.412124282500367,-0.205921584325209,-1.6930684734337,0.640604927452668,NaN,-0.66458029123127,-0.948814247508763,-1.01464885027207,-0.850259629070277,-0.865662719763576,-0.337495739979947,0.780446311169649,-0.716893839242778,-3.01960495305025,-0.129108556238343,-1.15572504880901,-1.4256730621112,-0.582557589964142,-1.76308440629893,0.24196184199608,NaN,-0.681433309570861,-0.592686781107314,-0.605666196185581,-1.66972798759675,-1.05622049777619,-0.614437187352055,1.03642080335749,-1.10272411646114,0.181616109308888,-0.263923398149438,-1.47058696920581,-1.56024524262611,-0.258454011730268,-1.51733103567729,0.0891649270844272,NaN,-1.39110500733949,-0.807070635961705,-0.706277668570961,-1.77792002396949,-0.846756782736969,0.0839803104912435,0.768948966727352,-0.43312535524193,-1.41924151415158,0.0483821782986538,-1.47075439938482,-0.00594796714574593,-0.864656926896496,-1.62752531836313,1.0715788445776,0.571913025026777,-1.20449694046073,-0.512974400902641,-0.988678109185703,-2.02066001307672,-1.36229726701495,-0.182583857240205,0.527929145770677,-0.519475689667318,0.447602511501396,-0.588372938541131,-1.66019706828778,-1.48492860712832,-1.18270268236306,-1.80615162971018,0.715801147800281,NaN,-1.29114302935544,-0.74984362946025,-1.2690521080444,-1.8437323783533,-1.71975964237682,-0.655915054418953,0.178993390832329,-0.658376214662855,-1.22578482929627,-0.603321753946578,-1.7868600435565,-1.63729322556057
-2.32271900162827,0.0749391885165098,0.0561602383168417,1.54925753646174,-1.38342782714603,-1.09159869170516,-0.448460184376757,1.07304916549678,-0.00672655439147647,-2.37420495290683,-0.359549962489395,0.427615103706819,-0.232946596096949,1.25889343484828,0.0451014228854805,0.118759323743524,-1.81232829868776,-0.298082731830116,-0.268290315687832,NaN,-1.20456289309404,-1.45925356425181,-0.27356839032984,1.07320608000335,0.576203473967055,-0.860603604023701,-1.18913820836219,2.13874643029481,-1.20651138394396,1.42917347110093,0.103997503519494,-1.4256730621112,-0.159431175272385,0.235681525501515,-1.00492161270597,NaN,0.60634981709679,-0.592686781107314,-0.215586793634679,0.684079265906164,-1.15975754814759,-1.49393701185297,-0.56339816520772,0.7933954085629,0.463170005367514,0.475973924743658,-0.474801961493509,0.884785554512123,-0.616753559583352,-0.138464766793113,-0.427814602429566,NaN,0.0512394516062943,-0.807070635961705,-0.130877357884237,0.114024681317785,-0.957692039790813,-1.48628178930684,-0.289617780157352,1.31849484415533,0.421696887959692,0.328292044923405,-0.490449929055332,0.798019600256305,-0.0237425966754203,-0.0882183069750359,-0.112004155277016,NaN,0.237847518485059,-0.969577928943579,-0.591057781654524,0.266718117786115,-1.02082843846538,-1.94158350624203,-0.652707594885707,0.363530118496987,-0.0368040801187582,0.261001277315806,0.0218199376196171,0.771377672685008,-0.343259009046637,-0.0999889955695366,-1.16910277396282,NaN,0.536622699174976,-0.74984362946025,-0.808498296622886,0.09798201534886,-1.29509625181977,-1.82505962030486,-1.23916886671358,0.172400534728319,-1.06818900682122,0.246718929814729,-0.665646438464094,0.555027220479659
-0.863657616850199,-0.527335740208395,0.826943056196592,0.886208416789942,0.444337901384393,1.66460189127086,0.0222821925368809,1.01023720924516,0.77242202954935,-0.219729160590995,0.965741045416263,0.304665468292906,NaN,0.0184963622318901,1.16105111736386,0.726828650472906,-0.62725657007876,-0.984710050563657,-0.268290315687832,NaN,0.975064886861539,2.05509519730791,-0.127644178540952,0.416446534349981,0.576203473967055,-0.337495739979947,0.892405703684035,0.188600866572869,-1.14022702984504,-0.639989631450508,0.963390658731075,1.02817677704627,-0.806232446594065,-0.897800820428372,1.2550364326757,2.11778772256872,0.60634981709679,1.95461913566842,0.191106722305304,0.59190173224323,1.01643563246252,-0.280066872512035,0.762650973605556,0.610139180224881,-1.197025530146,-0.321923746475562,1.18440636957441,0.910400919220472,-1.12705468081951,-0.646588120804602,0.501965109059297,NaN,-0.374823995050728,1.94912994701432,0.571062632820447,0.712520302302998,0.767721708055568,-0.433160250030235,1.15252640397667,0.0139339564116486,-0.783392403530774,-0.146796605499772,1.1048435136638,0.770184540306038,0.0766818370193641,-1.01050997928555,0.479787344650294,-0.660094233118071,2.13847760716167,1.52389219913005,0.423271736870328,2.94596884353446,0.282628717632104,-0.530385258103313,0.6070414056617,0.628831564204436,-1.68346713136039,-0.781524136090554,0.688769816844649,0.750921930465402,-1.1797376222553,-0.948213136125389,0.256771998691669,NaN,0.151201429590342,1.79746228731549,-0.106248939105298,0.589555708132996,2.63491744345412,0.707608451268855,0.567456069366228,1.20026938873428,-0.0725830422046236,-0.688225077142136,2.12846787298719,0.849314913924503
-1.03807934917598,-0.247987799934635,1.18045664306276,NaN,-0.598287585705303,0.502019476400546,-0.911791639491103,-0.393010367864236,0.235486298025563,-0.0647265598134512,-0.03813527953285,-0.531874540015949,-0.481850726239105,-0.178232869298705,-0.712139314311619,0.532851034121143,-0.831071776555223,-0.478081523969775,0.78253033334809,NaN,0.80295965470269,0.965967511436253,-1.01464885027207,-0.101253845343303,-0.207507697352967,0.593044403228643,-0.0747319607983375,-1.2047812727447,0.591125082389738,0.327518693047453,-0.924367293808202,0.301954424225161,-0.789082571809206,-0.27644264623813,0.24196184199608,1.39190103453073,0.60634981709679,0.865491449796765,-0.627567759692969,-0.179769871027059,0.0824013304619492,0.382340574676772,0.00585258669035899,-1.01494518185711,-0.136362401605246,0.416511075481474,-0.607804029944089,0.485953763685008,-0.936706231672337,-0.0765448919978876,0.305902303393167,NaN,0.0512394516062943,0.786547532144001,-0.608585938574226,-0.555040663384237,0.288251080288489,0.658128493242678,0.23939470432272,-0.491880474596538,-1.69618095092328,0.501350383114487,-0.670454831460055,0.508590586129901,-0.244737701271924,0.73259146980408,0.300796026697854,-0.660094233118071,0.435148237632081,0.945203830001438,-0.420874965401394,0.505175566507358,0.891399555602169,0.66997011189582,-0.36963981960503,-0.340270140716168,-1.17789867736619,0.523580740338943,-0.450934808209977,0.487056794572934,-1.05283848879287,0.534845330223664,-0.851999030749634,-1.29031947236071,-0.27486201706668,0.387171010604518,-0.283060345185823,-0.846648289396458,0.374189476182791,0.28301625384732,0.141394187769101,-0.33096672700061,-0.0382398588324875,0.457294231150718,-0.0987408561566197,0.714903093400491
1.51708531731457,0.956203239589496,0.552255299482471,-1.18501162596061,0.256217350946781,-0.22194702997622,0.525429343911437,0.488031684473902,0.0870794160029006,-0.140843614026866,1.76585059219218,0.194242981970476,-3.13600802200677,-1.17821761292886,0.955446426906838,0.532851034121143,0.675000902474018,0.313927874586992,-0.510582088487704,NaN,-0.66458029123127,-0.0791625857798231,0.407665745622519,-0.106569762818885,0.217155693204088,0.0188962204772087,1.86016335896605,0.451508116732887,-2.41851547438075,-1.07367323776597,0.769261561301816,0.772895143894235,0.334261760414046,0.255441439697335,0.420953159948521,0.943595708305611,-0.681433309570861,-0.592686781107314,-0.180838475285988,-1.36134472207946,-0.815883763150706,-0.20394981829862,0.0546545455622736,-0.158407260676184,-2.49594153283096,-1.15352434396861,0.590299366050243,0.675605294967611,0.339860003665407,0.366627815901732,-0.744918345642755,NaN,-1.11210731606052,-0.807070635961705,0.361336833200101,-0.281615981329745,0.254736831399373,-0.196294595752497,0.873946591200052,0.220198342027385,0.92287624783918,-0.450760470950711,1.01657479880873,0.458521873896191,0.182901534603169,0.0893713665874682,0.300796026697854,NaN,-0.925499249181755,-0.512974400902641,0.119113917439817,-0.656598940343874,-0.587358987845087,0.0459550556708022,-0.0578207822347407,-0.0605655194613206,0.204702075838373,-1.08246707062139,0.454033476015646,0.242698879208034,-0.606775233876436,0.156513817593657,-0.577311274035513,-1.01152314690919,-1.91450719515949,-0.74984362946025,-0.317152995608839,-0.720882047598263,-0.709734657248215,-0.400430286143062,0.0825775542706376,0.30061688485862,-0.309495362153647,-1.58100444209142,0.317669214777241,0.236143999746203
1.41887221474207,-0.885151824698715,-1.56577734000378,NaN,-0.148506401968676,-0.22194702997622,-1.05641735545238,-0.862956228878352,1.0719976404148,0.521563833161941,-0.623885207538268,-0.0387367919203351,-1.04049955625312,-1.22327412324549,-0.720631135650873,0.233728400793265,0.767663537845156,-1.50619320152288,-0.785269845201825,NaN,-0.925565201815067,-0.492210719467826,-1.92075100039949,-0.695946955108607,-0.727253682130432,-0.116717527520434,-0.966504757357567,-0.912252425884938,0.333218201885063,-1.39771309323588,-0.664471464294358,0.951724116542297,-0.481817973170801,-1.27139482643139,-0.413130112778662,NaN,-2.19664212866283,-0.179638647419311,-1.16211802150918,-0.062720438324954,0.0511364299970788,0.382340574676772,0.210753628302047,-1.15145744253876,0.390045151295096,-0.810025948326735,-0.934883670793881,-1.56024524262611,0.135661071174137,-0.973033251873311,0.305902303393167,NaN,-1.11210731606052,-0.350467107920768,-1.47693558019129,-0.412883928208053,-0.359740143686252,0.985280453792882,-0.836493715689755,-0.0316750737570632,0.439669438191482,-1.45448359313563,-0.524072388131315,0.292037312552817,-0.426518654791076,-1.59177761292803,-2.37196220065869,0.37410388413163,-2.17972315768993,-0.0999262672146383,-1.82130522319104,-0.256635221552746,-0.543821269534274,0.615052913760511,-0.908580270484001,-0.509659450051608,-0.429534618881169,-1.46114414779467,-0.659949380777315,0.724122879600962,0.713840673656942,-0.34295595190872,-0.577311274035513,0.342657038881225,-2.65179051616928,0.708334601443829,-0.831226355623689,2.25345347257016,0.771610449610093,0.755283193719759,0.0416205949105805,-0.881079267376521,0.558763851670617,-1.87582950948978,-0.371415546475488,0.301755283874176
-1.02536306216086,0.48915751753311,1.06923482899646,-0.987202485065466,0.0589166317997593,-0.22194702997622,1.35573848855929,-1.69812171229013,-0.502664494277754,0.343180067160032,1.48594896606343,1.47532465536799,0.11972792848091,-0.137705902486763,0.279793253449017,0.929132718416057,-0.53290015409554,-1.40859406759095,1.26880627103295,NaN,0.435082284998768,-0.0791625857798231,-0.821734400767707,-0.692803031125904,-0.35544312909322,-0.261378685766532,0.851691144273302,-0.405722242666046,0.425907539001828,-0.750852057260638,-0.208263702675421,1.04497309973539,0.04008551572277,-0.421396922396669,1.47177380898444,-0.464390401885923,0.418229266659177,-0.179638647419311,1.81563252307807,-0.841517952615585,-0.323702598453511,0.0763250879451206,1.42802840435767,3.33820650747163,0.220193546298424,-0.370220915555089,0.21633068541947,0.638322963379317,-0.378771946027962,-1.21979152297916,1.62626151380521,NaN,1.41188693842013,0.439664428075107,-0.809554741087422,0.123606373187262,-0.404107201550882,-0.351297196530041,0.929892952972047,-0.278787565708836,0.0185653122988617,-0.564836985281756,0.17448144983471,0.823634964964654,0.157505260532379,1.0031687059285,0.796891087863484,NaN,0.975130839494851,0.624040239162128,3.80339170003489,-0.412948899607179,6.25690904904529,0.25269364978108,0.681045982470529,4.43066951233654,0.864010332229263,0.294851564810118,1.18150293983812,0.750921930465402,0.199851770559013,-1.11332841742362,0.848563498618979,NaN,1.21216646094695,0.708334601443829,4.7837450936661,0.203801797753939,1.35443340620577,-0.0318999981939348,0.680334638648072,3.55680311144285,-0.532920569951129,-0.532751980747984,0.0270232865417541,0.779902511627396
0.074223215091021,1.24906192652107,-1.56577734000378,NaN,-0.148506401968676,0.823183067239856,1.24123866650716,-0.409240298553656,2.35239322086758,1.07302652531406,1.14250146112353,3.14553421739931,0.0022084941712505,-1.53328468020536,-1.02151804411433,0.781638562473512,0.70927426252079,2.11789211100115,NaN,NaN,-0.188281880805276,0.644803920596943,2.22704052714729,-0.36594140774426,1.25903536169932,1.00527054068166,1.71358028898108,0.113647958236689,0.0648641821749442,-2.07981097561834,-2.01058268330947,1.00314913664809,-0.344211677289678,-0.359481885229556,-1.00492161270597,NaN,-0.205134899144867,0.865491449796765,0.613798836111215,0.0123489443223021,1.17713383647702,1.29956506242731,1.73606360673124,0.480282789945583,0.109180017666374,-1.24146754122032,-1.98461699450384,0.551652440479744,0.0487686051069972,-0.164814756733167,-4.43075116367892,NaN,0.248540170753316,1.40670727285909,0.856648890728015,0.142691786334955,1.36209375917264,1.34430005050392,1.72470607944931,0.427770435515706,0.105343810470691,-1.60856067721674,-1.86066260466077,0.813297664252052,-0.286030244636669,-0.0893924834262253,-0.628983684791009,NaN,3.2381401833917,0.945203830001438,0.672479115199946,0.132438470748985,0.937523837324034,1.58532386778195,1.28950304765427,1.19044323808679,-0.122965456248555,-1.79071119463402,-1.69410014355387,0.943893591630958,-0.328979314947493,0.0442449564443761,NaN,NaN,-0.50600278791472,0.708334601443829,0.0825905482258241,-0.261128513161407,0.702076924489717,1.50524522226957,0.772117446862507,0.301900828346656,-0.886162141883191,-1.66859915232047,-1.95848774997924,0.791528973198708
0.281449329535259,1.0299559519476,0.694180705377894,NaN,0.624094720650703,-0.634995163664223,1.41805007258769,0.826242061585419,-0.983263337185462,-0.981951047563988,-0.582183413494014,-0.628275749416209,0.309617354850429,-1.07166182287647,0.0726842308110233,0.942242301556556,-0.432420457080892,0.456307371258031,0.488157235374903,NaN,0.237781565851747,-0.492210719467826,1.04516346895514,-0.426596754319119,-0.727253682130432,-0.764182687407184,-0.315212821993898,-0.0798767407170611,0.382344396848365,-0.918044799525283,0.334945150031342,1.03463579902279,-0.212403304398781,1.01175308264655,0.585609211083945,NaN,0.0135055137437198,-0.592686781107314,1.34271746366443,-0.538266238840947,-0.909064193025065,-0.904081928737054,-0.523159897789712,-0.561764784734967,-0.00132122309395787,-0.905560221622418,0.0921971226041629,1.02210461207273,0.24263251170694,1.0840323456089,0.0891649270844272,NaN,0.0512394516062943,-0.807070635961705,1.91399296446936,-0.540563579369525,-0.590542685251942,-1.00225810811995,-0.971552337352773,-0.600508499409451,-1.96373897777082,-1.2966916801835,0.2983855182095,0.855204726231058,-0.0263181277073938,0.868279815059602,0.938816493758906,NaN,-0.188215928171963,-0.512974400902641,1.42347773482597,-0.378246525145931,-0.676954653468503,-0.438068625516096,0.0464940955931969,-0.145363183312782,0.140994126680983,-0.940809578761718,0.536014105742099,0.960102190009914,-1.02423581228001,0.657094833566704,0.421428049827094,NaN,-1.29114302935544,-0.74984362946025,0.969357397400978,-1.00637050930783,0.116715329918163,-0.945559795803952,-1.06240845100631,0.613930566295281,-0.303900117827116,-1.15238508110798,0.491471656644133,0.737531928622106
-0.0124809852528857,0.0744702369741112,1.48203501097133,NaN,-0.598287585705303,-0.634995163664223,-0.245228567708891,0.789801541283443,-0.752460795619771,-0.567530561454103,-0.912060665901138,-0.575566613301246,-0.646544807288309,-0.155546401087041,-0.287718908437059,-1.57268203665698,-0.0743284047861406,-0.0488766679646883,0.488157235374903,NaN,-0.188281880805276,-0.492210719467826,-0.526942738537299,0.34231511994704,-1.16990326331652,-0.187842373633069,-0.838965329562503,-0.301449594892213,NaN,-0.0605513591681058,-0.800822149916168,-1.4256730621112,-0.420433174084568,0.0949963124657654,0.24196184199608,-0.0796006327513832,-1.52109836689086,-0.592686781107314,-0.499971923487411,-0.556284102720352,-0.957090639092981,-1.36243532852251,-1.35821129168499,-0.461732264167712,-1.50577644928759,0.0567557307833718,-0.702078990558833,0.411740159075143,-0.186271330547841,-0.0698542207422337,1.13998557612035,NaN,-1.39110500733949,-0.807070635961705,-0.205397480700126,-0.835783871767389,-0.793209594306547,-0.699098597393149,-0.459806986156184,-0.137412230218125,NaN,-0.248335530370227,-0.55800120640744,-1.64701119688193,-0.525866604396058,-0.226967213347426,1.0715788445776,NaN,-1.50417939591796,-0.512974400902641,-0.284074540434283,-0.498254532821226,-1.42441295111325,-0.727713366901095,-1.49433019848942,-1.06000392992599,-2.33299862490677,0.146809613707737,-0.899695754315856,-1.48492860712832,-0.210006641652773,-0.0571272045009289,0.848563498618979,NaN,-1.59082548481268,-0.74984362946025,-0.72034145348294,0.0450654680429389,-1.35122427166359,-1.27993011064397,-1.17717144627677,-1.07118724567556,-0.717498329018477,0.49020876173521,-0.834932955219358,-1.63729322556057
1.24422599130329,-0.718002828807992,-0.139902567349289,1.382262348928,0.444337901384393,-1.60203800844821,-0.777889141153777,2.43363147782368,0.74947405956799,1.54817856443116,0.0358692972759794,-0.628275749416209,-0.210683290152384,1.87268019982861,-0.505903773882901,-0.144803173313387,1.23432390610289,0.10668586427479,NaN,NaN,0.623202835436381,-1.45925356425181,-1.28894058697605,1.05795845181926,0.217155693204088,1.20441153170977,-2.95552487702399,-1.37576398096595,-1.56046338533873,0.900828199514152,-0.969503143937604,0.00220580123239674,0.816140712385579,0.418047776017828,-0.413130112778662,-0.310957712092038,-0.436275669992907,-1.04929030914825,-0.76486341746196,1.18968744281268,0.373931337084775,1.14456246164976,-0.484285905316698,-0.774118876202167,-0.295137158989752,1.52183544526283,-0.728210059505067,-1.56024524262611,0.505415383890956,-0.223165482896071,-2.17079311829725,0.489313803032213,1.6908846296991,-0.807070635961705,-1.22607799650664,0.62027278384037,0.628206949959082,1.15221768419589,-1.40120318261842,-1.18891874504371,-2.1605741846127,1.11720847525022,-0.72352454745741,0.507803798908068,1.17181165239916,-0.20657820674257,-0.946087428004198,-0.983267009670851,0.803025607336003,-0.969577928943579,-1.0166919550854,1.36821384068337,0.540102863896732,1.28038566612947,-0.607734263797719,-1.16020188934506,-1.14273603822938,1.26792301463047,-0.800150865307139,-1.48492860712832,0.971965577949217,-0.244731651048269,-2.00318604669,NaN,0.716379518441286,-0.74984362946025,-1.21168675449699,1.2500069468881,0.234674718086305,1.06253923722662,-2.03398199319085,-1.65227678155614,-1.03481722063237,1.17920107663326,-1.20806573150961,0.291576037332282
-1.54635094692673,0.694446584958025,-0.139902567349289,NaN,-1.38342782714603,2.14662323563156,-0.0111790760796406,-1.46360291169632,0.177253262121351,-1.0992289850919,0.310695676403321,-0.949126861543635,-0.548705999527094,-0.027109832989148,-0.695213548608232,0.736475157066044,-1.27309719229963,1.08146119402206,-1.10237358841501,-0.425619271368965,-0.66458029123127,2.05509519730791,0.0642841568384353,-1.28338909232657,0.676399572134336,-0.583318516947081,0.420783670984903,-0.983744801416078,-1.38798362794274,-0.192332356963711,-0.5653881361137,0.57681875050968,-1.02072236262987,1.2924550005636,0.0458990363299497,NaN,-0.942418220154658,2.41122266370936,-0.694911835300838,-0.954320338856205,0.866112501781971,-1.00991333066607,1.00556675477931,-0.320011885448491,-1.447102226644,-0.448266848431927,-0.532406722011712,0.501582442119332,-1.22853188716002,1.22787092774422,-1.57900161836994,NaN,-1.11210731606052,2.65344233689591,-0.449388717297847,-1.57829328885552,0.873612674860043,-0.518234426933046,0.84491534547921,-0.887347751915305,-0.833167625368555,-0.3209990565185,-0.399523585611818,-0.219132333538339,-1.68281801901362,0.713240236399966,-0.946087428004198,NaN,-1.50417939591796,2.26864399839315,-0.682563758035753,-1.07974661998945,0.697187102698553,-1.31756845001701,1.00373403919036,-0.708680483984851,0.385877872232573,0.161450439243522,-0.608705516418101,0.348280881186361,-1.4267187993793,0.968927439980384,-0.118282124926902,-0.428924236879505,-0.50600278791472,2.03177476983554,-0.200541125547258,-1.16001130106629,0.427736664613213,-0.321544739578933,0.692217366290544,-0.377530440074787,-0.724042272848414,-0.0232485156256327,-0.55156471815217,0.424534459184873
0.0916193846892628,-2.19690301146959,-0.5989317164579,-1.18501162596061,-0.148506401968676,-1.09159869170516,-1.53650494486835,-1.095667262567,-0.349875296545991,-0.0647265598134512,0.212629712983251,-1.09882119691014,-0.180374181187562,-1.17537105942327,-1.88948088570406,0.711134818628183,0.0190346162647107,-2.27047908782279,NaN,-0.776861102057997,0.0303585320833108,-1.45925356425181,-0.844751996964282,-1.37756929952025,-0.554641385068525,-0.337495739979947,1.03042348300481,-0.129621893368052,-1.20651138394396,-1.55399107370745,-1.32168240839709,1.06317190184987,0.548338669105657,-2.04002841105851,-0.413130112778662,-0.940995868232588,0.220928547512155,-1.04929030914825,-1.25323935566088,-0.0810832933183266,-0.398844602354709,-0.803174736555789,0.366473582932563,-0.905660075967941,-0.105440973586656,-1.61909784002008,-1.72444591924619,0.594569753163886,0.149495864670372,-2.0391624063307,NaN,-1.23066440902931,0.248540170753316,-1.31750995270475,-1.43889508322208,-1.04955833721045,0.00557735852674642,-0.518234426933046,0.311840242202054,-0.883992737448278,-0.679264943609449,-1.47303284386628,-1.80069895713471,0.764918407974226,0.792217075489629,-1.41987693669891,-1.32114155162277,NaN,0.237847518485059,-1.48001724568663,-1.53649228302108,-0.540189188519147,-0.417887891680432,-0.727713366901095,2.34691422358961,-0.745660595666787,-0.473233993270303,-1.67444554778015,-1.03987524471066,0.908983917867789,0.440882991725421,-1.90847323915139,NaN,NaN,0.536622699174976,-1.71688647424424,-1.80838621397453,-1.1977679020965,-0.543292430316998,-0.844652603622687,0.318154603476373,-1.01563413110019,-1.35774609921763,-1.43877213159481,-2.0175010618809,0.717027373569918
0.303269346878875,2.15944092177749,0.0561602383168417,-0.468911750476679,1.11988166315636,0.502019476400546,1.44841812972122,0.409436015650196,-0.842056461243186,-0.140843614026866,-0.262590292407431,0.944410586477273,0.18256228546914,1.80896047157636,1.66404256710311,-1.57268203665698,0.375780490512418,1.84637875511072,0.488157235374903,1.12236073583598,0.80295965470269,0.297920816528049,1.04516346895514,0.800443523013541,0.576203473967055,0.0836506847355062,0.123954036026552,1.83380289781321,1.11845544775892,1.6790284981263,2.15558632879017,-1.4256730621112,0.594751708864412,1.88277027848871,-1.37997573632454,-0.464390401885923,1.43451027894794,0.865491449796765,1.52566846765333,0.314051401422402,0.261658996118043,0.00957786887296289,-0.839932173773512,1.6576601643326,0.921411123965848,2.14305065652914,1.96900797665207,-1.56024524262611,-0.124601284834109,1.90220616869682,0.998060170224927,NaN,0.95360130868931,0.786547532144001,1.48412360867385,0.510571689607621,-0.404107201550882,0.211612031220986,-0.506616463282631,0.780780293406229,0.886824526123126,1.87404084066861,1.87085980449049,-0.0776668444597166,0.604357216537252,2.00582340115039,-0.628983684791009,NaN,1.14020937556808,0.624040239162128,1.1216349149003,-0.0488503033432985,-0.222041485632089,-0.34952108764321,-0.44364439641386,0.653022058919142,-0.0613435865131975,1.95003353894178,1.57435431538513,-1.48492860712832,0.435104255507272,2.28149824120777,0.848563498618979,-0.813714006014044,1.65375339146474,1.00733075131961,2.02105465148121,0.0740277078658906,0.581365970600175,-0.400430286143062,1.56140442791644,-0.408730373196214,0.671280915599501,2.59997518183153,1.67176837305303,-1.63729322556057
2.10762770576192,0.522065600704662,-0.139902567349289,-0.203731639131031,0.0589166317997593,0.155136372331652,-0.0111790760796406,0.877384856928104,-0.241520870905546,0.521563833161941,1.0176355550712,0.239013777414643,0.748025791140562,0.40548810789917,1.07282085066921,-1.57268203665698,0.85912824014583,0.138720618353037,0.144509866287038,NaN,-0.66458029123127,0.644803920596943,0.119459646020898,-0.0985988971308011,-0.433090322923785,0.436172682591949,1.12129659426078,-0.160315733972781,0.704921661239875,0.448589733920306,0.96879118475888,-1.4256730621112,1.27529197174481,1.0071870869932,-0.413130112778662,NaN,0.60634981709679,0.544327858957455,0.273250725066526,1.65259881941655,2.35527372373425,0.265062637148855,2.45097665263654,0.296506984440928,0.58861497748992,0.239671937599984,1.99012920198982,0.24616519482413,1.7425134618003,0.124354878460211,1.39745898582259,NaN,1.82348216721124,0.439664428075107,-0.283123738311072,0.700359556787292,-0.109943842344235,0.148734774749541,1.35783616879924,-0.0597507472120756,0.886824526123126,0.409153469434357,0.885906583172537,-1.64701119688193,1.56412897532383,-0.168529918031427,-0.112004155277016,NaN,0.0304244847166235,0.624040239162128,-0.284074540434283,0.198998415109828,-0.259915492672506,0.0459550556708022,0.97081293721102,-0.0489761677703575,0.379748140858071,0.623329770100055,0.971131550645171,0.0844157452938923,1.40074799862207,0.0115647518003569,1.09085527141885,NaN,0.348502148737364,0.708334601443829,-0.249599076569301,1.00604298558594,0.176441682182094,0.0996016851365205,0.783090477546514,0.0207550861046108,0.385853550839516,0.815110466723045,1.21158801629452,-1.63729322556057
1.36391707699344,-0.505770662522048,0.0561602383168417,-0.602412715930926,-1.38342782714603,-1.09159869170516,0.435389377238503,0.125460497829178,0.147581521850119,0.404285895634024,-1.22387970327143,0.184101919501534,1.22971735453241,-0.85024228452384,1.32166521308381,0.758373353401294,1.45381728541756,-0.649473357532589,-0.510582088487704,-1.05565742750951,-0.925565201815067,-0.492210719467826,0.146428159599657,0.37029785705596,0.333639970422174,0.207633769680943,-1.69577587647658,0.275206837732039,0.933293907383638,-0.491376442446988,1.01171571822019,1.03096083851273,1.48051594411074,-0.194573241558397,0.420953159948521,-0.310957712092038,-0.681433309570861,-1.04929030914825,-0.0804317081647965,0.266722574718694,0.401173754214529,0.203956808674863,-1.27909903179396,0.52507369181778,1.56871241278011,-0.636791972274355,1.23634113115638,0.896388657997808,1.56638798077425,-0.193563293629777,0.305902303393167,0.366200893910441,-1.11210731606052,-0.350467107920768,-0.205397480700126,0.41499751480038,0.924805946857388,0.896732915919996,-0.506616463282631,0.710029463271888,1.70053838734507,-0.652363273451003,1.51728813198737,0.614423953783072,1.89681193345437,0.0561300033262643,0.300796026697854,NaN,-1.50417939591796,-1.48001724568663,-0.139448824473001,0.652036470012585,-0.818161529410778,0.185946430708922,-1.82420745089654,0.395830868270776,1.2039722972329,-0.837872095478465,1.32048088841395,0.875681868271058,2.46623080621565,-0.0112963860436626,0.421428049827094,0.786513632930137,-0.27486201706668,-0.74984362946025,-0.479069339845865,1.16820444556893,0.319382238972767,0.28301625384732,-0.000853629581206137,0.241620898537565,0.978371960931106,-0.188440708742559,1.49538710809675,0.624141925104431
0.730437592794655,-0.437110269315661,-0.5989317164579,-0.357164328924916,0.0589166317997593,-1.60203800844821,-0.385055192226433,-0.297173070104481,0.401928524956779,-1.22321207003734,-1.37699653997128,0.426387031486715,1.11727016550824,0.223376908105708,0.286286127009468,0.598264064462868,0.88566465761786,-0.31047280874717,0.144509866287038,-0.300255635711332,0.435082284998768,-0.948814247508763,0.396046047272482,0.439295729364727,0.626840253281717,-1.691357254359,-0.838965329562503,-0.145352110646758,1.62773535743399,0.348418231642821,0.57046316347386,0.835762088553808,0.713327589265611,-0.0752826855429923,0.0458990363299497,-0.940995868232588,-0.205134899144867,-1.5597296258913,-0.0481655495489201,-0.0968995661904284,0.632998098872847,-1.36243532852251,-0.183439898630416,-0.0935872765342641,0.753186732596588,0.00888170521790947,0.310096914283514,0.738007507791827,-0.138527216220516,0.226949737741025,0.305902303393167,NaN,-1.11210731606052,-1.31750995270475,0.186343060105287,-0.807614332018943,0.794649176890299,-1.77592653069184,-0.329856047575359,-0.34406805235177,0.44920507326311,-0.10067208313607,0.0390606336255151,0.898172149730926,0.369167159312953,-0.246903161104629,-1.32114155162277,NaN,-0.925499249181755,-0.969577928943579,-0.461941661921033,-0.453872638592509,0.567030332731463,-1.45755982505513,-0.203163535218299,-0.328361606365335,0.466673843671584,-0.0338557109948036,-0.0577949172738179,0.950376715176708,1.60267156208524,-0.137602463440433,-1.16910277396282,-0.534917680562527,1.36478316102613,-1.20644715750119,-0.184480069871772,0.36896753521017,0.630403573667817,-1.27993011064397,-0.214252080687714,-0.202414841647023,1.54324052012963,0.038101269002115,0.50358113737638,0.819340675063349
0.15792658904469,0.175753076499945,-0.139902567349289,NaN,0.796199952809551,-0.634995163664223,-0.188463997829969,-0.0146946592405157,-0.842056461243186,-1.49470512840592,0.577791994194872,-0.113635629989758,0.156160548546641,0.257546831635247,-0.546247202571229,0.726828650472906,-0.0868315330161446,0.128425477403187,0.488157235374903,NaN,0.80295965470269,-0.492210719467826,-0.021772910508717,0.518118597853952,-0.913689165831492,-0.337495739979947,0.123954036026552,1.16917951637816,0.456095636392668,0.600049130027862,-0.75767378712451,0.686224620994662,-0.158462262746653,0.223653339262274,-0.17083833997879,NaN,0.786106636363099,-0.592686781107314,0.134193139448165,0.339813265657625,-0.770655155391921,-0.130413506165157,-0.0451190472962473,1.59885072252494,0.324358493896643,0.355395650974245,-0.474801961493509,0.723571612659048,-0.217467944316405,0.392451408199378,0.305902303393167,NaN,0.95360130868931,-0.350467107920768,0.201590887862305,0.595259195925292,-0.495460091031532,-0.606781964805932,-0.459806986156184,1.13002911528106,-0.227815917799163,0.409006508844773,-0.549489975173956,0.414816487863514,NaN,NaN,NaN,NaN,NaN,NaN,NaN,NaN,NaN,NaN,NaN,NaN,NaN,NaN,NaN,NaN,NaN,NaN,NaN,NaN,NaN,NaN,NaN,NaN,NaN,NaN,NaN,NaN,NaN,NaN,NaN,NaN
0.0225479748395181,-0.46068814169713,-0.5989317164579,-0.510597018718801,0.961278488882775,-0.634995163664223,-0.0800200448513483,-0.0487882104914226,-0.935236891117545,0.00880975232001214,1.2384768625133,-1.2758994540118,-0.787488817503911,-1.09916096556625,-0.948502723475138,0.0624837355133888,-1.75844364683366,-1.65214576873823,-2.52824836106951,NaN,-2.56521037990788,-2.03794193338042,-0.450853312080169,-0.473522938468954,-1.16990326331652,-0.860603604023701,-1.11002594847116,-1.12542965281522,NaN,-0.166913156243549,-0.445130255990504,-1.4256730621112,-1.2110311143164,-1.73559601639258,0.0458990363299497,NaN,-0.942418220154658,-1.5597296258913,-0.0322460028108396,-0.204199385461896,-1.44072427084994,-0.525889649479169,-1.9999075814624,-1.29821561802979,-0.733376924911343,-0.473703315089815,-0.565728304937023,-0.456553446176104,-0.518043263062315,-1.72605848837278,0.680956427011737,NaN,-0.374823995050728,-1.31750995270475,-0.493460581855521,0.291756911752736,-0.957692039790813,0.0172330914190858,-1.76636546383004,-1.08506840338415,0.199844880058968,-0.563076256778025,-0.294851598493868,-1.64701119688193,NaN,NaN,NaN,NaN,NaN,NaN,NaN,NaN,NaN,NaN,NaN,NaN,NaN,NaN,NaN,NaN,NaN,NaN,NaN,NaN,NaN,NaN,NaN,NaN,NaN,NaN,NaN,NaN,NaN,NaN,NaN,NaN
-0.311684921513863,-0.737105393952113,0.0561602383168417,NaN,0.961278488882775,1.91231075311151,0.422152271394976,-0.813945278851289,1.03148879133742,1.51232463304594,0.592587979560555,-0.161813749303252,0.809023495232121,-2.00459567282495,0.147500048896153,0.628283428131206,-0.978193937488123,1.02779817790636,0.144509866287038,NaN,0.80295965470269,2.51169872534885,0.782840357596918,0.0849561762978035,2.01806966769768,1.27921596048989,0.571383112697801,2.8480543693501,0.519968505668477,-1.88805340634427,1.244358735571,0.816842043426638,-0.0926276218485376,0.654664513025649,-0.413130112778662,NaN,0.786106636363099,1.95461913566842,0.679114027050669,0.360751672650634,2.25970338998483,2.93017733367648,0.696350835339687,0.471987086549971,1.40815776299202,-1.70464811208357,1.6183389179464,0.536915077467326,NaN,NaN,NaN,NaN,NaN,NaN,NaN,NaN,NaN,NaN,NaN,NaN,NaN,NaN,NaN,NaN,NaN,NaN,NaN,NaN,NaN,NaN,NaN,NaN,NaN,NaN,NaN,NaN,NaN,NaN,NaN,NaN,NaN,NaN,NaN,NaN,NaN,NaN,NaN,NaN,NaN,NaN,NaN,NaN,NaN,NaN,NaN,NaN
