0.57936952540726,0.407501228777468,0.143223085970162,0.22059829090666,0.122997049120162,-0.0163127459930818,0.366089338267597,0.250044370588743,0.282789665934167,0.0599458622484064,0.0997153238444139,0.204878530545005,0.096233968501802,0.625993070834325,0.236265285995511,-0.383867588660601,0.565358975783058,0.39764686824013,0.139759607023965,0.215263693268669,0.120022684427582,-0.0159182645313888,0.357236416918163,0.24399769586949,0.275951131157943,0.0584962270139566,0.0973039673064023,0.199924074548866,0.0939067995153411,0.610855051662251,0.230551822706965,-0.374584746425723,0.419267768288681,0.294893195572076,0.103645119373369,0.159638622780026,0.0890083030419218,-0.0118049160462347,0.264924979859515,0.180947634683059,0.204644163926255,0.0433805486496082,0.072160200802834,0.148262827961977,0.0696408758796069,0.453007461150798,0.170976233369874,-0.277790425899524,0.468217459959711,0.329322102564037,0.115745731488728,0.178276500420289,0.0994000605763664,-0.0131831450549281,0.295855084820859,0.202073348597322,0.228536457787415,0.0484452462999565,0.0805849351787574,0.165572576680883,0.0777714779908097,0.505896276426337,0.190937781906481,-0.31022257720094,0.466563233318907,0.328158597479212,0.115336798270807,0.177646644078643,0.09904887711491,-0.0131365685992758,0.294809819735763,0.201359417261496,0.227729031475505,0.0482740877595283,0.0803002261321711,0.164987603691291,0.0774967089747243,0.504108929371787,0.190263192869171,-0.309126551324783,0.484380611216535,0.340690501675885,0.119741344479207,0.184430713554669,0.102831411073572,-0.0136382352337133,0.306068182142072,0.209049043392284,0.236425675193435,0.0501176056427449,0.083366776113155,0.171288242647517,0.0804561966733218,0.523360123325268,0.197529070172114,-0.32093164909034
1.1195909893249,0.787467555455865,0.276768572531982,0.42629073143942,0.23768317432935,-0.0315232379752149,0.707441980356502,0.483193216014925,0.546471203557933,0.115841176101643,0.192692872472615,0.395913396623814,0.185965397344394,1.20968772217227,0.456566101064609,-0.741797202840767,1.09251658442983,0.768424694588429,0.270075642286552,0.415981995502764,0.23193542308814,-0.0307609302068579,0.690334330510644,0.471508441041136,0.53325621453989,0.113039857642311,0.18803309501865,0.386339257759011,0.181468306431567,1.18043456142073,0.445525233819827,-0.723858761024746,0.810205568130987,0.569860426027141,0.200286926821633,0.308490446554156,0.172002305421202,-0.0228121726385434,0.511948950178729,0.3496686181214,0.395460499564089,0.0838298689354285,0.139444529033415,0.286507520604186,0.134576110244484,0.875405159159636,0.330399584160151,-0.536810522678446,0.904797415513008,0.636391875042187,0.223670511383055,0.344506838426873,0.192083648309637,-0.0254755035727595,0.571719209564139,0.390492579176028,0.441630682406298,0.0936170420681524,0.15572473757236,0.319957396449042,0.150287928802925,0.97760908674271,0.368973877239939,-0.59948338131036,0.901600738504421,0.634143483036949,0.222880276608974,0.343289685204705,0.191405010891195,-0.0253854978376005,0.569699308068791,0.389112956921947,0.440070387665697,0.0932862901883833,0.155174557300256,0.318826977158027,0.149756956942887,0.974155163867383,0.367670281219526,-0.59736538814503,0.936031572148214,0.658360509308422,0.231391753362127,0.356399423848576,0.198714492579858,-0.0263549334377323,0.591455304116042,0.403972620314247,0.456876041945008,0.0968487592520742,0.161100450148367,0.331002520214803,0.155475959436224,1.01135674651693,0.381711079710259,-0.620177911943424
0.236228689416786,0.166152130873926,0.0583969304722686,0.0899454370021137,0.0501500863293835,-0.00665126216990074,0.149267092582445,0.101951606651564,0.115302978901558,0.0244419698549833,0.040657333935502,0.0835359552718324,0.0392378667838578,0.25523869693221,0.0963334045334347,-0.156515890812747,0.2305161111216,0.16213417243343,0.0569847521363307,0.0877703398433483,0.0489373365343682,-0.00649041864153348,0.145657455008884,0.0994861714127068,0.112514675345925,0.0238509041938653,0.0396741417417278,0.0815158548084565,0.0382890007223634,0.24906641089961,0.0940038309443937,-0.152730959850652,0.170949749812807,0.120238000193316,0.0422596454254418,0.0650901039593302,0.0362917168624379,-0.00481326635935323,0.108018937899763,0.0737785139185557,0.0834403960186053,0.0176877272695256,0.0294221717162689,0.0604518049410083,0.0283949571343306,0.184706571800536,0.0697128339672209,-0.113264618460295,0.190908206382774,0.134275838257108,0.0471934771438823,0.0726894014981068,0.0405287903629354,-0.00537521727006254,0.120630195202959,0.0823921870444457,0.0931820980213386,0.0197527770102641,0.0328572228762517,0.0675095790811425,0.0317100805515464,0.20627114323457,0.0778518372159981,-0.126488311217547,0.190233721836696,0.133801437603873,0.0470267411422596,0.0724325876140781,0.040385600904038,-0.00535622646265221,0.120204005024986,0.0821010929216106,0.0928528828122215,0.0196829898434996,0.0327411373004823,0.0672710656685177,0.0315980478647796,0.205542380961593,0.0775767842883065,-0.126041424136095,0.197498473683355,0.138911121794107,0.0488226246546941,0.0751986838116774,0.0419278688358923,-0.0055607730367821,0.124794422849176,0.0852364154115264,0.0963988006724458,0.0204346548765587,0.0339914741775033,0.0698400507770654,0.0328047318026228,0.213391748451439,0.0805393299477986,-0.130854764588605
0.102876342673959,0.0723583727022949,0.0254315538269484,0.0391707612730418,0.0218400968954607,-0.00289658943583178,0.0650050279852505,0.044399384545295,0.0502138364230458,0.0106443483754483,0.0177060535216307,0.0363794659376834,0.0170878830975916,0.111155100229697,0.0419526872887377,-0.0681618412095715,0.100388545092309,0.0706085730890699,0.0248165576435324,0.038223517984317,0.0213119507850209,-0.00282654293139555,0.0634330499462438,0.0433257005609353,0.0489995449973239,0.010386942411566,0.0172778785303086,0.0354997228886102,0.0166746569550135,0.108467102363989,0.0409381703330619,-0.0665135238285833,0.0744477103318351,0.05236301204929,0.018403851686267,0.0283463954193527,0.0158048504158579,-0.00209615199825376,0.0470416751584596,0.0321301519243897,0.036337850389187,0.00770291151424363,0.0128131999003499,0.0263264407711208,0.012365853392218,0.0804387334222494,0.0303595698460283,-0.0493261412503461,0.0831395124258332,0.058476416151974,0.020552509259634,0.0316558492355283,0.0176500734768167,-0.00234087864258643,0.0525338108980948,0.0358813609344735,0.040580309998708,0.00860222973546172,0.0143091464812221,0.0294000640162416,0.0138095720765063,0.0898299900301655,0.0339040626394856,-0.0550849893854683,0.082845777979514,0.0582698171809197,0.020479896614314,0.0315440081496637,0.0175877152261013,-0.00233260824657473,0.0523482073335928,0.0357545909862293,0.0404369385193579,0.00857183779407632,0.0142585918280094,0.0292961926887153,0.0137607824349816,0.0895126179213512,0.0337842785467383,-0.0548903724291555,0.0860095389192343,0.0604950575740659,0.0212619943691797,0.0327486283886191,0.0182593647393091,-0.00242168719589678,0.0543473099754601,0.0371200073192847,0.0419811669608006,0.00889918393356484,0.014803106913522,0.0304149720927061,0.0142862868967605,0.0929309758763179,0.0350744514855359,-0.0569865566945867
0.520396110202841,0.366022106892154,0.128644558544441,0.198143822674354,0.110477308732397,-0.0146522887194653,0.328825489202719,0.224592616846791,0.254004802986929,0.0538440359197311,0.0895654058086214,0.184024160201987,0.0864384139682142,0.562273893931723,0.212216090795591,-0.344794110169154,0.507811679702958,0.357170811359199,0.125533623480842,0.193352228124474,0.107805701496488,-0.0142979611112469,0.320873697415019,0.219161426793518,0.247862355479818,0.052541957532556,0.0873994987188218,0.179574013075679,0.0843481250675551,0.548676757824528,0.207084194931625,-0.336456158691189,0.376590942710501,0.264876327061077,0.0930951915800135,0.143389175111459,0.0799482414029494,-0.0106033060461945,0.237958544536057,0.162529165083851,0.183813649515093,0.0389648881857436,0.0648150897872203,0.133171310494542,0.0625522043006858,0.406896307688996,0.153572742232639,-0.249514430342337,0.42055809670143,0.295800751787347,0.103964095103166,0.160129922770927,0.0892822328573578,-0.011841246572301,0.265740306613955,0.181504514777144,0.205273971889541,0.0435140555841186,0.0723822793035154,0.148719118079996,0.0698552009664195,0.454401626031862,0.171502425718793,-0.278645347041664,0.419072252052174,0.294755678662525,0.103596786767801,0.159564178844461,0.0889667959914284,-0.0117994110851282,0.264801437963533,0.180863253761811,0.204548732653498,0.0433603190916716,0.0721265504916161,0.148193688876339,0.0696084003997612,0.452796211155896,0.17089650239075,-0.277660884487764,0.435076017775651,0.306011973499225,0.107552998845833,0.16565770501705,0.0923643097930291,-0.0122500135999849,0.274913823490505,0.18777016092881,0.212360154145592,0.0450161872266773,0.0748809595722885,0.153852992413762,0.0722666449552729,0.470087846305518,0.177422793677826,-0.288264353756262
1.32492365953627,0.931888882001259,0.32752785031328,0.504472330797945,0.281274201154948,-0.0373045908879088,0.83718663910354,0.571810714921546,0.646693867450423,0.137086414975635,0.228032690685477,0.468523801384431,0.220071398524939,1.43154410765936,0.54030019463401,-0.877842599657031,1.29288381645484,0.90935356584644,0.319607438557248,0.492272975611438,0.274472313964698,-0.0364024760908314,0.816941451123325,0.557982955528391,0.631055253190876,0.133771335504601,0.222518311366781,0.45719376816461,0.214749542412929,1.39692592551473,0.527234435464912,-0.856614252694723,0.958797039758289,0.674372666693259,0.237019492450366,0.365067507042878,0.203547479499409,-0.0269959186367309,0.605840242583191,0.413797743607914,0.467987843132278,0.0992042431453887,0.165018616147195,0.339052918702441,0.159257330731818,1.0359542173076,0.390994774277961,-0.635261420434947,1.07073700514802,0.753105964606292,0.264691619794724,0.407689294979976,0.22731173498363,-0.03014770370964,0.676572350604264,0.462108807552683,0.522625624425646,0.110786381057505,0.184284610319262,0.378637492299379,0.177850692362007,1.15690231625041,0.436643581778738,-0.709428463581895,1.06695405848182,0.750445218144365,0.263756456186986,0.406248916201737,0.226508635654934,-0.0300411909481555,0.674181999747,0.460476162968114,0.52077917207172,0.110394969376703,0.183633527141145,0.377299754430691,0.177222340413286,1.1528149448984,0.43510090661755,-0.706922031070167,1.10769949726007,0.779103640172246,0.273828935364981,0.421762977198311,0.235158674214191,-0.0311884207626665,0.699928039304858,0.478061084416146,0.540666978584054,0.114610794257266,0.190646227058525,0.391708288634197,0.183990206343449,1.19683928726497,0.451716783573089,-0.733918365269365
-1.12417833673365,-0.790694079502982,-0.277902588084209,-0.428037390443366,-0.238657043630067,0.0316523994684921,-0.710340612237581,-0.48517302397028,-0.548710283082061,-0.116315817041132,-0.193482401110885,-0.397535589291858,-0.186727361214913,-1.21464422672671,-0.45843680861818,0.744836599824767,-1.09699299873682,-0.771573193518081,-0.271182234613234,-0.417686416087915,-0.232885741885133,0.0308869682643455,-0.693162866496046,-0.473440372474879,-0.535441147731825,-0.113503020621457,-0.188803530954109,-0.387922221903843,-0.182211844181706,-1.1852712057651,-0.447350703162097,0.726824658074067,-0.813525257597011,-0.572195339199548,-0.201107570899266,-0.309754437479518,-0.172707057725923,0.0229056419161984,-0.514046580217204,-0.351101330106896,-0.397080836557896,-0.0841733485951464,-0.140015880986963,-0.287681439959345,-0.135127514620275,-0.87899199366149,-0.33175334431962,0.539010019087114,-0.908504680147209,-0.638999390328357,-0.224586966008529,-0.345918400834592,-0.192870680748034,0.0255798854286473,-0.574061738808775,-0.392092560899977,-0.443440194438707,-0.0940006231253784,-0.1563627951114,-0.321268371392128,-0.150903709875954,-0.981614685710187,-0.370485689478328,0.601939669867576,-0.905294905259011,-0.636741785891671,-0.223793493372159,-0.344696260519163,-0.192189262719858,0.0254895109091913,-0.572033561085788,-0.390707285861413,-0.441873506636618,-0.0936685160419741,-0.155810360562449,-0.320133320386447,-0.150370562442506,-0.978146610930903,-0.369176752178928,0.599812998559467,-0.939866813810519,-0.661058037606875,-0.232339844558209,-0.357859714248426,-0.199528693856314,0.0264629186187189,-0.593878698893775,-0.405627834379627,-0.458748019432428,-0.0972455817605004,-0.161760533821407,-0.332358750809613,-0.156112997646108,-1.01550062119499,-0.383275080625856,0.622718993074338
0.4211324301926,0.296204710906901,0.104106073255924,0.16034860356273,0.0894041607833651,-0.0118574175235608,0.266103213806181,0.181752385695461,0.205554303472374,0.043573480380965,0.0724811278752045,0.148922215751781,0.0699505984436339,0.455022177804183,0.17173663732399,-0.279025877950996,0.410948434395744,0.289041768054209,0.101588537828931,0.156470988381283,0.0872421529863811,-0.0115706766279089,0.259668197605475,0.177357175544715,0.200583505660315,0.0425197687471894,0.0707283597464359,0.145320918130078,0.068259024607319,0.444018646339948,0.167583632076036,-0.272278360627366,0.304757579433824,0.214352123562649,0.0753376197490315,0.11603820742331,0.0646984028733904,-0.00858076368320518,0.1925688109131,0.131527313381065,0.148751859218719,0.0315324763812109,0.0524518453156851,0.107769363607733,0.0506205970693821,0.329282305408991,0.124279295866689,-0.201920453204835,0.340338157470111,0.239377825872772,0.0841333191489559,0.129585717880921,0.0722519691424769,-0.00958257152144965,0.215051302133753,0.146883183598804,0.166118702546478,0.035213906515429,0.0585756207403,0.120351483005353,0.0565305734762582,0.367726155715647,0.138788956932689,-0.225494752671723,0.339135732325569,0.238532096675038,0.0838360735530154,0.129127887566766,0.0719967007203716,-0.00954871600247871,0.214291519290201,0.146364240807956,0.165531800077459,0.0350894947041104,0.0583686712763936,0.119926277526119,0.0563308492270335,0.366426967933633,0.138298611292808,-0.224698072797241,0.35208683749185,0.247641293893474,0.0870376524543825,0.134059095612314,0.0747461510253005,-0.00991336771376561,0.222475003771586,0.151953680358569,0.171853221109876,0.0364295119680781,0.0605976867650682,0.124506089337133,0.0584820432266823,0.3804202860807,0.143580036069023,-0.233278968568684
-0.86565662198215,-0.608862084882896,-0.213994708650991,-0.32960375537022,-0.183774267347404,0.0243734541986787,-0.546987105829639,-0.373600190719994,-0.422526101579047,-0.0895672456698265,-0.148988213244966,-0.306116302101992,-0.143786596360325,-0.935318520078799,-0.353012370166955,0.573550222295151,-0.844722961290774,-0.594138334184152,-0.208819801526278,-0.321633143233361,-0.179330163231793,0.0237840454110423,-0.533759641052928,-0.364565638880192,-0.412308403453602,-0.0874012940877546,-0.145385319645027,-0.298713673117731,-0.140309490376566,-0.912700267020379,-0.344475681381495,0.559680397426835,-0.626442890222176,-0.440610415856793,-0.154859860567604,-0.23852174626634,-0.132990472506251,0.0176381450857,-0.395833838486189,-0.27036029912911,-0.30576612659811,-0.0648164212250464,-0.107817123492343,-0.221524766475882,-0.104052910486519,-0.676854565791762,-0.25546167364284,0.415056559169433,-0.699580366186632,-0.492051870780139,-0.172939815671102,-0.26636926238767,-0.148517167179053,0.019697406085223,-0.442047608807589,-0.301924979945083,-0.341464452948151,-0.0723837661872785,-0.120404818876964,-0.24738787792075,-0.116201132389142,-0.755877626488436,-0.285286933546846,0.463514590370614,-0.697108727304927,-0.490313436435183,-0.172328814000289,-0.265428171617217,-0.14799245147412,0.0196278145456343,-0.44048584105323,-0.300858269734421,-0.340258048567155,-0.0721280321221733,-0.119979424960461,-0.246513848963556,-0.115790590225878,-0.753207087660105,-0.284279006064204,0.46187697911225,-0.72373030556726,-0.509037800382822,-0.1789098032048,-0.27556449119975,-0.153644070044992,0.0203773725135359,-0.457307360899041,-0.312347613734702,-0.35325201337425,-0.0748824977841827,-0.124561266395445,-0.255927857805912,-0.120212466095454,-0.78197098150692,-0.295135211863742,0.479515395711255
-0.738837328154,-0.519663368344716,-0.182644335830024,-0.281316577247046,-0.156851210078556,0.0208027263013383,-0.466853116516901,-0.318867504389144,-0.360625735469076,-0.0764455822324572,-0.127161336960949,-0.261270052127068,-0.122721760547464,-0.79829370999974,-0.301295813786129,0.489524718048561,-0.720970463232105,-0.507096657306618,-0.178227556178165,-0.274513665300892,-0.153058170289525,0.0202996663087391,-0.455563484478393,-0.311156520642374,-0.3519049371858,-0.07459694405518,-0.124086269765244,-0.254951913408828,-0.119754052995171,-0.778989046657676,-0.294009755811907,0.477686832116139,-0.534668573542508,-0.37606068519761,-0.132172783889856,-0.203578145471269,-0.113507276304856,0.0150541446317036,-0.337843907380297,-0.230752328319377,-0.260971177576695,-0.0553207706870693,-0.0920218403319457,-0.189071234975609,-0.0888090871348899,-0.57769490377529,-0.218036361771073,0.354250486188575,-0.597091358694633,-0.419965931396608,-0.147604013066184,-0.22734598122085,-0.126759299469478,0.0168117224705648,-0.377287328387119,-0.25769276156496,-0.291439674426682,-0.0617794943785868,-0.102765429636784,-0.21114538270629,-0.0991775861267926,-0.64514103142576,-0.243492200471316,0.395609382304109,-0.59498181661854,-0.418482178885529,-0.147082523562728,-0.226542760899148,-0.126311454978224,0.0167523261396569,-0.375954360688928,-0.256782325137921,-0.290410009121878,-0.061561225530891,-0.10240235622326,-0.210399399595823,-0.0988271886743873,-0.642861728382785,-0.242631935061986,0.394211682227705,-0.617703315253353,-0.434463410564643,-0.152699393297217,-0.235194102652331,-0.131135107519675,0.0173920733468496,-0.390311516243183,-0.26658847229587,-0.301500349097813,-0.063912160068365,-0.106312954719113,-0.218434249631832,-0.1026012566708,-0.667411691887279,-0.251897699203493,0.409266058595827
-0.485002461350067,-0.341127881763061,-0.11989506898702,-0.184667486582316,-0.102963426528416,0.0136557440650019,-0.306461113930686,-0.20931742154892,-0.236729199600245,-0.0501819468633462,-0.0834738027770174,-0.171508143308477,-0.0805594867214498,-0.524032015541924,-0.197782658932313,0.321343662668547,-0.473273934469354,-0.332878588512298,-0.116995717640298,-0.180201782275692,-0.100473523049561,0.0133255153051381,-0.299050146566471,-0.204255622484222,-0.231004517764131,-0.0489684266039336,-0.0814552053105626,-0.167360663595786,-0.0786113644317631,-0.511359660099585,-0.19299979819101,0.31357279945465,-0.350977900402719,-0.246861319789485,-0.0867635175800284,-0.133636861414868,-0.0745107296169565,0.00988214444732856,-0.221774293728449,-0.151475085154102,-0.17131195006398,-0.0363147731233996,-0.0604068275359984,-0.124113943407247,-0.0582978474548545,-0.379222109608958,-0.143127814598916,0.232544230223443,-0.391954720724927,-0.275682484694484,-0.0968931954495472,-0.149239022269832,-0.0832098892395064,0.0110358890476343,-0.247666537587017,-0.169159866277156,-0.191312693668532,-0.0405545384522475,-0.0674593505448176,-0.138604299502728,-0.0651041461351647,-0.423496453463158,-0.15983804830651,0.259693868784442,-0.390569932679928,-0.274708490024093,-0.0965508688194402,-0.148711756228733,-0.0829159061497468,0.0109968989132871,-0.246791524116679,-0.168562219283439,-0.190636780056473,-0.0404112580245612,-0.0672210145911516,-0.138114606263208,-0.0648741311908846,-0.422000227509378,-0.159273335581475,0.258776362384246,-0.405485235877968,-0.285199211600305,-0.100238007439136,-0.154390844012181,-0.0860823451832839,0.0114168546441454,-0.256216136973202,-0.174999367660673,-0.197916924116028,-0.0419545057648949,-0.0697880883211423,-0.143389004152361,-0.0673515808239941,-0.438115808398453,-0.165355754868747,0.268658658952655
-0.386491038836225,-0.271839588260243,-0.0955425455680072,-0.14715869385446,-0.0820499788193488,0.0108820534540643,-0.244214171524557,-0.166801849779831,-0.188645876191395,-0.0399892254568168,-0.0665189959265249,-0.136672214593816,-0.064196622063353,-0.417593093252477,-0.157609973981898,0.25607384684706,-0.377144755261649,-0.265265852718206,-0.0932320968522896,-0.143600042436902,-0.0800658128432301,0.0106188992092424,-0.238308485051536,-0.162768179572365,-0.184083964848332,-0.0390221897341452,-0.0649104064986886,-0.133367151484965,-0.0626441932253114,-0.407494687141757,-0.153798585455395,0.249881364879375,-0.279688917366739,-0.196720007705393,-0.0691405193063267,-0.106493169645515,-0.0593764600986568,0.00787492967096696,-0.176728540576234,-0.120708177142134,-0.136515871199873,-0.0289386869305681,-0.0481372763804129,-0.0989045020266491,-0.0464566624301718,-0.302196295425895,-0.114056364985674,0.185310938142966,-0.312342718360761,-0.219687152930998,-0.0772127045731161,-0.118926292850992,-0.0663086872674891,0.0087943310857198,-0.197361673444967,-0.134800908566246,-0.152454157681353,-0.0323172910345698,-0.0537573240323516,-0.110451645034665,-0.0518804976830078,-0.337477842456336,-0.127372494489155,0.206946069606546,-0.311239201960885,-0.218910991484451,-0.0769399097206466,-0.118506122612268,-0.0660744166424593,0.00876326044437443,-0.196664388601906,-0.134324652823511,-0.151915532468275,-0.0322031130545504,-0.0535673977584354,-0.110061415986495,-0.0516972022941242,-0.33628552289243,-0.126922483561096,0.206214922798005,-0.323124978811422,-0.227270886955591,-0.079878134057679,-0.123031700752546,-0.0685977034482144,0.00909791673917516,-0.204174718350352,-0.139454317849405,-0.157716967851968,-0.0334329035605262,-0.055613059526649,-0.114264502943497,-0.0536714439911653,-0.349127782665566,-0.131769470404073,0.214089973691934
-1.34445857274247,-0.945628819617049,-0.332356979963453,-0.511910361756283,-0.285421358666368,0.0378546164987753,-0.849530269783363,-0.580241595150732,-0.656228838375499,-0.139107641782947,-0.231394845771662,-0.475431800746662,-0.223316170884771,-1.4526510519672,-0.548266478073435,0.890785669146033,-1.31194632844061,-0.922761238699661,-0.32431978822912,-0.499531137078409,-0.278519183225589,0.036939200758556,-0.828986583103097,-0.566209956781126,-0.640359645569009,-0.135743684182769,-0.225799161450521,-0.463934715475216,-0.217915848367172,-1.41752245310634,-0.535008074996513,0.869244327610465,-0.97293371610128,-0.684315738822482,-0.240514150561321,-0.370450128157049,-0.206548620219285,0.0273939513261574,-0.614772860300823,-0.419898852111878,-0.474887940229452,-0.100666928384333,-0.167451680362359,-0.344051976037924,-0.161605449516552,-1.05122851298119,-0.396759671692707,0.644627829300938,-1.08652414451388,-0.7642098946688,-0.268594280738154,-0.413700339416541,-0.23066326016902,0.0305922068861778,-0.686547855269486,-0.468922223089787,-0.530331310816711,-0.11241983542509,-0.187001735824504,-0.384220191721676,-0.180472955021404,-1.17395989249137,-0.443081533437836,0.719888404697996,-1.0826854214003,-0.761509917681534,-0.267645328909653,-0.412238723434019,-0.229848319799092,0.0304841236813429,-0.684122260648406,-0.467265506499237,-0.528457634036522,-0.112022652699929,-0.186341052958675,-0.382862730004773,-0.179835338538313,-1.16981225619955,-0.441516112796059,0.71734501689362,-1.1240316182708,-0.790590884648447,-0.277866318535851,-0.42798152654178,-0.238625896085726,0.031648268458986,-0.710247904453306,-0.48510970319815,-0.548638669952138,-0.116300636462282,-0.193457149387424,-0.397483706233197,-0.186702991103415,-1.21448570140378,-0.458376977235847,0.744739389909372
0.0950907435904721,0.066882349103954,0.0235069142351789,0.0362063494837016,0.0201872558831061,-0.00267737787104743,0.0600854996160511,0.0410392747412483,0.0464136935653954,0.00983879262956751,0.0163660735953704,0.0336262971400734,0.0157946858131102,0.102742971415826,0.038777741570263,-0.0630034077480331,0.0927912205340255,0.0652649729217231,0.0229384604695579,0.0353307928071643,0.0196990794466118,-0.0026126324298738,0.0586324876139548,0.0400468462994877,0.045291298740636,0.00960086694253404,0.0159703025438984,0.0328131323392013,0.0154127322935016,0.100258399072213,0.0378400024439209,-0.0614798337041151,0.0688135673378116,0.0484002213043701,0.0170110629546989,0.0262011629542319,0.0146087520154479,-0.00193751689661357,0.0434815989205228,0.0296985678023955,0.0335878310229021,0.00711996135032166,0.0118435072109737,0.024334076853318,0.0114300155277042,0.0743511946068979,0.0280619819553175,-0.0455931784512335,0.0768475808221257,0.0540509678888948,0.0189971118466224,0.0292601599605293,0.0163143300754393,-0.00216372282482923,0.0485580942333166,0.0331658883239136,0.037509224692586,0.00795121989001443,0.0132262417546928,0.0271750907569885,0.0127644747401543,0.0830317284486372,0.0313382303776503,-0.0509162015793874,0.0765760759630624,0.0538600041622307,0.0189299944680485,0.029156782918321,0.0162566910471126,-0.00215607832575297,0.0483865369976801,0.0330487122236544,0.0373767034517768,0.00792312798637187,0.0131795130370789,0.0270790803282011,0.0127193774595598,0.0827383748064138,0.0312275114489482,-0.0507363130782016,0.0795004060129161,0.0559168401475694,0.0196529036922451,0.0302702384639699,0.0168775106639756,-0.00223841585165177,0.0502343491553431,0.0343107949439967,0.0388040659235914,0.00822570083262949,0.0136828196577441,0.0281131914044119,0.0132051121652447,0.0858980341736444,0.0324200451347479,-0.0526738598000385
-0.0674051799364068,-0.047409627958502,-0.0166629024439628,-0.0256649113219666,-0.014309758908641,0.00189786229806902,-0.0425916735979193,-0.029090735795557,-0.0329003985893975,-0.00697423915843099,-0.0116011095706581,-0.0238360383328503,-0.011196080702206,-0.0728294701880824,-0.0274876454781763,0.0446600360404427,-0.0657751604462318,-0.0462631490429764,-0.0162599533564866,-0.0250442719926468,-0.0139637144956923,0.00185196741968669,-0.0415617044152945,-0.028387251784758,-0.0321047877626652,-0.00680558526909921,-0.0113205668182217,-0.02325962555437,-0.0109253325226835,-0.0710682783037541,-0.0268229280497721,0.0435800488755614,-0.0487785741633005,-0.0343085509987522,-0.0120583109993254,-0.0185727236615076,-0.0103554302034744,0.00137341101893699,-0.0308219800213465,-0.0210518629993617,-0.0238087715826758,-0.00504699256560216,-0.008395283331382,-0.0172492375908668,-0.0081021792892786,-0.0527039274458562,-0.0198917672914265,0.0323187755331217,-0.05447349360629,-0.0383140890345604,-0.0134661239774124,-0.0207410971103726,-0.0115644311186889,0.00153375734412427,-0.034420459400989,-0.023509677028629,-0.0265884558708215,-0.0056362311110801,-0.00937543625904311,-0.0192630934736589,-0.00904811219438215,-0.058857133567226,-0.0222141396495057,0.0360920064303804,-0.0542810370833125,-0.0381787241833552,-0.0134185477485513,-0.0206678181783942,-0.0115235736290004,0.00152833853240504,-0.0342988508626515,-0.0234266166189193,-0.0264945180410722,-0.00561631813376721,-0.00934231255530467,-0.0191950363738422,-0.00901614493659937,-0.0586491895098715,-0.0221356564130756,0.0359644922651411,-0.056353951709501,-0.0396367146717724,-0.0139309827605701,-0.0214570923871319,-0.0119636423086914,0.00158670357971847,-0.0356086745770643,-0.0243212453666519,-0.0275063055254723,-0.00583079723421152,-0.00969908201622325,-0.0199280671666858,-0.00936045852593308,-0.0608889175858571,-0.0229809852498942,0.037337924425721
-0.310749728407877,-0.218566718847459,-0.0768189093751187,-0.11831975273173,-0.0659705040271038,0.0087494788121166,-0.196355102315241,-0.134113405767678,-0.151676620933462,-0.0321524684954286,-0.0534831544358043,-0.109888326761254,-0.0516159001537509,-0.335756659983521,-0.126722877603383,0.205890616764866,-0.303235052023224,-0.213281249511704,-0.074961243248961,-0.11545849632373,-0.0643751784535752,0.00853789535508736,-0.191606763328963,-0.130870220815107,-0.148008715164815,-0.0313749444185812,-0.0521898030315258,-0.107230962527043,-0.0503677034523562,-0.327637255803523,-0.123658413410283,0.200911686087914,-0.224877801493444,-0.158168451074361,-0.0555909333916665,-0.0856235209082317,-0.0477403535798341,0.00633166622401583,-0.142094745977426,-0.0970527890542444,-0.109762622249831,-0.0232675229191154,-0.0387037319327006,-0.0795220174719788,-0.0373524707749555,-0.242974370148997,-0.0917045439118368,0.148995236402719,-0.251132381213924,-0.176634685537782,-0.0620811986947538,-0.0956201036776473,-0.0533140603246602,0.00707089096980179,-0.158684368480627,-0.108383743778977,-0.122577455448346,-0.0259840161937788,-0.0432224092265856,-0.0888062470997412,-0.0417133877494422,-0.271341732017289,-0.102411088723615,0.166390494121036,-0.250245122811795,-0.176010629778453,-0.0618618639164592,-0.0952822749198012,-0.053125700115013,0.00704590929522376,-0.158123731741786,-0.108000820689341,-0.122144385540226,-0.0258922138679396,-0.0430697031296611,-0.0884924919060864,-0.0415660130716605,-0.270383073359187,-0.102049267207401,0.165802631404051,-0.259801623628328,-0.182732222224676,-0.0642242794008739,-0.0989209677656032,-0.0551544940863936,0.00731498242310909,-0.164162249314175,-0.112125216479784,-0.126808903701597,-0.0268810002234559,-0.0447144730596467,-0.0918718927177998,-0.0431533592440694,-0.280708613502788,-0.105946381742286,0.172134395094757
0.33875682396318,0.238265590384154,0.0837424054835341,0.128983616020735,0.0719162605031752,-0.00953804744709351,0.214052096425228,0.146200711490604,0.165346855297796,0.0350502900385205,0.0583034573353663,0.119792286722162,0.056267912096563,0.366017567716786,0.138144093513256,-0.224447022935253,0.330564868596979,0.232503754920906,0.0817173125571287,0.125864481731273,0.0701771522270565,-0.0093073945024438,0.208875801526006,0.142665226392397,0.161348370358971,0.0342026896619178,0.0568935394048617,0.116895420897993,0.0549072185493404,0.357166381952017,0.134803436829429,-0.219019353693195,0.245145475119296,0.172423777847356,0.060601205135059,0.0933405546258306,0.0520430722061859,-0.00690232345956306,0.154901389924908,0.105799914114908,0.119655252777625,0.0253645665466984,0.0421920024587593,0.0866891379502462,0.0407189555135929,0.264873042231891,0.0999696450186127,-0.162423804287865,0.273766314423536,0.192554327822213,0.0676764218118904,0.10423810438976,0.058119123195042,-0.0077081726822171,0.172986193598673,0.118152099440016,0.133625054830835,0.0283258905638008,0.0471179368318438,0.0968101319661044,0.0454729110243928,0.295797083452946,0.111641143927525,-0.181386853063063,0.272799089641459,0.191874027478623,0.0674373189387828,0.103869827971184,0.0579137865509585,-0.00768093947181111,0.17237502807322,0.117734664450348,0.133152953415396,0.0282258143240143,0.0469514677164595,0.0964680988018309,0.04531225383562,0.294752023288461,0.111246712343298,-0.180746007750172,0.283216893967135,0.199201420235244,0.0700126530202702,0.107836467099517,0.0601254306471312,-0.00797426348751751,0.178957782126614,0.122230781714539,0.138237872928473,0.0293037175199044,0.0487444766451777,0.100152076553766,0.0470426635471599,0.306008178531691,0.115495064061005,-0.187648437460855
-1.49615692852363,-1.05232629622473,-0.369857583117035,-0.56967038631945,-0.317626107620583,0.0421258400217707,-0.945384725789085,-0.645711590080106,-0.730272648884795,-0.154803477238868,-0.25750365890392,-0.529075865295432,-0.248513448531982,-1.6165570142444,-0.610128646934474,0.991295066834076,-1.45997625285219,-1.02687851350998,-0.360913536537253,-0.555894385223507,-0.309945143835627,0.0411071358162444,-0.922523047647973,-0.630096729651643,-0.712612898522183,-0.151059956558643,-0.251276600639248,-0.516281537425877,-0.242503795192878,-1.57746477470609,-0.5953742677168,0.96732316614368,-1.08271206703667,-0.761528658966823,-0.267651915846144,-0.412248868913867,-0.229853976525071,0.0304848739166917,-0.68413909736998,-0.46727700622624,-0.528470639744068,-0.112025409654821,-0.186345638940752,-0.382872152521122,-0.179839764410264,-1.16984104608753,-0.44152697881269,0.717362671250182,-1.20911916497857,-0.850437456338084,-0.298900391752855,-0.460379101074166,-0.256689526813582,0.0340439960141118,-0.764012630250999,-0.52183179700612,-0.590169813468418,-0.125104424252835,-0.208101572166009,-0.427572640449945,-0.200836133995277,-1.30642048968233,-0.493075442854031,0.801115070623332,-1.20484730989912,-0.847432834731847,-0.297844367505005,-0.458752567595615,-0.255782634845676,0.0339237175324618,-0.761313350204969,-0.519988149268805,-0.588084725423812,-0.124662426486457,-0.207366342931499,-0.426062013202571,-0.200126573776571,-1.3018048660396,-0.491333392197557,0.798284706517968,-1.25085869334378,-0.879795074147645,-0.309218614920016,-0.476271667418835,-0.265550605271201,0.0352192154452927,-0.790386810543065,-0.539845747759592,-0.610542834079658,-0.129423105004874,-0.215285364901956,-0.442332707837151,-0.207769119390313,-1.351518918907,-0.510096706786737,0.828770049704463
1.55086358789688,1.09080438307481,0.38338134685495,0.590500262641421,0.329240038583558,-0.043666162388327,0.979952516897371,0.669321896818939,0.756974912725237,0.16046383340716,0.266919225337131,0.548421411603791,0.257600289838078,1.67566607710386,0.632437870937229,-1.02754155978264,1.51335997352689,1.0644261076061,0.37411026311728,0.576220545000031,0.32127822199404,-0.0426102094805346,0.956254906365128,0.653136082345259,0.738669437352577,0.156583431690725,0.260464476013527,0.535159261861192,0.251370894804834,1.63514443815443,0.617144000986506,-1.0026931316501,1.12230120312357,0.789373792157615,0.277438551132619,0.427322660986556,0.238258538212162,-0.0315995468374278,0.709154497726863,0.48436289041741,0.547794056109069,0.116121594894683,0.193159327532418,0.396871791216874,0.186415567085633,1.21261603473281,0.457671318736873,-0.743592884508557,1.2533303496739,0.881533520764996,0.309829620904165,0.477212764832874,0.266075324680339,-0.0352888074761596,0.79194858932265,0.540912465500645,0.611749246977209,0.129678840875321,0.215710761821507,0.443206742964511,0.20817966445178,1.35418947658787,0.511104641384795,-0.830407672523465,1.24890229512348,0.878419035809786,0.308734983354651,0.475526757504172,0.265135272400818,-0.0351641310374503,0.78915061067675,0.539001405176557,0.609587918132427,0.129220681554772,0.21494864908666,0.441640879953637,0.20744415931483,1.3494050836499,0.509298893017167,-0.827473816757525,1.29659607500223,0.91196459361587,0.320525127703398,0.493686439480428,0.275260406584134,-0.0365069985554909,0.819287135898747,0.559585092526003,0.632867202747144,0.134155433269073,0.22315722840852,0.458506509071473,0.215366152980889,1.40093692027007,0.528748284207252,-0.859073850023507
0.790128725754279,0.555739320964308,0.195323829531165,0.300846072936143,0.167740099247603,-0.0222468884534559,0.499262887799067,0.341003852034567,0.385661013571567,0.0817525701222901,0.135989102485118,0.279407882491132,0.13124132280371,0.853712675069767,0.322212303507643,-0.523508392115662,0.771021511383786,0.542300206559702,0.190600429203003,0.293570890778167,0.163683739909709,-0.0217089051440264,0.487189509483019,0.332757558121169,0.3763348020057,0.0797755962043071,0.132700558671256,0.272651127378264,0.128067591730101,0.833067847762935,0.314420434467502,-0.510848699148093,0.571786214117683,0.402167484883133,0.141348452947305,0.217710901362452,0.121387152723693,-0.0160992300495804,0.361297630574779,0.246771564175517,0.279088259539437,0.0591612366959454,0.0984101596825232,0.202196895413124,0.0949743714609195,0.617799508499617,0.233172832678493,-0.378843183179926,0.638542499717808,0.449120711136358,0.157850945419332,0.243128742420476,0.135559154838002,-0.017978822058965,0.403479283818231,0.27558225007411,0.311671933474643,0.0660683364402535,0.109899588009958,0.225803469626329,0.106062670040697,0.689927865942891,0.260395860845576,-0.423073287211106,0.636286509489657,0.447533953894621,0.157293253189719,0.242269761119582,0.135080220187942,-0.01791530232943,0.402053779138499,0.274608609535706,0.310570786978335,0.065834914982065,0.109511309396181,0.225005699045382,0.105687947375739,0.687490329640477,0.259475874285906,-0.421578556316667,0.660585374854795,0.464624631018572,0.163300055982327,0.251521694359862,0.140238739243253,-0.018599461922296,0.417407633892809,0.285095516819923,0.322431038023394,0.0683490555643597,0.113693388574808,0.233598342620173,0.109724017865526,0.713744595149214,0.269384884206345,-0.437678034190219
-0.0312480019152007,-0.0219783723839014,-0.00772466460252742,-0.0118978570919756,-0.00663378354905567,0.00087981969309775,-0.019744843043443,-0.0134860164858514,-0.0152521174055509,-0.00323314971913621,-0.00537809548797863,-0.011050019778575,-0.00519033035080307,-0.0337626192240318,-0.012742848537112,0.0207037039741056,-0.0304923500172478,-0.0214468824393321,-0.00753786361973851,-0.0116101382702243,-0.00647336269581021,0.000858543535257327,-0.019267365214267,-0.0131598921473733,-0.0148832844959594,-0.00315496437697382,-0.00524804019439885,-0.0107828037037438,-0.00506481567017708,-0.0329461578270524,-0.012434695788385,0.0202030385797183,-0.0226129947329509,-0.0159049151464059,-0.00559004701947974,-0.00861002826626712,-0.00480061774386155,0.000636692168029077,-0.0142885946101764,-0.00975931903072172,-0.0110373793336941,-0.00233970792014396,-0.00389192388278137,-0.00799648053433995,-0.00375604536902856,-0.0244327279790733,-0.00922151655118565,0.0149824859262851,-0.0252530715613095,-0.0177618208075499,-0.00624268740523362,-0.00961525275712862,-0.00536109192329025,0.000711026251570944,-0.0159567941558637,-0.0108987237109883,-0.0123259981021861,-0.00261286982276,-0.00434630766440824,-0.00893007306449558,-0.00419456527592909,-0.0272852594439635,-0.010298132561432,0.0167316975805715,-0.0251638516852663,-0.017699067750089,-0.00622063179924054,-0.00958128177435007,-0.00534215102116312,0.000708514174025265,-0.0159004183129023,-0.0108602181859807,-0.0122824499729965,-0.00260363847356995,-0.00433095202617934,-0.00889852284257757,-0.00417974574821086,-0.0271888597858274,-0.0102617489433689,0.0166725839800534,-0.0261248229380736,-0.0183749696558088,-0.00645818876818694,-0.00994717712556084,-0.00554616007445516,0.000735571309870783,-0.0165076323871791,-0.011274954276722,-0.0127514990472685,-0.00270306767690088,-0.00449634484626508,-0.00923834461354963,-0.00433936421832073,-0.0282271631814115,-0.0106536303556996,0.0173092859490221
0.840008082112127,0.590822110298393,0.207654259473531,0.319837925771914,0.178329219618951,-0.0236512931293698,0.530780424986447,0.362530790747995,0.41000707580453,0.0869134577667772,0.144573841506173,0.297046382251614,0.139526343327109,0.907605967844771,0.342552966725777,-0.556556502879808,0.819694664848957,0.576534609605994,0.202632679670925,0.312103474900376,0.174016789863244,-0.0230793479345779,0.517944876760813,0.353763923642747,0.400092117854687,0.0848116811636734,0.141077698039946,0.289863085759966,0.136152260515809,0.885657871001445,0.33426921149054,-0.543097627049588,0.607882013959986,0.427555569938357,0.150271517791528,0.231454585496552,0.129050097824429,-0.0171155444886781,0.384105677769217,0.26234979388327,0.296706582097663,0.0628959754942482,0.104622609963142,0.214961209216718,0.100969926823673,0.656800042004759,0.247892599768389,-0.402758848465394,0.678852499664526,0.477472866004636,0.167815781909079,0.2584770075686,0.144116752064047,-0.0191137916444808,0.428950180299518,0.292979244778007,0.331347202743812,0.0702391075941912,0.116837344523868,0.240058022538044,0.112758209062107,0.733481728452728,0.276834167052993,-0.449781116670342,0.676454092970725,0.475785939730519,0.167222883606643,0.257563800376386,0.143607583160626,-0.0190462620326039,0.427434686161622,0.291944140123952,0.330176542917965,0.0699909506736471,0.116424554603627,0.239209890184638,0.112359830852512,0.730890315018778,0.275856103453521,-0.448192026195606,0.702286900496342,0.493955519502705,0.173608884683401,0.267399790948147,0.149091749926053,-0.0197736113476327,0.443757801199472,0.303093066353274,0.342785509544533,0.0726638042731381,0.120870640659701,0.248344971360991,0.116650690962881,0.758801963460876,0.286390650733715,-0.465307834152922
0.555507328727953,0.390717683834692,0.137324229892022,0.211512621788952,0.117931232489547,-0.0156408812570261,0.351011403704507,0.23974592082933,0.271142552422884,0.0574769026425718,0.0956083997395542,0.196440303167071,0.0922704292010318,0.600210614006566,0.226534348354366,-0.368057430380371,0.54207382445401,0.381269189810829,0.134003399483908,0.206397737498765,0.115079371436144,-0.0152626471017799,0.342523103104289,0.233948287412871,0.264585672885109,0.0560869727939953,0.0932963585114625,0.191689903819124,0.0900391081348113,0.585696076697065,0.221056202559635,-0.359156915826598,0.401999600893846,0.282747580168533,0.0993763407875449,0.15306366837297,0.0853423635333073,-0.0113187129994315,0.254013650047638,0.173495036888194,0.196215589286524,0.041593856152785,0.0691881754744995,0.14215640260491,0.0667726126999199,0.434349674261549,0.163934322587129,-0.266349213533749,0.448933226619356,0.31575848135579,0.110978571173154,0.170933917267788,0.0953061210586795,-0.0126401775939947,0.283669852576194,0.193750656815275,0.219123843445502,0.0464499566882455,0.0772659246193514,0.158753223545798,0.0745683438553845,0.485060184919921,0.183073725021265,-0.297445598387071,0.447347131766166,0.314642896960531,0.110586480478782,0.170330002497532,0.0949694016110525,-0.0125955194590284,0.282667638290198,0.193066129804674,0.218349672188638,0.0462858475671877,0.0769929417388269,0.158192343539902,0.0743048916104023,0.483346452415463,0.18242691993803,-0.296394713968783,0.464430674422108,0.326658656020822,0.114809618892503,0.176834659969605,0.0985961462758193,-0.0130765242060635,0.293462308275272,0.200439047232163,0.226688131684328,0.0480534374210862,0.0799331912922525,0.16423348129804,0.0771424884009747,0.501804757277813,0.189393541264178,-0.307713601203156
-0.284033387129372,-0.199775703058743,-0.0702144942722535,-0.108147351583819,-0.0602987677751263,0.00799725269384711,-0.1794737040527,-0.122583163933294,-0.138636402396215,-0.0293881979498956,-0.0488850033324107,-0.10044080751379,-0.0471782840342773,-0.306890377265884,-0.115828027708607,0.188189413897483,-0.277164776181103,-0.194944645713352,-0.0685165387996247,-0.105532088319798,-0.0588405984356228,0.00780385987491059,-0.175133597908695,-0.119618807980723,-0.135283840498646,-0.0286775205882352,-0.0477028462892239,-0.098011907034467,-0.0460373995716672,-0.299469029281019,-0.113027027209066,0.183638540911358,-0.20554419782003,-0.144570105099787,-0.0508115684792924,-0.0782621397164548,-0.0436359330046976,0.00578730869048209,-0.129878317834865,-0.0887087900178217,-0.100325910299431,-0.0212671250870806,-0.0353762242423042,-0.0726852058396029,-0.0341411361683834,-0.222084935335686,-0.083820353941693,0.136185546737015,-0.229541571024097,-0.16144872684161,-0.0567438408801373,-0.0873992780762006,-0.0487304468879756,0.00646297946088369,-0.145041667115726,-0.0990655792783133,-0.112039003332596,-0.0237500710573634,-0.0395064135869659,-0.0811712347786177,-0.038127128450982,-0.248013446735059,-0.0936064161948196,0.15208526769586,-0.228730593616307,-0.16087832353993,-0.0565433631506362,-0.0870904937472413,-0.0485582807251262,0.00644014555630421,-0.144529230459071,-0.0987155775495376,-0.111643166098892,-0.0236661613281801,-0.0393668362165624,-0.0808844543175701,-0.0379924241372505,-0.247137207624065,-0.0932757018565867,0.151547945782409,-0.237465485549862,-0.167022035005699,-0.0587026727509473,-0.0904163542685417,-0.0504126515283808,0.00668608543947107,-0.150048593607394,-0.102485383277844,-0.11590665781452,-0.0245699379433473,-0.0408701989923109,-0.0839733151315008,-0.0394433000952317,-0.256575021635854,-0.0968377665671365,0.157335343559998
-0.653916221548238,-0.459933862781467,-0.161651407450629,-0.248982375744188,-0.138822913693472,0.0184116850387909,-0.413193560121694,-0.282217242820742,-0.319175831194386,-0.0676590155676109,-0.112545560198326,-0.231239974998979,-0.108616263554863,-0.706538755740761,-0.266665221980042,0.433259314036797,-0.638102953382931,-0.448811554952416,-0.15774228733542,-0.24296138261642,-0.135465841503816,0.0179664461789807,-0.403201545311429,-0.275392550613181,-0.311457391363345,-0.0660228577209097,-0.109823937663841,-0.225648035825885,-0.105989660870745,-0.689452948040107,-0.260216615068979,0.42278206100007,-0.473214387076323,-0.332836705681451,-0.116980997222641,-0.180179109262089,-0.100460881456753,0.0133238386869273,-0.299012520034949,-0.204229923013059,-0.2309754527432,-0.0489622653896078,-0.0814449566051686,-0.167339606253542,-0.0786014735388286,-0.511295320755195,-0.192975514929244,0.313533345680899,-0.528462369615568,-0.371695533743546,-0.13063857879346,-0.201215097504017,-0.112189732430392,0.0148794025650229,-0.33392235992374,-0.228073854070035,-0.257941935860909,-0.0546786308620097,-0.0909536902010181,-0.186876577015441,-0.0877782292677954,-0.570989268625223,-0.21550548901812,0.350138498188351,-0.526595295861942,-0.370382322027265,-0.130177028689422,-0.200504198395616,-0.111793362666165,0.014826833179583,-0.332742601988627,-0.227268062151241,-0.257030619093443,-0.0544854495828186,-0.0906323480250494,-0.186216336339521,-0.0874681060926581,-0.568971946033591,-0.21474410151838,0.348901448139589,-0.546705211764964,-0.384526689450341,-0.135148301923386,-0.208161164949674,-0.116062590172371,0.0153930485838842,-0.345449562715254,-0.235947102114604,-0.266846248239941,-0.0565661704279515,-0.0940934668599488,-0.193327670020213,-0.0908083870855615,-0.590700165172325,-0.222944869463213,0.362225491927419
