-0.0459291238065282,-0.00653536439135823,-0.0355524153256705,0.0738474420998935,-0.199706113143058,-0.290933068657474,0.015128583861456,-0.0110708461083809,-0.0982973703995931,-0.194861925947209,-0.0475198485487633,-0.0676337771237555,0.00777198984838134,-0.0865566584549156,0.0123339034309236,0.115990880414781,-0.0562914770597461,-0.00800984831025524,-0.04357361529808,0.0905086195503741,-0.244763042596638,-0.356572274908627,0.0185418370916659,-0.0135686080659201,-0.120474847162131,-0.238825928412686,-0.0582410950344564,-0.0828930512470331,0.00952547647330807,-0.10608524069189,0.0151166315509,0.142160299236546,-0.0718727589767726,-0.0102269460158678,-0.0556346380241819,0.115561085586014,-0.312512587799006,-0.455270220483052,0.0236741520721058,-0.0173243508273394,-0.153821859100572,-0.304932101390596,-0.0743620243169663,-0.105837554889595,0.0121620946982498,-0.13544926041199,0.0193008617422734,0.181509767673171,-0.0718501020554902,-0.0102237221085886,-0.055617099952286,0.115524656506948,-0.312414072405938,-0.455126702664972,0.0236666891138506,-0.017318889558584,-0.153773368826889,-0.304835975643984,-0.0743385826882416,-0.105804191022895,0.0121582607613573,-0.135406561853112,0.0192947774050168,0.181452549158441,-0.0589654927806874,-0.00839034037446673,-0.045643494050802,0.0948080532159983,-0.256390028740813,-0.373510538364487,0.0194226305344391,-0.0142131580613138,-0.126197767435614,-0.250170883643938,-0.0610077235164497,-0.0868307223434247,0.00997796546754866,-0.111124611058187,0.0158347173522706,0.148913344189492,-0.0753654899020439,-0.0107239350160013,-0.0583382606972189,0.121176895847515,-0.327699459647002,-0.477394546877007,0.0248246219336919,-0.0181662455417813,-0.161296991152159,-0.319750591675338,-0.0779757236614088,-0.110980840138147,0.0127531242464877,-0.142031557062088,0.0202388070452137,0.190330422227363
-0.26698578633292,-0.0379900432751329,-0.206666027458802,0.429274842706938,-1.16089072105077,-1.69119259563852,0.0879423886980457,-0.0643547777237741,-0.571402163932931,-1.13273148306758,-0.276232661974047,-0.393154836659104,0.0451785413930895,-0.503153459170736,0.0716969241549384,0.674254456615312,-0.327222098334515,-0.0465612115425757,-0.253293226161491,0.526126190918737,-1.42280644560463,-2.07275300095028,0.107783614092627,-0.0788742565432522,-0.700319734781182,-1.38829402804518,-0.338555218692296,-0.481856927250559,0.0553715511128565,-0.61667301827377,0.087872909971525,0.826377168370838,-0.417796018756244,-0.0594491903510403,-0.323403896029089,0.671756061244138,-1.8166342415745,-2.64648370653988,0.137617737568029,-0.100706372014159,-0.894165762450722,-1.77256890880088,-0.432266106778006,-0.615233221839426,0.0706982007787864,-0.787365930420115,0.112195820910291,1.05511544817319,-0.417664314176597,-0.0594304497927918,-0.323301947297482,0.671544299174374,-1.81606157204579,-2.64564943812069,0.137574355425872,-0.100674625683896,-0.893883888711885,-1.77201013027608,-0.432129840697592,-0.615039277835105,0.0706759141211896,-0.787117723892914,0.112160452685685,1.05478283720913,-0.34276613947341,-0.0487730101691914,-0.265325421871063,0.551118779125694,-1.49039406280937,-2.17121504884229,0.112903662341452,-0.0826210227144498,-0.733587044120083,-1.45424220084479,-0.354637617387022,-0.504746591299432,0.0580018675639869,-0.645966855132841,0.0920471394460743,0.865632587753512,-0.438099247628211,-0.0623381851326169,-0.339120042244918,0.704400740573953,-1.90491545807134,-2.77509231453899,0.144305413604301,-0.105600302133349,-0.937618670830649,-1.8587087249577,-0.453272524516583,-0.64513111543312,0.0741338528357904,-0.82562879070035,0.117648092660513,1.1063898726983
-0.244083415988461,-0.0347312104644447,-0.188937960495052,0.392451116761564,-1.06130808188436,-1.54612000701456,0.0803985820310214,-0.0588343454449286,-0.522386580917215,-1.03556437809783,-0.252537083221863,-0.359429529422507,0.0413030703396725,-0.459992334302258,0.065546673491379,0.616416076962583,-0.299152582785087,-0.0425671333368353,-0.231565420531944,0.480994436761176,-1.30075635225214,-1.89494968972397,0.0985378026173468,-0.0721083254470367,-0.640245443389909,-1.26920445247637,-0.309513534087889,-0.440522645180673,0.0506217111024506,-0.56377404548602,0.0803350632754328,0.755489514708878,-0.38195696049992,-0.0543495654129546,-0.295661910586975,0.614131997030607,-1.66080111370497,-2.41946506711997,0.12581271815093,-0.0920676551011952,-0.817463119503856,-1.62051575957514,-0.395185786507913,-0.562457756567236,0.064633621839353,-0.719824708908775,0.102571524887341,0.964606342493351,-0.381836553701704,-0.0543324324429278,-0.295568707143421,0.613938400172606,-1.66027756847539,-2.41870236327568,0.125773057382482,-0.0920386320103333,-0.817205425242309,-1.620004913762,-0.395061209500097,-0.562280449319029,0.0646132469587576,-0.719597793843887,0.102539190592704,0.964302263308392,-0.313363236886035,-0.0445892011468039,-0.242565479639855,0.503843129898496,-1.36254622021643,-1.98496554159683,0.10321864680671,-0.0755336893907021,-0.670659041865367,-1.32949550960049,-0.324216364768929,-0.46144880559024,0.0530263957612885,-0.590555020856202,0.0841512221925867,0.791377555756257,-0.400518553334999,-0.0569907386557158,-0.310029906378894,0.643976375467792,-1.74150945846792,-2.53704146995814,0.131926717080903,-0.0965417778532253,-0.857188583760523,-1.69926639596279,-0.414390247800541,-0.589790971939641,0.0677745594216093,-0.754805333798833,0.107556094036023,1.01148238358464
0.0166039078841168,0.00236260958951335,0.012852608110094,-0.0266967018850467,0.0721960627964567,0.105175659191337,-0.00546915751998406,0.00400223853076558,0.0355356329078016,0.0704448332647962,0.0171789732217513,0.0244503903437868,-0.00280966395227581,0.0312912301527099,-0.00445884831771032,-0.0419320408096027,0.0203500180778117,0.00289565252908925,0.0157523643959528,-0.0327199096604448,0.0884846623643426,0.128904989164442,-0.00670308792236445,0.00490520828116039,0.0435530464952774,0.0863383271234816,0.0210548274575349,0.0299667939004638,-0.00344356958737909,0.038351037823677,-0.00546483662189094,-0.0513925874842531,0.0259828311651363,0.00369715891595495,0.0201125631921679,-0.0417766650228583,0.112976904203519,0.164585434617146,-0.00855847897067757,0.00626295259846393,0.0556083758494533,0.110236470953099,0.0268827292903826,0.0382614965499782,-0.00439673747964996,0.0489664695613631,-0.00697748408619177,-0.0656178740793746,0.0259746404268262,0.00369599343629729,0.0201062229769386,-0.041763495490697,0.112941289752902,0.164533551270946,-0.00855578102520982,0.00626097828683266,0.0555908460563551,0.110201720387232,0.0268742548712833,0.0382494351274334,-0.00439535146725258,0.0489510335399536,-0.00697528452811246,-0.0655971889264891,0.0213167055961327,0.00303320479791584,0.0165006494337049,-0.0342742045091471,0.0926879519311325,0.13502836672598,-0.00702150490872687,0.00513822053707245,0.0456219481675438,0.0904396592630329,0.0220549955569329,0.031390307408752,-0.00360714957663809,0.0401728283221938,-0.00572443291963601,-0.0538338911069468,0.0272454936707721,0.00387682617049253,0.0210899539650817,-0.0438068451906627,0.11846713350278,0.17258363373348,-0.00897438709219311,0.00656730724597693,0.0583107222849959,0.115593526069281,0.0281891232744866,0.0401208534767166,-0.00461040147674843,0.0513460457036063,-0.00731656212904672,-0.0688066424153953
-0.0178801324624206,-0.00254420662366441,-0.0138404968938603,0.0287486879200895,-0.0777452618428895,-0.113259765790584,0.00588953284959519,-0.00430986220688121,-0.0382670048498189,-0.0758594277237936,-0.0184993989919156,-0.0263297183504009,0.00302562288301033,-0.0336963649730765,0.00480156834806135,0.0451550592383452,-0.0219141795644382,-0.0031182207915515,-0.0169631368688441,0.0352348569367112,-0.0952858504762272,-0.138813000976228,0.00721830672607968,-0.00528223683454717,-0.0469006601284781,-0.0929745416757209,-0.022673162639878,-0.0322701287042734,0.00370825234611184,-0.041298809963563,0.00588487983472659,0.0553427710041684,-0.0279799470235412,-0.00398133328691434,-0.0216584732067064,0.0449877408174148,-0.121660637149491,-0.177235949083692,0.00921630851848679,-0.00674434132301575,-0.0598825971059151,-0.11870956624113,-0.0289490139320296,-0.0412023862875367,0.00473468349061562,-0.0527301746121936,0.00751379377591485,0.0706614544377218,-0.0279711267212984,-0.0039800782251056,-0.0216516456641225,0.0449735590367668,-0.121622285268774,-0.177180077832831,0.00921340320109546,-0.00674221526005904,-0.0598637199220122,-0.118672144645854,-0.0289398881444684,-0.0411893977890283,0.00473319094528035,-0.0527135521333517,0.00751142515341396,0.0706391793639151,-0.0229551694927117,-0.00326634572721671,-0.0177689372676438,0.0369086194012115,-0.0998122170856209,-0.145407039119649,0.00756119816670801,-0.0055331590891244,-0.0491285835914379,-0.0973911141139304,-0.023750206563919,-0.0338030575947417,0.00388440556838731,-0.0432606285703393,0.0061644294577931,0.0579717203129336,-0.0293396614361764,-0.00417481028839569,-0.0227109890728035,0.0471739665286311,-0.127572861416512,-0.185848913011158,0.00966418454603378,-0.00707208955259317,-0.0627926537362022,-0.124478380170618,-0.0303558211515658,-0.043204658787302,0.00496477032301882,-0.0552926518871021,0.00787893434183815,0.0740953207683441
0.0181788880276419,0.00258671726442674,0.0140717549945014,-0.0292290440095642,0.0790442919084649,0.115152200615479,-0.00598793987868564,0.00438187483443579,0.0389064005974322,0.0771269477634031,0.0188085017579997,0.0267696563600563,-0.00307617741198042,0.0342593908110894,-0.00488179679540585,-0.0459095461121818,0.0222803392176676,0.00317032252049691,0.0172465705376847,-0.0358235891299287,0.0968779627369419,0.14113239970853,-0.0073389159727071,0.00537049667571193,0.0476843138992423,0.0945280347389241,0.0230520039898551,0.0328093238450853,-0.00377021279455787,0.0419888635378061,-0.00598320911752014,-0.0562674823208779,0.0284474583747826,0.00404785659030522,0.0220203603134323,-0.0457394320011455,0.123693440457474,0.180197349188379,-0.00937030197834967,0.00685703117630616,0.0608831634710078,0.12069306069421,0.0294327172288615,0.041890828737819,-0.00481379437222435,0.0536112325771497,-0.00763934025669166,-0.0718421225789827,0.0284384906958698,0.00404658055791917,0.0220134186908018,-0.0457250132599547,0.123654447762836,0.180140544395938,-0.00936734811658983,0.00685486958938777,0.0608639708720061,0.120655013828967,0.029423438960337,0.041877623217081,-0.00481227688824692,0.053594332356626,-0.00763693205735008,-0.0718194753154129,0.0233387228389165,0.00332092244615288,0.0180658348945454,-0.0375253181574385,0.101479959502747,0.147836616319407,-0.00768753671799074,0.00562561154016777,0.0499494632907485,0.0990184028046488,0.0241470440258919,0.0343678661384789,-0.00394930932587186,0.0439834617801898,-0.00626742967945257,-0.0589403582190199,0.0298298919841989,0.00424456636039476,0.0230904624570998,-0.0479621869214953,0.129704450899951,0.188954225411338,-0.00982566147706446,0.00719025568564736,0.0638418436568102,0.126558264584443,0.0308630305094917,0.0439265568092168,-0.0050477256795949,0.0562165257734862,-0.00801058188346487,-0.0753333646968737
0.0580152901449523,0.00825513377883656,0.044907969487096,-0.0932802636935769,0.25225841769854,0.367491582509258,-0.0191096434998802,0.0139841193538411,0.124164146658676,0.246139491353082,0.0600246112426129,0.0854314839525853,-0.00981717500113466,0.109333887478291,-0.0155795479395395,-0.146513672017308,0.0711044780228295,0.0101176254895257,0.0550399338082589,-0.114325800029473,0.309171997114975,0.450403627850819,-0.0234210881797953,0.0171391628789489,0.152177586551006,0.30167254200983,0.0735671344617174,0.104706208621674,-0.0120320884782334,0.134001381013986,-0.0190945459602944,-0.179569526343309,0.090785946257547,0.0129181484695121,0.0702747929762061,-0.145970777452221,0.394749713307882,0.575073760321256,-0.0299039626182401,0.0218832225943353,0.194299804715352,0.385174435532579,0.0939302572957336,0.133688517138214,-0.0153625280478148,0.171092489720083,-0.0243798488023071,-0.22927373663952,0.0907573272081715,0.0129140761968297,0.0702526397922284,-0.145924762126508,0.394625273766281,0.574892476047427,-0.0298945357959402,0.0218763242025276,0.194238554313346,0.385053014468603,0.0939006470445636,0.133646373629988,-0.0153576852173234,0.171038555112217,-0.0243721633826425,-0.229201461175532,0.0744821561722332,0.0105982433562211,0.0576544974326357,-0.119756621932823,0.32385860375496,0.471799164876144,-0.0245336608331626,0.0179533250465794,0.159406483003312,0.316002901809315,0.0770617962537048,0.109680070786231,-0.0126036491376278,0.140366852630211,-0.0200015947490102,-0.188099622932075,0.0951977830450595,0.0135459192313287,0.0736898690939095,-0.153064378085502,0.413932983173145,0.603020063421088,-0.0313571765550897,0.0229466603889597,0.203742004324286,0.403892384888653,0.098494895124393,0.140185248651097,-0.0161090859588627,0.17940690589715,-0.0255646127250719,-0.240415530578058
-0.0172366699914069,-0.00245264681647209,-0.0133424110798935,0.0277140925776702,-0.074947398997065,-0.109183822342447,0.00567758288957775,-0.00415476075049118,-0.0368898684359412,-0.0731294314603193,-0.0178336506249712,-0.0253821758382607,0.00291673807576693,-0.0324837147695433,0.00462877158380482,0.0435300385033288,-0.0211255415516938,-0.00300600361083906,-0.0163526748385035,0.033966840150037,-0.0918567445158025,-0.133817458756129,0.00695853742670455,-0.00509214198076571,-0.0452128194638819,-0.0896286140963946,-0.0218572106725974,-0.0311088052745045,0.00357480136509779,-0.0398125662589971,0.00567309732539507,0.0533511193059536,-0.0269730167959023,-0.00383805478715428,-0.0208790374437298,0.0433687414653386,-0.117282366777622,-0.17085765843123,0.00888463599506485,-0.00650162888549953,-0.0577275681101584,-0.114437497732297,-0.0279072093437659,-0.0397196126365048,0.00456429374967035,-0.0508325439025635,0.0072433906164361,0.0681185205879041,-0.0269645139148804,-0.0038368448919669,-0.0208724556077943,0.0433550700524767,-0.117245395087795,-0.170803797850772,0.00888183523297878,-0.00649957933437663,-0.0577093702701824,-0.114401422849201,-0.0278984119710991,-0.0397070915624611,0.00456285491741083,-0.0508165196262983,0.00724110723489696,0.068097047139816,-0.0221290687848248,-0.0031487978904075,-0.0171294764411899,0.0355803679751373,-0.0962202182020417,-0.140174193507831,0.00728908903852345,-0.0053340341538096,-0.0473605653811932,-0.0938862448365785,-0.0228954944058953,-0.0325865677833019,0.00374461526142472,-0.041703783786556,0.005942586637577,0.0558854591244401,-0.0282837983945516,-0.00402456902201636,-0.0218936758242208,0.0454762902315552,-0.122981824475713,-0.179160662739371,0.00931639405391117,-0.00681758225359493,-0.0605328988815041,-0.119998706082034,-0.0292633889937567,-0.0416498282198547,0.00478610031669872,-0.0533028038539878,0.0075953906616552,0.0714288104227215
-0.0456105453969817,-0.00649003311087537,-0.0353058129306912,0.0733352137205245,-0.198320890638709,-0.288915068168551,0.0150236473900882,-0.0109940553435407,-0.0976155498611387,-0.193510304202564,-0.0471902363872876,-0.0671646486196179,0.00771808095659976,-0.0859562750750283,0.0122483517153046,0.115186332294941,-0.0559010222078692,-0.00795428955964334,-0.0432713754138983,0.0898808241631146,-0.243065291488764,-0.354098980867416,0.0184132252549669,-0.0134744920624098,-0.119639196881474,-0.237169358939411,-0.0578371170377395,-0.0823180797640156,0.00945940486354208,-0.105349401110052,0.0150117779844033,0.141174232046973,-0.0713742276017569,-0.0101560087994302,-0.0552487392081692,0.114759518654179,-0.310344905184297,-0.452112327391812,0.0235099409335205,-0.0172041838466618,-0.152754903775402,-0.302816999341406,-0.0738462266384095,-0.105103433332018,0.0120777347003965,-0.134509743034344,0.019166985079121,0.180250760570269,-0.0713517278357901,-0.0101528072541551,-0.0552313227856885,0.114723342258315,-0.310247073124038,-0.451969805057086,0.0235025297406198,-0.017198760458932,-0.152706749845045,-0.302721540352288,-0.0738229476079705,-0.105070300887272,0.0120739273568595,-0.134467340645692,0.0191609429446831,0.180193938940607,-0.0585564901402859,-0.0083321424148603,-0.0453268968563487,0.0941504356456527,-0.254611629311207,-0.37091975536235,0.0192879092458089,-0.0141145712624695,-0.125322421234643,-0.248435622101353,-0.0605845553408539,-0.0862284379728265,0.00990875525612482,-0.110353816866651,0.0157248829236638,0.147880435820677,-0.074842731880166,-0.010649550532294,-0.0579336087298329,0.120336375943075,-0.325426436257674,-0.474083192710729,0.0246524307852924,-0.0180402389226149,-0.160178186031418,-0.317532704058396,-0.0774348602621432,-0.110211043185558,0.0126646646874439,-0.141046382867499,0.0200984245073986,0.189010232374473
0.0367339953648515,0.00522696767025297,0.0284347305488294,-0.059062994696582,0.159724436839505,0.232687521768631,-0.0120998025519595,0.00885443430933566,0.0786179846113789,0.155850068350605,0.0380062529318403,0.0540933213931311,-0.00621601753755934,0.0692277933250705,-0.00986462431485954,-0.0927692085194101,0.0450217789066433,0.00640625612501361,0.0348500657041053,-0.0723885616683588,0.195760853398947,0.285185590495988,-0.0148297137269637,0.010852137913638,0.0963554736179374,0.191012364709448,0.0465810783600341,0.06629764968114,-0.00761845164067263,0.0848467032872322,-0.0120902431246468,-0.113699442541487,0.0574836482018103,0.00817948518081848,0.0444964407314691,-0.0924254597182293,0.249946765804288,0.364123954104308,-0.0189345260786341,0.0138559713368643,0.123026328196797,0.243883912226614,0.0594745562333622,0.0846486048181265,-0.00972721213133382,0.108331970910349,-0.0154367796948379,-0.145171046425097,0.057465527254307,0.00817690670804923,0.0444824138265701,-0.0923963238342708,0.249867973445706,0.36400916892168,-0.0189285572237719,0.0138516034281276,0.122987545800333,0.243807031101135,0.0594558076788602,0.0846219204831527,-0.0097241457584452,0.108297820712524,-0.0154319134575127,-0.145125283203841,0.0471604498186417,0.00671057270161509,0.0365055494191569,-0.0758272376816399,0.205060087081837,0.298732770143855,-0.0155341700623494,0.0113676473460178,0.100932650567472,0.200086030791884,0.0487938207206747,0.0694469889198433,-0.00798035117716493,0.0888771787750097,-0.0126645663059518,-0.119100510566323,0.0602771254333823,0.00857697570783546,0.0466587912077814,-0.0969169703550283,0.262093186938313,0.38181893358246,-0.019854668921788,0.014529316569146,0.129004919630227,0.255735702731627,0.0623647836961785,0.088762191162083,-0.0101999160474137,0.113596474880712,-0.0161869459413317,-0.152225783303457
-0.0625099608690346,-0.00889469117872915,-0.0483871649755149,0.100507049413525,-0.271801860851201,-0.395962588223857,0.0205901420886481,-0.015067523603044,-0.133783627205494,-0.265208877424599,-0.0646749519062986,-0.0920501941042918,0.0105777498247811,-0.11780441002452,0.0167865562617134,0.157864657432508,-0.0766132191654122,-0.0109014773839381,-0.059304092076283,0.123183065504073,-0.333124757166105,-0.485298152984857,0.0252356111978628,-0.0184670006512813,-0.163967377508241,-0.325044290034244,-0.0792666672003032,-0.112818206843964,0.012964261284705,-0.144382990460829,0.0205738748838066,0.193481477675036,-0.0978194874806001,-0.0139189677981786,-0.0757192551833572,0.157279702708766,-0.425332512692524,-0.619626966695744,0.0322207391952155,-0.0235786011694935,-0.209352968144631,-0.415015400814796,-0.101207400554309,-0.144045887800772,0.0165527229928351,-0.184347691973382,0.0262686507439245,0.247036466935273,-0.0977886512018864,-0.0139145800306541,-0.0756953857058434,0.15723012239636,-0.425198432334456,-0.61943163762241,0.0322105820402377,-0.0235711683323761,-0.209286972435171,-0.414884572787583,-0.101175496281533,-0.144000479270649,0.0165475049693837,-0.184289578841159,0.0262603699048337,0.246958592009294,-0.0802525792103225,-0.0114193305906534,-0.0621212161385955,0.129034634354576,-0.348949192484287,-0.508351285682866,0.02643437919251,-0.0193442391363853,-0.171756324753543,-0.340484878680217,-0.0830320740666972,-0.118177413503064,0.0135801029768478,-0.151241619981582,0.0215511962786882,0.202672434104636,-0.102573126465408,-0.0145953744085366,-0.0793989105629828,0.164922872240437,-0.446001985268143,-0.649738378856917,0.0337865392817072,-0.0247244276363185,-0.219526691771581,-0.435183502687135,-0.106125678672679,-0.151045946434147,0.017357119656016,-0.193306258388871,0.0275452029470771,0.259041459091111
-0.245528219289329,-0.0349367949664435,-0.190056341225168,0.394774153198226,-1.06759028427707,-1.55527195730428,0.0808744854685125,-0.0591826036670571,-0.525478744526044,-1.04169419574921,-0.254031926326843,-0.361557101131695,0.0415475556608937,-0.462715167561053,0.0659346640061696,0.620064829497025,-0.300923357080918,-0.0428191010278989,-0.232936126045043,0.483841587794019,-1.30845592112185,-1.90616646803561,0.0991210775682697,-0.0725351563572974,-0.644035249125907,-1.27671725614223,-0.311345637977054,-0.4431302314818,0.05092135626679,-0.567111193970946,0.0808105907262664,0.759961484835163,-0.38421787886295,-0.0546712768704551,-0.29741202254205,0.617767229407558,-1.67063189602768,-2.43378661002838,0.126557441546984,-0.092612631299003,-0.82230193007447,-1.63010808074559,-0.397525010278976,-0.56578711354135,0.0650162077262407,-0.724085568300904,0.10317867665606,0.970316138146727,-0.384096759340608,-0.0546540424852152,-0.297318267399224,0.617572486591409,-1.6701052517761,-2.43301939151017,0.126517546014495,-0.0925834364117193,-0.822042710442925,-1.62959421108213,-0.397399695862306,-0.565608756758104,0.0649957122405865,-0.72385731005736,0.103146150964987,0.970010259025429,-0.315218128326283,-0.0448531380666436,-0.244001297818,0.506825529232137,-1.37061154193679,-1.9967151508646,0.103829629085098,-0.0759807960624784,-0.674628874856763,-1.33736519420393,-0.326135499144021,-0.464180260141539,0.0533402749788451,-0.59405069400557,0.0846493386381613,0.796061958013406,-0.402889343360096,-0.0573280840136346,-0.311865066831274,0.647788265715183,-1.75181797780709,-2.55205898303001,0.132707631079255,-0.0971132377320092,-0.862262541326495,-1.70932486588381,-0.416843148565818,-0.593282122453203,0.0681757374646591,-0.759273254052114,0.108192750971777,1.01746965265269
-0.0381145475137336,-0.00542340972284301,-0.0295033763079463,0.0612827244983066,-0.165727266434206,-0.241432480083269,0.0125545423168079,-0.00918720530773853,-0.0815726381010961,-0.161707289832446,-0.0394346195887984,-0.0561262788851688,0.00644963046976919,-0.0718295407769345,0.0102353606902668,0.0962556991366029,-0.0467138059513119,-0.00664701868219896,-0.0361598152322636,0.0751090984183949,-0.20311801844845,-0.295903552859705,0.0153870501383646,-0.0112599874319883,-0.0999767447276701,-0.198191070100558,-0.04833170763922,-0.0687892752673049,0.00790477142917427,-0.0880354470485718,0.0125446236231593,0.117972541837338,-0.0596440223528487,-0.00848688996298199,-0.0461687243003893,0.0958990314263453,-0.259340368139399,-0.377808610573208,0.0196461312390936,-0.0143767121605608,-0.127649954352194,-0.253049657900562,-0.061709753510333,-0.0878299035611799,0.0100927842254435,-0.112403347675862,0.0160169311095658,0.15062692450498,-0.0596252203764302,-0.00848421458498675,-0.046154170230571,0.0958688005455913,-0.259258614573932,-0.377689511486552,0.0196399380602686,-0.0143721800952783,-0.127609714419726,-0.252969887396949,-0.0616903003399309,-0.0878022163645346,0.0100896026108656,-0.112367914031231,0.0160118819873045,0.150579441391487,-0.0489328532746967,-0.00696277220976628,-0.0378775160183839,0.0786770081704047,-0.212766739763066,-0.309959868194785,0.0161179816419958,-0.0117948709522551,-0.104725943027203,-0.207605746440221,-0.0506276101949486,-0.0720569742708626,0.00828027202315627,-0.0922173975267607,0.0131405312548958,0.123576595026022,-0.0625424851967015,-0.00889931914275872,-0.0484123411232304,0.100559343866481,-0.271943281077032,-0.396168610060764,0.0206008552696946,-0.0150753633307927,-0.133853235672164,-0.265346867279489,-0.0647086026924836,-0.092098088401988,0.0105832534948601,-0.117865704403511,0.0167952904130176,0.157946795411384
0.0674034229387174,0.00959099354877613,0.0521750533884232,-0.108375034406689,0.293079303326827,0.426959694597774,-0.0222019984699259,0.0162470533005593,0.144256599771359,0.285970201926777,0.0697378957893559,0.099256151796379,-0.0114058069348888,0.127026482860305,-0.0181006568499283,-0.170222763285557,0.0826107254317767,0.0117548768316448,0.0639465893857961,-0.132826195179587,0.359202734835615,0.523288707947673,-0.0272111284511967,0.019912651327934,0.176803222089602,0.350489705167074,0.0854718931185777,0.121649945150715,-0.0139791414730174,0.155685712099188,-0.0221844578208403,-0.208627772105976,0.10547708228641,0.0150085851971117,0.0816467793416381,-0.169592016599809,0.45862878242183,0.6681331730143,-0.0347430726428282,0.025424402844539,0.22574172914446,0.447504016932734,0.109130211077601,0.15532222005962,-0.0178485184307032,0.198778967017616,-0.0283250373461567,-0.266375202137954,0.105443832053854,0.0150038539423468,0.0816210412918005,-0.169538554995928,0.458484205862239,0.667922553011358,-0.0347321203561318,0.0254163881432516,0.225670567098363,0.447362947305944,0.109095809245291,0.15527325681731,-0.0178428919251557,0.198716304619895,-0.0283161082588278,-0.266291230935619,0.0865349851965093,0.0123132690978876,0.0669842461368653,-0.139135841907919,0.37626595310818,0.548146507116061,-0.0285037395011043,0.0208585626004345,0.185201910844542,0.367139028130301,0.0895320670176406,0.127428686139149,-0.0146431930491456,0.163081255144493,-0.0232382867852237,-0.218538223413626,0.110602849996652,0.0157379428899124,0.0856144888774233,-0.17783351573648,0.480916321600643,0.700601794350247,-0.0364314481273114,0.0266599279494034,0.236711881532263,0.469250936647186,0.114433506353009,0.162870263701013,-0.018715885610991,0.208438836143,-0.0297015217792971,-0.279319980096642
-0.0718028152512121,-0.0102169935566101,-0.0555804965955096,0.115448626109422,-0.312208462912382,-0.454827169516167,0.023651113323921,-0.0173074914545112,-0.153672165752893,-0.30463535353344,-0.0742896581368586,-0.105734557968389,0.012150259028854,-0.135317446550487,0.0192820789072187,0.181333129548276,-0.08800269181195,-0.0125221125670537,-0.0681203556648456,0.141495703588712,-0.382647742245693,-0.557443535975522,0.0289871870562818,-0.0212123414824407,-0.188343092057222,-0.373366016892704,-0.0910506066783047,-0.129589984546015,0.0148915540011998,-0.165847251307622,0.0236324278042431,0.222244816712307,-0.112361525905499,-0.0159881890726838,-0.0869758293767102,0.180661214298686,-0.488563285028765,-0.711741936737683,0.0370107379932403,-0.0270838426407305,-0.240475794337415,-0.476712410899526,-0.116253092835582,-0.165460034299576,0.0190134835222364,-0.21175318436824,0.0301738003038644,0.283761396568916,-0.11232610544462,-0.0159831490109633,-0.0869484114154726,0.180604263279003,-0.488409272019553,-0.711517569658088,0.0369990708555201,-0.0270753048233505,-0.240399987575296,-0.476562133719105,-0.116216445610532,-0.165407875247581,0.0190074897771012,-0.211686432022875,0.0301642884188608,0.283671944602461,-0.0921830863171526,-0.0131169508554176,-0.0713562789604907,0.148217178234692,-0.400824669407538,-0.583923792962801,0.0303641662713074,-0.022219991975282,-0.197289959600903,-0.391102033977078,-0.0953757863747019,-0.135745901463682,0.015598947936985,-0.173725498254327,0.024755039730121,0.232802118897781,-0.11782185026104,-0.0167651516271795,-0.0912025096007617,0.189440632525583,-0.512305522266708,-0.74632977096928,0.0388093130166073,-0.0284000099357279,-0.252161963834997,-0.499878742674092,-0.121902531903818,-0.173500735490431,0.0199374633838792,-0.222043548980604,0.0316401272816325,0.297551074595812
-0.0113210710750544,-0.00161090216063364,-0.00876331589705965,0.0182026581705665,-0.049225565689848,-0.0717121006320352,0.00372904508002221,-0.00272885318217534,-0.0242293217147454,-0.0480315218457703,-0.0117131688634545,-0.0166710517082321,0.00191571800582924,-0.0213353532829213,0.00304018421867861,0.0285905955176796,-0.0138752878325669,-0.0019743477450775,-0.0107404617136747,0.0223094722893278,-0.060331649553246,-0.0878915105073405,0.0045703779689129,-0.00334452660039652,-0.0296958486128346,-0.0588682101037942,-0.014355849224373,-0.0204323106347264,0.00234793497547087,-0.0261489540916615,0.00372609895464247,0.035041096331108,-0.0177159184695931,-0.00252084022360399,-0.013713383559413,0.0284846553777225,-0.0770312369385732,-0.112219570008687,0.0058354424390709,-0.00427027974388683,-0.0379155545642493,-0.0751627226212829,-0.0183294975563553,-0.0260879020109845,0.00299783507911941,-0.0333868921742797,0.00475746997731792,0.0447403479609273,-0.0177103337644012,-0.00252004556260412,-0.0137090605995567,0.0284756759729545,-0.0770069538764444,-0.112184194297496,0.00583360289427156,-0.00426893359559102,-0.037903602195266,-0.0751390285831794,-0.018323719428603,-0.0260796781505024,0.00299689005190225,-0.0333763674052486,0.00475597024884897,0.0447262441675523,-0.014534406046102,-0.00206813524515213,-0.0112506661881825,0.0233692398197525,-0.0631975857091665,-0.0920666235636998,0.00478748477047267,-0.00350340174767813,-0.0311064913990086,-0.061664628451711,-0.0150377955600979,-0.0214029072988435,0.00245946900094143,-0.0273911086411515,0.00390309994489756,0.0367056545797563,-0.018576841817872,-0.00264334305683313,-0.0143797995914391,0.0298688966138996,-0.0807746494261083,-0.117672995870864,0.00611902178901863,-0.00447779839675853,-0.0397581000830342,-0.0788153327264798,-0.0192202384138262,-0.0273556705428514,0.00314351796981082,-0.0350093626687474,0.00498866414256762,0.0469145513608695
-0.0296198149296687,-0.00421467399607705,-0.0229278478441037,0.0476244131554143,-0.128791007129557,-0.187623515024037,0.00975646424286041,-0.00713961830028373,-0.0633922373867539,-0.125666977835418,-0.0306456775755038,-0.0436172039736443,0.00501217706468851,-0.0558206208149074,0.00795416734974674,0.0748028293743942,-0.0363025242904892,-0.00516557262367714,-0.028100741185101,0.0583692511077434,-0.157848341585488,-0.229954414900972,0.011957680390871,-0.0087504316750898,-0.0776945515367144,-0.154019480750134,-0.0375598381429747,-0.0534579507163096,0.00614300528450744,-0.0684146557922476,0.00974875616577751,0.0916795576477841,-0.0463509347216005,-0.00659538487086621,-0.0358789270376012,0.0745256535384378,-0.201540204703028,-0.293604984290616,0.0152675240648274,-0.0111725202388797,-0.0992001288308689,-0.196651528719576,-0.0479562686051285,-0.0682549225551063,0.00784336743798413,-0.0873515907393255,0.0124471774205282,0.117056135210712,-0.0463363232123958,-0.00659330576442903,-0.035867616688073,0.0745021603278003,-0.201476671862239,-0.293512429265432,0.0152627111830647,-0.0111689982520354,-0.0991688573235256,-0.196589536968185,-0.0479411510359931,-0.0682334061081313,0.00784089492181582,-0.0873240543243687,0.0124432536151391,0.117019234837346,-0.0380270041892772,-0.00541095297475082,-0.0294356115353551,0.0611419673915249,-0.165346616084061,-0.240877946360138,0.0125257064406626,-0.00916610369306469,-0.0813852781456493,-0.161335872757754,-0.0393440442593593,-0.0559973653504823,0.00643481664854685,-0.0716645592356602,0.0102118516219377,0.0960346144209243,-0.0486034062479778,-0.00691589440786597,-0.037622500539076,0.0781473046138316,-0.211334259024489,-0.307873021625555,0.0160094651592381,-0.0117154603946091,-0.104020861507493,-0.206208012784459,-0.0502867529889529,-0.0715718409843439,0.00822452397627377,-0.0915965314747365,0.01305206085798,0.122744598952243
0.0479495467733071,0.00682285518626629,0.0371163667032545,-0.0770959923810835,0.208491188584515,0.30373121948193,-0.0157940905325017,0.0115578528240603,0.102621473458165,0.203433905508434,0.0496102475250253,0.0706089881729901,-0.00811387981896708,0.0903642873878476,-0.0128764720605113,-0.121093321291165,0.0587677401290028,0.00836220167877639,0.0454904194040037,-0.0944900953216372,0.255530173159896,0.372257895574433,-0.0193574928325435,0.0141654913741907,0.125774537814861,0.249331885218217,0.0608031218328262,0.0865395180342372,-0.00994450235146883,0.110751932302055,-0.0157816124395934,-0.148413933308722,0.0750344429125285,0.0106768295515849,0.0580820067326725,-0.120644619780296,0.32626002205132,0.475297565516439,-0.024715578439545,0.0180864493259639,0.160588485396962,0.318346069912028,0.0776332110789663,0.110493350796947,-0.0126971054586552,0.141407675767842,-0.0201499069909261,-0.189494385556289,0.075010789312879,0.0106734638245676,0.0580636971606845,-0.120606588185399,0.326157172964372,0.475147734347009,-0.0247077871856245,0.0180807478158996,0.160537862035284,0.318245715592127,0.0776087382525803,0.110458519253162,-0.0126931028668111,0.141363098898605,-0.0201435550035662,-0.189434649998087,0.0615593858486976,0.00875943159560725,0.047651352159586,-0.0989786611500861,0.267668630629739,0.389941273538632,-0.0202770323944081,0.0148383951352563,0.131749209452169,0.261175905230302,0.0636914543505662,0.0906504073516487,-0.0104168963445513,0.116012984659697,-0.0165312868480387,-0.155464044828322,0.07868081913284,0.0111956811066048,0.0609045618148084,-0.126507469634305,0.342114964659918,0.498395141418901,-0.0259166574906451,0.0189653790037513,0.168392448639416,0.333816425845903,0.0814058771213432,0.115862889254348,-0.0133141344071502,0.148279527763737,-0.021129112524295,-0.198703060859983
0.0970798134876104,0.0138137178244286,0.0751466947941118,-0.156090413041491,0.42211630898798,0.614941581764538,-0.0319770981434022,0.0234003086990937,0.207769920125467,0.41187721121087,0.100442108443134,0.142956667240048,-0.0164275575577433,0.182953724401763,-0.0260700171353599,-0.245168470540911,0.118982589716321,0.0169303160081862,0.0921010046683546,-0.191306935050272,0.517352576200555,0.753682349543587,-0.0391916487272663,0.0286797968512255,0.254646174869673,0.504803372343312,0.123103472800314,0.175210003752284,-0.0201338802652693,0.22423104397853,-0.0319518346943451,-0.300482443195773,0.151916550067374,0.0216165676478067,0.11759423727719,-0.244260018596771,0.660553940977768,0.962298960396799,-0.0500397585923615,0.0366182632657362,0.325131336158398,0.64453116184151,0.157178079025887,0.223707513601778,-0.0257068671699095,0.286297404523136,-0.0407959896205059,-0.38365492157258,0.151868660416756,0.0216097533153869,0.117557167274379,-0.244183018908815,0.660345710225859,0.961995608583035,-0.0500239842310101,0.0366067198503988,0.325028842874508,0.644327982055374,0.157128530748981,0.223636992814791,-0.0256987634255399,0.286207153114257,-0.0407831292330847,-0.383533979514957,0.124634623239656,0.0177345573166589,0.0964760814519371,-0.200394594116432,0.541928391124747,0.789484544769988,-0.0410533707907163,0.0300421741001327,0.266742639742256,0.528783062060771,0.128951260756227,0.183533009808822,-0.0210903005826068,0.234882697977327,-0.0334696436549256,-0.314756269695645,0.159299091659416,0.0226670470700049,0.123308850644188,-0.256130086379142,0.692654241707957,1.00906287187292,-0.0524714923231499,0.0383977655745218,0.340931429110753,0.675852819077353,0.16481631004977,0.234578811185122,-0.0269561189202868,0.30021032247479,-0.0427785128546652,-0.402299028578993
-0.241041249398841,-0.0342983333365,-0.186583106730811,0.387559749313938,-1.04808032540231,-1.52684973168743,0.0793965234556072,-0.0581010556418917,-0.515875745279748,-1.02265748174154,-0.249389553210016,-0.354949730984321,0.0407882839494245,-0.454259157776402,0.0647297236820332,0.608733292013649,-0.295424054204553,-0.0420365921268608,-0.228679273667763,0.474999497697485,-1.28454419994334,-1.87133172857842,0.0973096634186096,-0.0712095936031706,-0.632265657917185,-1.25338555152776,-0.305655870392777,-0.43503213175225,0.0499907805756811,-0.556747371599442,0.0793337963745995,0.746073369203258,-0.377196388384849,-0.0536721722709826,-0.291976888470382,0.606477680020099,-1.64010149493055,-2.3893097377948,0.124244634362205,-0.0909201574590498,-0.807274557612707,-1.60031824274767,-0.390260335134911,-0.555447488425206,0.0638280519724714,-0.710853076522538,0.101293110846817,0.952583841188272,-0.37707748229301,-0.0536552528400395,-0.291884846680523,0.60628649608266,-1.63958447497759,-2.38855654001278,0.124205467911096,-0.0908914961013969,-0.80702007515836,-1.59981376393026,-0.390137310809441,-0.555272391069811,0.0638079310369495,-0.710628989644179,0.101261179555024,0.952283551935265,-0.309457591900654,-0.0440334576218399,-0.239542232054732,0.497563413064889,-1.34556394155087,-1.96022565573552,0.101932167274827,-0.0745922650611359,-0.662300192404303,-1.31292516292627,-0.320175450359754,-0.455697476137963,0.0523654941228068,-0.583194558669511,0.0831023920801709,0.78151411480863,-0.395526636303092,-0.0562804268946562,-0.306165806808059,0.635950089019696,-1.71980392034849,-2.50542071127147,0.130282430641545,-0.0953385163784615,-0.846504898185409,-1.67808735995279,-0.409225439032939,-0.582440032579715,0.066929842055361,-0.745397715674303,0.106215554145341,0.99887563641638
-0.0522723280907018,-0.00743795403318385,-0.0404625075398497,0.0840464045942907,-0.227287233083444,-0.331113410335439,0.0172179705078833,-0.0125998245134539,-0.111873076822128,-0.221774022261029,-0.054082745506422,-0.0769745794132446,0.00884536802799727,-0.0985108722789758,0.0140373208401731,0.132010211692935,-0.0640658108343671,-0.00911607677503535,-0.0495915037385389,0.10300863295592,-0.278566909331532,-0.405817951602691,0.0211026231622154,-0.0154425487310321,-0.137113452546224,-0.271809828969129,-0.0662846877033201,-0.0943412896243492,0.0108410261325788,-0.120736518518983,0.0172043674811534,0.161793850770322,-0.0817990008658469,-0.0116393746103067,-0.0633182567178456,0.131521058527382,-0.355673245383836,-0.518146926452659,0.0269437546772095,-0.0197169916460804,-0.175065971654437,-0.347045829056525,-0.0846320550106534,-0.120454625191875,0.0138417838540769,-0.154155960164259,0.021966475599998,0.206577816886863,-0.0817732148302198,-0.0116357054538964,-0.063298296488426,0.131479598281352,-0.355561124173552,-0.517983587598098,0.0269352610206773,-0.0197107761294645,-0.175010784459796,-0.346936427523284,-0.0846053758927839,-0.120416653490219,0.0138374204177533,-0.154107364569705,0.0219595509637991,0.206512696006538,-0.0671091309654789,-0.0095491180431456,-0.0519472504261097,0.107901855132777,-0.291799681569786,-0.425095533913669,0.0221050617024046,-0.0161761165859732,-0.143626756989666,-0.284721619416524,-0.0694334112088027,-0.0988227867313025,0.0113560077216901,-0.126471868974769,0.0180216270649555,0.169479548909887,-0.0857741077637574,-0.0122050020362049,-0.0663952727740144,0.137912460151347,-0.372957553947046,-0.543326811288307,0.0282531142529902,-0.0206751592113165,-0.183573483288403,-0.363910879416201,-0.0887448370996294,-0.126308242062706,0.014514439630985,-0.161647328201968,0.0230339591603845,0.216616679173323
0.0348474186414747,0.0049585221760289,0.0269743857032414,-0.056029649973233,0.151521343173734,0.220737205500857,-0.0114783834652183,0.00839969015475221,0.0745803388738683,0.147845953677899,0.036054335874852,0.0513152080946232,-0.00589677663054702,0.0656724070350514,-0.0093579990367642,-0.088004787233337,0.0427095599583184,0.00607724498507633,0.0330602434396743,-0.068670845309824,0.185707009113764,0.270539089576924,-0.0140680924425444,0.0102947961221068,0.0914068696914643,0.181202392296733,0.0441887772419282,0.0628927490853637,-0.00722718482118538,0.0804891643403495,-0.011469314988941,-0.107860090746802,0.054531415219931,0.00775940492006626,0.0422112019894447,-0.0876786926099976,0.23711005295108,0.345423353491329,-0.0179620907142441,0.0131443593070736,0.116707968191757,0.231358574118332,0.0564200746201156,0.0803012397702994,-0.00922764403894271,0.102768280582437,-0.014643980845518,-0.137715382689812,0.0545142249241966,0.00775695887195324,0.042197895475345,-0.0876510530805724,0.237035307193696,0.345314463421704,-0.0179564284065607,0.013140215724465,0.116671177573364,0.23128564143735,0.0564022889498893,0.0802759258837274,-0.00922473514818091,0.10273588426321,-0.0146393645273746,-0.137671969766343,0.0447383934643536,0.00636593253564206,0.0346307051740857,-0.071932918531564,0.19452865473042,0.283390516052907,-0.0147363694592425,0.0107838301306687,0.0957489729604473,0.189810054965796,0.0462878780508957,0.0658803452290743,-0.00757049799823145,0.0843126435250061,-0.012014142202416,-0.112983771868421,0.0571814256418074,0.00813648121311319,0.0442624989297646,-0.0919395291985201,0.248632660771138,0.36220955797584,-0.0188349770569047,0.0137831230180859,0.122379512397548,0.242601682886578,0.0591618663954316,0.0842035614214549,-0.00967607092780926,0.107762411277256,-0.0153556202134286,-0.144407803891588
-0.0168382167463267,-0.00239594995544579,-0.0130339798693042,0.0270734369215875,-0.0732148697814109,-0.106659863344317,0.00554633646392292,-0.00405871679859152,-0.0360371000185955,-0.0714389274771973,-0.0174213972160071,-0.0247954261740278,0.00284931300167096,-0.0317328016541541,0.00452177011198796,0.0425237719153647,-0.0206371908093784,-0.00293651502087019,-0.0159746565578036,0.0331816422150733,-0.0897333286847243,-0.130724053781947,0.00679767968445708,-0.00497442895976706,-0.0441676526977031,-0.0875567050700831,-0.0213519462262026,-0.0303896753951035,0.00349216410365747,-0.0388922349984476,0.00554195459074351,0.0521178226989689,-0.0263494922939371,-0.00374933200105351,-0.0203963850388423,0.0423662035168531,-0.114571196948617,-0.166908009892233,0.00867925339823177,-0.00635133331628425,-0.0563931028767028,-0.111792091609593,-0.0272620894842049,-0.0388014301478783,0.00445878278630201,-0.0496574682015287,0.00707594803628917,0.0665438518385549,-0.0263411859706342,-0.00374815007453199,-0.0203899553525905,0.0423528481406051,-0.11453507991864,-0.166855394385393,0.00867651738024897,-0.00634933114381954,-0.0563753257089561,-0.111756850655222,-0.0272534954769033,-0.0387891985185236,0.00445737721495561,-0.049641814352085,0.00707371743877296,0.0665228747836262,-0.021617519902569,-0.00307600838186786,-0.0167335011467787,0.034757870759149,-0.0939959336851343,-0.136933842424499,0.00712059006612762,-0.00521072940764844,-0.0462657500268135,-0.0917159138537275,-0.0223662283673686,-0.0318332770556988,0.00365805247967886,-0.0407397340025687,0.005805214225673,0.0545935771917912,-0.0276299730756749,-0.00393153466052594,-0.0213875684274183,0.0444250329164239,-0.120138902549804,-0.17501907695193,0.00910103067774411,-0.00665998291602565,-0.0591335839323015,-0.11722474371763,-0.0285869188685864,-0.0406870257052444,0.00467546193913399,-0.0520706241360908,0.00741981103645514,0.06977761901978
0.209491084812485,0.0298089852912875,0.162161030670916,-0.336831610838067,0.910895893905069,1.32699862548252,-0.0690042217692515,0.0504961420733035,0.448352179457395,0.888800675303298,0.2167466695977,0.308489955073071,-0.0354494588520238,0.394800657505395,-0.0562571761786875,-0.529055495785311,0.256755662150629,0.0365343745455975,0.198747182211632,-0.412826270632956,1.11640874168573,1.62639098013985,-0.0845726903720587,0.0618888885209046,0.549507683423864,1.08932848436815,0.265648224225455,0.378090278889441,-0.0434474301786154,0.483874071901603,-0.068949705107559,-0.648418973324688,0.327824722063831,0.046646960307968,0.25375969987869,-0.527095123423223,1.42542673601506,2.07657025580483,-0.107982112188612,0.0790195141492239,0.701609468244892,1.39085075917314,0.339178713894809,0.482744331921499,-0.0554735253095855,0.617808705001324,-0.08803473981426,-0.827899053639468,0.327721379726234,0.0466322554806759,0.253679705543887,-0.526928963769833,1.42497738939456,2.07591564494123,-0.107948072279047,0.0789946043094273,0.701388295289807,1.39041231216463,0.339071792363887,0.482592153259046,-0.0554560380263075,0.617613949110551,-0.088006988045739,-0.827638069589946,0.268952334060707,0.0382698680339989,0.208188275561565,-0.432436769332758,1.16944153958327,1.70364947958685,-0.0885901494161188,0.0648287982461518,0.575610963369668,1.14107488799117,0.278267319778145,0.396050712732957,-0.0455113147558277,0.506859556433257,-0.0722250250146239,-0.67922083923747,0.343755702884963,0.0489138175033373,0.266091414480606,-0.552709855128943,1.49469681988921,2.17748333127605,-0.113229614413191,0.0828595490205455,0.73570490470913,1.45844058775577,0.355661453671042,0.506203791125597,-0.0581693185439209,0.647831756858248,-0.0923128788842634,-0.86813166288971
-0.0181868175762469,-0.00258784557877932,-0.0140778930302831,0.0292417935861499,-0.0790787706705147,-0.115202429483733,0.00599055179093459,-0.00438378618838813,-0.0389233713931219,-0.0771605901886226,-0.0188167059412616,-0.0267813331628907,0.00307751922663205,-0.0342743346021618,0.00488392621305285,0.0459295716482198,-0.0222900578007016,-0.00317170540081838,-0.0172540934136241,0.0358392152172218,-0.0969202204654183,-0.141193961021935,0.00734211717460818,-0.00537283926203285,-0.0477051135809491,-0.0945692674394533,-0.0230620591695669,-0.0328236351235161,0.00377185734429931,-0.0420071788898664,0.00598581896623251,0.0562920259417674,-0.0284598670272551,-0.00404962224701261,-0.022029965494846,0.045759383334179,-0.123747394975855,-0.180275950455778,0.00937438926162397,-0.00686002218224205,-0.0609097204311054,-0.12074570646053,-0.0294455556467828,-0.0419091013275437,0.00481589412752242,-0.0536346175539342,0.00764267250230445,0.0718734597873977,-0.0284508954366813,-0.00404834565802701,-0.0220230208443111,0.0457449583035986,-0.12370838527278,-0.180219120885344,0.00937143411140301,-0.00685785965244924,-0.0608905194603789,-0.120707642999416,-0.0294362733311196,-0.0418958900466173,0.00481437598162535,-0.0536177099616108,0.00764026325251722,0.0718508026451942,-0.0233489030840915,-0.00332237101747969,-0.0180737151298858,0.0375416865312243,-0.101524224601365,-0.147901101981727,0.00769088998668161,-0.00562806540643686,-0.0499712510203585,-0.0990615941833863,-0.0241575768571068,-0.0343828572459977,0.00395103199670893,-0.0440026471669676,0.0062701635038865,0.0589660677362677,-0.0298429036479492,-0.00424641782101274,-0.0231005344122209,0.0479831078101557,-0.129761027393856,-0.189036646388476,0.00982994738608926,-0.00719339204260467,-0.0638696911798017,-0.126613468726129,-0.0308764928235865,-0.0439457173743041,0.0050499274746695,-0.0562410471673606,0.00801407606299349,0.0753662247692848
0.129063486483668,0.0183647508135137,0.0999043372604952,-0.207515570849152,0.561185694351989,0.817538700117528,-0.0425121930682803,0.0311097159852351,0.276221279321353,0.547573248982698,0.133533514741414,0.190054813943796,-0.0218397396600281,0.24322920170708,-0.0346589798981015,-0.3259410627928,0.158182296689353,0.022508135654439,0.122444371740202,-0.254334440282417,0.687798264407182,1.00198865488872,-0.0521036314766897,0.0381285711239535,0.338541267929035,0.671114631175678,0.163660835626592,0.232934254184288,-0.0267671381941006,0.298105643944559,-0.0424786063863659,-0.399478638789585,0.201966597399452,0.0287383080602237,0.156336541121588,-0.324733314539055,0.87817839332786,1.27933557355125,-0.0665257325361003,0.0486824248653497,0.432248294492777,0.856876789377548,0.208961576553456,0.297409632556854,-0.034176187451622,0.380620232688198,-0.0542365345154481,-0.510052914255906,0.201902930144095,0.0287292486948566,0.156287258128195,-0.324630946726131,0.877901559392266,1.27893228020623,-0.0665047611930382,0.0486670783852129,0.432112034027446,0.856606670486301,0.208895704224935,0.297315878167438,-0.034165413867863,0.380500247275459,-0.0542194371768925,-0.509892126929906,0.165696435067228,0.0235773402966474,0.128260850398713,-0.266416096817564,0.720470765963836,1.04958615197577,-0.0545787118434549,0.0399397937801696,0.354623003920236,0.702994609603189,0.171435221203709,0.243999337038188,-0.028038658361526,0.312266565278405,-0.0444964688979546,-0.418455084534111,0.211781372714211,0.0301348758103827,0.163933876742191,-0.340514065219893,0.9208543789996,1.3415062065582,-0.0697586191911159,0.051048197562337,0.453253846624963,0.898517601613145,0.219116280101953,0.31186256070228,-0.0358370145649755,0.399116865855203,-0.0568722149050497,-0.534839462212442
0.0340875820665914,0.00485040322049075,0.0263862180385658,-0.0548079417667921,0.148217469804995,0.215924102874728,-0.0112281010650457,0.0082165376560569,0.0729541389585579,0.144622220975952,0.0352681828641314,0.0501962967526039,-0.00576819934326199,0.0642404416622572,-0.00915395092608454,-0.0860858716088343,0.0417782919614724,0.00594473264430021,0.0323393756359939,-0.0671734999703773,0.181657728471528,0.264640073144426,-0.0137613422844721,0.0100703214571388,0.0894137727708074,0.177251333352024,0.0432252553956407,0.0615213932457337,-0.00706959841809835,0.0787341244168241,-0.0112192303239299,-0.105508236718162,0.0533423755326431,0.00759021363165965,0.04129080052524,-0.0857668873721849,0.231939945737161,0.337891510157339,-0.0175704331964671,0.0128577508481321,0.114163189087033,0.226313876020703,0.0551898533318453,0.0785502974806078,-0.00902643827638882,0.10052745181036,-0.0143246736290268,-0.134712543777456,0.0533255600656892,0.00758782091882633,0.0412777841553315,-0.0857398505136658,0.231866829786589,0.337784994400095,-0.0175648943535523,0.0128536976149881,0.11412720067605,0.226242533612993,0.0551724554723457,0.0785255355550595,-0.00902359281303942,0.100495761882287,-0.0143201579681918,-0.134670077458596,0.0437628874159579,0.00622712545717274,0.033875593965534,-0.0703644447516057,0.190287020988542,0.277211278466116,-0.0144150477392228,0.0105486922389668,0.0936611978970665,0.185671308749686,0.0452785859974823,0.0644438458319164,-0.00740542576351819,0.0824742338874226,-0.0117521777580718,-0.110520197647411,0.0559346033433287,0.00795906789937017,0.043297369606167,-0.0899348178113919,0.243211306859442,0.354311696939017,-0.0184242865376968,0.0134825865251821,0.119711067124951,0.237311832476652,0.0578718612335541,0.0823675302834898,-0.00946508736349543,0.105412687117526,-0.0150207959330931,-0.141259038922099
-0.0241881611200933,-0.00344179104183618,-0.0187233606660609,0.0388910930533602,-0.105173433347432,-0.153217291265851,0.00796733300424359,-0.00583036180993319,-0.0517674285040226,-0.102622285607653,-0.0250259020385785,-0.0356187221232676,0.00409304874763706,-0.0455842878593474,0.00649553962064581,0.0610855568626246,-0.0296454015222395,-0.0042183147732599,-0.0229476536903827,0.0476655527256217,-0.128902261134149,-0.187785590528121,0.00976489220488873,-0.00714578574275404,-0.0634469977339747,-0.125775533198411,-0.0306721503427388,-0.0436548819817547,0.00501650675185067,-0.0558688405450181,0.00796103842708806,0.0748674465748354,-0.0378511438972566,-0.00538592939504643,-0.0292994831352674,0.0608592092708307,-0.164581951477708,-0.23976397835526,0.0124677798582409,-0.00912371398326451,-0.0810089024861407,-0.160589756299161,-0.0391620931627574,-0.0557383990387028,0.0064050580925144,-0.0713331381683581,0.0101646257295332,0.095590491206482,-0.0378392118328703,-0.00538423155319266,-0.0292902468670002,0.0608400242230687,-0.164530069229521,-0.239688395983562,0.0124638495582102,-0.00912083785505592,-0.0809833655184087,-0.160539132536848,-0.0391497478392347,-0.0557208282575416,0.00640303898403607,-0.0713106513552829,0.0101614214678867,0.0955603575888855,-0.0310536479187578,-0.00441869750629076,-0.024037736771018,0.0499298109045354,-0.135025509105982,-0.196705975059966,0.0102287541717981,-0.00748523221693913,-0.0664609223678424,-0.131750252119454,-0.0321291704192329,-0.0457286211481857,0.00525480602234981,-0.0585227797509404,0.0083392118739574,0.0784238771320822,-0.0396905593131802,-0.00564766419453402,-0.030723321767566,0.0638167253775448,-0.172579981327285,-0.251415556420297,0.0130736644924237,-0.00956709028377603,-0.0849456137375769,-0.168393781302419,-0.0410652155116869,-0.0584470640853653,0.00671631850322319,-0.0747996456633297,0.0106585862110116,0.100235809816091
0.0968462856339759,0.0137804885900661,0.0749659275912037,-0.155714933754696,0.42110089793515,0.613462324825933,-0.0319001764557041,0.023344018687107,0.207270124526839,0.410886430556895,0.100200492507168,0.142612781498368,-0.0163880406682985,0.182513624765813,-0.0260073050747665,-0.244578711819222,0.118696374201498,0.0168895897210549,0.0918794534604866,-0.190846741562845,0.516108071989515,0.751869348312044,-0.0390973722625836,0.0286108069020205,0.254033617299595,0.503589055547516,0.122807344400957,0.174788531824788,-0.0200854477263638,0.223691650745917,-0.0318749737784885,-0.299759625366881,0.151551111109528,0.0215645684683235,0.117311361477942,-0.24367244517834,0.658964962399168,0.959984126831479,-0.0499193867354259,0.0365301771424006,0.324349224817691,0.642980726448012,0.1567999833321,0.223169379734226,-0.0256450286753946,0.285608709149942,-0.0406978538747653,-0.382732030323077,0.15150333665863,0.0215577705279462,0.117274380647925,-0.243595630715006,0.658757232551399,0.959681504737884,-0.0499036503196847,0.0365186614950297,0.324246978083889,0.642778035415796,0.156750554244779,0.223099028586708,-0.0256369444247793,0.285518674843024,-0.040685024423319,-0.382611379194516,0.124334811620659,0.0176918964074901,0.0962440058904054,-0.199912540043986,0.540624769192891,0.787585420486635,-0.0409546159083077,0.0299699069193041,0.266100983831578,0.52751106153785,0.128641065360644,0.18309151668773,-0.0210395673513549,0.234317681931828,-0.0333891316126807,-0.313999115829776,0.158915893818128,0.0226125209367098,0.12301222820343,-0.25551395922382,0.690988045074838,1.00663554658061,-0.0523452708715524,0.0383053988150809,0.340111310261978,0.674227038675209,0.16441984040539,0.234014526146696,-0.0268912753202878,0.299488159238914,-0.0426756081010431,-0.401331288476409
0.062220621468892,0.00885352038651733,0.0481631956577617,-0.100041833166656,0.270543773559463,0.39412979907853,-0.0204948366480758,0.0149977806663931,0.133164383905604,0.263981307027182,0.0643755914279258,0.0916241220419376,-0.0105287886712847,0.117259129610698,-0.016708856451128,-0.15713395044357,0.0762586001164135,0.0108510177950488,0.0590295916576488,-0.122612888946846,0.331582825031272,0.483051856962226,-0.0251188033082927,0.0183815225800013,0.16320842290338,0.323539759898714,0.0788997661557306,0.112296006032452,-0.0129042537030131,0.143714685965514,-0.0204786447391268,-0.192585911369907,0.0973667111320563,0.0138545411734081,0.0753687740189249,-0.156551703295494,0.423363779191931,0.61675890387242,-0.0320715992946094,0.0234694630701612,0.208383937587278,0.413094422054734,0.100738942597221,0.143379143650082,-0.0164761055245966,0.183494403155541,-0.026147061231739,-0.245893011041801,0.097336017585001,0.0138501737155111,0.0753450150258876,-0.156502352475117,0.423230319450639,0.616564478917343,-0.0320614891539808,0.0234620646373628,0.208318247351677,0.412964199590257,0.10070718599952,0.143333945302092,-0.0164709116537723,0.183436559011149,-0.0261388187221077,-0.245815496574924,0.0798811146820169,0.0113664740184017,0.0618336761183525,-0.128437372683272,0.347334013901066,0.505998283792985,-0.0263120225742628,0.0192547005977248,0.170961317505354,0.338908878804591,0.082647744110814,0.11763040657076,-0.0135172448532053,0.150541568997807,-0.0214514424135931,-0.201734325686489,0.102098346982752,0.0145278169054201,0.0790313974045215,-0.164159494944076,0.443937579130531,0.646730939559651,-0.0336301517736563,0.0246099858583729,0.218510570173848,0.433169171980973,0.105634455517522,0.150346801163095,-0.0172767788828071,0.192411503119975,-0.0274177046670156,-0.25784243577797
0.0390952914194195,0.00556296210849837,0.0302625419913576,-0.0628596200013658,0.169991675096089,0.247644896310721,-0.0128775893334739,0.00942360574283758,0.083671623210641,0.165868258526906,0.0404493309092153,0.0575704913855434,-0.00661558903912838,0.0736778215243266,-0.0104987317198156,-0.0987325012101876,0.0479158215460565,0.00681805634337539,0.0370902609736696,-0.0770417670538774,0.208344546683018,0.303517590676457,-0.0157829817874088,0.0115497236291199,0.102549294829876,0.203290820637868,0.0495753542468959,0.0705593254684952,-0.00810817293622901,0.0903007298292767,-0.012867415417109,-0.121008150522015,0.0611787516163162,0.00870527024432791,0.0473567141348373,-0.0983666559101117,0.266013580918835,0.387530187149758,-0.0201516553693775,0.0147466463131358,0.130934577231342,0.259561001364168,0.0632976371039879,0.0900898974027327,-0.0103524865508336,0.115295652724795,-0.0164290705313401,-0.154502778945787,0.0611594658371245,0.00870252602488405,0.0473417855671905,-0.0983356471439046,0.265929723712729,0.387408023466746,-0.0201453028308648,0.0147419976310836,0.130893301865658,0.259479178247043,0.0632776833746245,0.0900614977734036,-0.010349223068588,0.115259307319872,-0.0164238914876652,-0.154454074021275,0.050191968252244,0.00714193467808489,0.0388521607517148,-0.0807014844219704,0.218241543924918,0.317935595878019,-0.0165327212440243,0.012098370496638,0.107420697053972,0.212947750580064,0.0519303337846815,0.0739111072197807,-0.00849333571809338,0.0945902881032525,-0.0134786566371024,-0.126756404320978,0.0641517962132107,0.00912831183933658,0.0496580625501866,-0.103146885109659,0.278940785521035,0.406362616687791,-0.0211309458670023,0.015463274815439,0.137297478191232,0.272174636201144,0.0663736511287333,0.0944679089775314,-0.0108555763228741,0.120898564002368,-0.0172274581754935,-0.162011001000247
-0.00405265665440779,-0.000576662165409154,-0.00313704509488964,0.00651609050714331,-0.0176215055128069,-0.0256711153830983,0.00133490367280165,-0.000976860310683248,-0.00867348338580926,-0.0171940680646825,-0.00419301772985757,-0.00596781419297101,0.000685778516257163,-0.00763751599852548,0.00108830893497365,0.0102347089255112,-0.00496700154903017,-0.000706766477673128,-0.00384481321129121,0.00798622592599843,-0.0215972021915944,-0.0314629342543734,0.00163607953400157,-0.00119725579789063,-0.0106303615348084,-0.0210733279411967,-0.00513903035349953,-0.00731424960675401,0.000840501242274296,-0.00936066314775491,0.00133384903454828,0.0125438248097322,-0.00634185002450372,-0.00090239694099248,-0.00490904392067289,0.0101967850391298,-0.0275752314340869,-0.0401717632665158,0.00208894056713628,-0.00152865197166537,-0.0135728080401287,-0.0269063506425416,-0.00656149579410337,-0.00933880804947128,0.00107314901581889,-0.011951661626631,0.0017030537335117,0.0160159111874051,-0.0063398508415193,-0.000902112472485237,-0.00490749641055548,0.0101935706396932,-0.0275665387129942,-0.040159099658063,0.00208828205669829,-0.00152817008467671,-0.0135685293948154,-0.0268978687771285,-0.00655942737074216,-0.00933586411574923,0.00107281072001501,-0.011947894025936,0.00170251686871161,0.0160108623866605,-0.00520294917239683,-0.000740340026832733,-0.00402745348843588,0.00836559585538298,-0.0226231347342309,-0.0329575189627093,0.00171379826911287,-0.0012541290759208,-0.0111353359172215,-0.0220743748696242,-0.00538314986631791,-0.00766169862491691,0.000880427597962682,-0.00980532300965488,0.00139721090519094,0.0131396944954105,-0.00665003877389032,-0.000946249851991669,-0.00514760397818772,0.0106923083354599,-0.0289152782748165,-0.0421239515765399,0.002190454790658,-0.00160293839243764,-0.0142323926596623,-0.0282138925306409,-0.00688035845643011,-0.00979263706819729,0.00112529980018194,-0.0125324649624985,0.00178581538795657,0.0167942209266865
-0.0609739998063776,-0.00867613562174344,-0.0471982216407004,0.0980374443733757,-0.265123292040386,-0.386233208948529,0.0200842122163035,-0.0146972925351758,-0.130496368033485,-0.258692307848614,-0.0630857938509063,-0.0897883863541569,0.0103178390579926,-0.11490978356353,0.016374086049996,0.153985692166572,-0.0747307204422179,-0.0106336121580704,-0.057846903893487,0.120156277619988,-0.324939395202974,-0.473373668368305,0.0246155353626935,-0.0180132394658623,-0.159938459494257,-0.317057476953724,-0.0773189693823293,-0.110046098679728,0.0126457104447655,-0.140835289448466,0.0200683447204506,0.188727355101246,-0.0954159197635438,-0.0135769584244219,-0.0738587224612413,0.153415110634984,-0.414881471464926,-0.604401826878254,0.0314290285602086,-0.0229992404915347,-0.204208859862504,-0.404817866098848,-0.0987205868634508,-0.140506469893258,0.0161459984061535,-0.179817999858312,0.0256231916178864,0.240966420034046,-0.0953858411772484,-0.0135726784707557,-0.0738354394916622,0.153366748583287,-0.414750685657141,-0.604211297325618,0.0314191209813678,-0.0229919902900844,-0.204144485764043,-0.404690252707398,-0.0986894665252676,-0.14046217711706,0.0161409085971616,-0.179761314650649,0.0256151142511099,0.240890458608769,-0.0782806560938914,-0.0111387409549376,-0.0605948071019031,0.125864064874968,-0.340375001026635,-0.495860351916384,0.0257848478763687,-0.0188689229197832,-0.167536020926459,-0.332118667778694,-0.0809918547009341,-0.115273621801666,0.0132464200068167,-0.14752539242176,0.0210216519008395,0.197692476303817,-0.100052754893652,-0.0142367447361652,-0.0774479633323865,0.160870476324951,-0.435043064902238,-0.633773357651273,0.0329563546510151,-0.0241169123280714,-0.21413260023661,-0.424490408243538,-0.10351801570308,-0.147334526859256,0.0169306298681345,-0.188556441208929,0.026868377068425,0.252676431993887
0.105569072250043,0.0150216746680805,0.0817179861298763,-0.169739923264472,0.459028767367387,0.668715873492499,-0.0347733731964615,0.0254465762858435,0.225938605783482,0.447894299611689,0.109225387052615,0.155457681574718,-0.0178640846989933,0.198952328562612,-0.0283497405243152,-0.266607516538638,0.12938716257281,0.0184108074549646,0.100154885622807,-0.208035995565999,0.56259308226455,0.819588991306659,-0.0426188086631946,0.0311877355047657,0.276914009898097,0.548946498478571,0.133868401137237,0.190531449129903,-0.0218945111660026,0.243839192022068,-0.0347459005553121,-0.326758484755973,0.165201071920958,0.0235068538950221,0.127877404017558,-0.265619623943039,0.718316859241106,1.04644832768695,-0.0544155442870305,0.0398203904755643,0.353562829228545,0.700892949289961,0.170922701483399,0.243269880914198,-0.0279548344819264,0.311333018650268,-0.0443634430376078,-0.417204078577565,0.165148994503372,0.0234994436752687,0.127837092384641,-0.265535890926574,0.71809041950556,1.04611844891613,-0.0543983905180504,0.0398078376326613,0.353451373298589,0.700672002207846,0.170868820398993,0.243193193353838,-0.0279460220960748,0.31123487510052,-0.0443494580584443,-0.417072560599104,0.135533444832209,0.0192853765929807,0.104912546154618,-0.217918335694944,0.589317958303448,0.858521951710918,-0.0446433312077392,0.0326692474386556,0.290068264405053,0.57502312043911,0.140227555806394,0.199582270265158,-0.0229345667857561,0.255422292464726,-0.0363964361101804,-0.34228050284516,0.173229188567666,0.024649193728971,0.13409173848884,-0.278527683799271,0.753224208619831,1.09730156454393,-0.0570599238412953,0.0417555034620482,0.370744579939854,0.734953565775836,0.179228866625812,0.255091831933647,-0.0293133285246751,0.326462568117671,-0.0465193303536776,-0.437478541505418
0.0768157326232763,0.010930293506076,0.0594608519263805,-0.123508678091786,0.334005313383541,0.486580952586892,-0.0253023170606455,0.0185158148924659,0.164400796191828,0.32590348696985,0.0794761945774709,0.113116421765969,-0.0129985300102595,0.144764641290457,-0.0206282582733805,-0.193992911648226,0.0941466044291518,0.0133963445230391,0.0728761819247042,-0.151374233672953,0.409362314756166,0.596361486137502,-0.0310109290649108,0.0226932822331265,0.201492275063191,0.399432585253173,0.0974073096342789,0.138637316221011,-0.0159312086371423,0.177425885993189,-0.0252823270104158,-0.237760850431188,0.120206051822661,0.0171044053445653,0.0930480515382895,-0.193274086599689,0.522672356801297,0.761432237969134,-0.0395946446379885,0.028974702557587,0.257264624730449,0.509994113263368,0.124369308705291,0.177011635409098,-0.0203409108872862,0.226536744216076,-0.0322803857795903,-0.303572213587787,0.120168158480419,0.0170990134106672,0.0930187193906275,-0.193213159541533,0.522507591365642,0.761192206689923,-0.0395821629584267,0.0289655686720318,0.257183525515194,0.50983334447359,0.124330102952272,0.176955834870109,-0.0203344986885151,0.226465331552164,-0.0322702098218285,-0.303476516527527,0.098618853399446,0.0140327114781952,0.0763380213776288,-0.158564968429429,0.428808265056192,0.624690463677086,-0.0324840421571921,0.0237712818988082,0.211063768641078,0.41840684331518,0.102034451981604,0.145223008806243,-0.0166879893182408,0.185854153170193,-0.0264833141477061,-0.249055211231181,0.126047589013983,0.0179356115811958,0.0975698176673599,-0.202666440377821,0.548072159596877,0.798434823690279,-0.0415187872724311,0.0303827581424035,0.269766664774087,0.534777803724964,0.13041316366305,0.185613698581961,-0.0213293984521947,0.237545531182073,-0.03384908445343,-0.318324618720777
-0.0131520507593567,-0.00187143661978194,-0.0101806246718446,0.0211466108310214,-0.0571869158243771,-0.0833102434672319,0.00433215107044504,-0.0031701961173872,-0.0281479788391473,-0.0557997568584016,-0.0136075633147925,-0.0193672945629373,0.00222555094710053,-0.0247859630493875,0.00353187935105902,0.0332146102604474,-0.0161193661504971,-0.00229366299246167,-0.0124775382736035,0.0259176282896263,-0.0700892090562373,-0.102106381970888,0.00530955442626254,-0.00388544364069565,-0.0344986181703921,-0.068389084589671,-0.0166776497065422,-0.02373686949029,0.0027276712399682,-0.0303780772364744,0.00432872846225886,0.0407083635951843,-0.0205811497353922,-0.00292854080300952,-0.0159312767723314,0.0330915362077424,-0.0894896544289451,-0.130369067658232,0.00677922032757803,-0.00496092070934924,-0.0440477137624337,-0.0873189415182438,-0.021293964206786,-0.030307151079514,0.00348268099964817,-0.0387866216599284,0.00552690520296022,0.0519762947756749,-0.0205746618045531,-0.00292761761988158,-0.0159262546514486,0.0330811045457102,-0.0894614440181461,-0.130327970561841,0.00677708326948391,-0.00495935684577144,-0.0440338283126806,-0.0872914153955152,-0.0212872515707652,-0.0302975971574707,0.003481583131271,-0.0387743946987504,0.00552516292037776,0.0519599099473192,-0.0168850848835886,-0.00240261893429766,-0.0130702591479705,0.0271487941626129,-0.0734186588535093,-0.106956744492176,0.0055617743492173,-0.00407001398634538,-0.0361374070627224,-0.0716377733234816,-0.0174698886001195,-0.0248644427127087,0.0028572438885859,-0.0318211279493929,0.0045343561800656,0.0426421342104371,-0.0215813119551516,-0.00307085626681265,-0.0167054736148341,0.0346996535740852,-0.0938384965767305,-0.136704487096574,0.0071086635383919,-0.00520200177296838,-0.0461882578884114,-0.0915622956310487,-0.022328766381706,-0.0317799583758987,0.00365192547841177,-0.0406714975835339,0.00579549086737948,0.054502136481608
-0.00293474354448025,-0.000417591647059432,-0.00227170067095558,0.00471864660192446,-0.0127606663869457,-0.0185898156628234,0.000966674522500375,-0.000707396341488386,-0.00628092916457046,-0.0124511362691678,-0.00303638644078249,-0.00432161065468759,0.000496608581765743,-0.00553073025521641,0.000788102199045236,0.00741149534987376,-0.0035968691587987,-0.000511807077352659,-0.00278423308801572,0.00578324960136787,-0.0156396791328671,-0.0227839787742695,0.00118477193113439,-0.000866996398554895,-0.00769800838070972,-0.0152603140137416,-0.00372144433662236,-0.00529663592221465,0.000608651510660127,-0.00677855246262954,0.000965910803027005,0.00908364858479042,-0.00459246983068047,-0.000653473467646471,-0.00355489896734665,0.00738403265312192,-0.0199686870464878,-0.0290905035807983,0.00151271261470877,-0.00110697793772454,-0.00982878989586103,-0.0194843150030581,-0.00475152697747919,-0.00676272602726346,0.000777124097846886,-0.00865483182899764,0.00123327149979272,0.0115979704116026,-0.00459102211629011,-0.000653267468918617,-0.00355377833322578,0.00738170493607098,-0.0199623921862797,-0.029081333190527,0.00151223575238816,-0.00110662897780769,-0.00982569150194736,-0.0194781728346267,-0.00475002912246106,-0.00676059416877583,0.000776879119919751,-0.00865210350958631,0.00123288272752784,0.0115943143073095,-0.00376773134219083,-0.000536119464278968,-0.0029164925957955,0.00605797148041487,-0.0163826112791914,-0.0238662868004618,0.00124105218766809,-0.000908181354445723,-0.00806368710340707,-0.0159852251674484,-0.00389822421841822,-0.00554824217708466,0.000637564301602749,-0.00710055424330866,0.00101179449283638,0.00951514941560811,-0.00481564564345505,-0.000685229685465112,-0.00372765295280975,0.00774286734331527,-0.0209390860095618,-0.030504186635893,0.00158622444597364,-0.00116077267347321,-0.0103064300882789,-0.0204311754066068,-0.00498243233651606,-0.00709136768052451,0.000814889245699364,-0.00907542231713976,0.00129320360157796,0.0121615857577183
0.100240430795717,0.0142634495871577,0.0775932378567807,-0.161172232251532,0.435859105397369,0.634962170360412,-0.0330181731745978,0.0241621500956972,0.214534263628624,0.425286654387582,0.103712191635544,0.147610892465211,-0.0169623878265876,0.188910129622923,-0.0269187759495822,-0.253150394728401,0.122856293413422,0.0174815145311832,0.0950995274198018,-0.197535294874614,0.534195969775285,0.778219906767945,-0.0404676071253164,0.0296135219900006,0.262936663683179,0.521238202803948,0.127111339655872,0.180914297472251,-0.0207893768938643,0.231531310564887,-0.0329920872260788,-0.310265218590867,0.15686248125823,0.0223203359740432,0.12142274052951,-0.252212366409574,0.68205952636972,0.993628426745554,-0.0516688977657767,0.0378104402231556,0.335716602977038,0.665515095293242,0.162295309263331,0.230990735664556,-0.0265438029487858,0.295618359101581,-0.042124180376789,-0.396145534624875,0.156813032469278,0.0223132997881174,0.121384463642505,-0.252132859850851,0.681844516271056,0.993315198738598,-0.0516526098401969,0.0377985209900555,0.335610772830052,0.665305300604114,0.162244147848369,0.230917918939702,-0.0265354353716605,0.295525169387047,-0.042110901295083,-0.396020655069364,0.128692339599514,0.0183119394396046,0.0996170431194649,-0.206918819904075,0.55957189692899,0.81518771031018,-0.0423899410787693,0.031020254012144,0.275426951894206,0.545998596765072,0.133149513431077,0.189508274764237,-0.0217769352871849,0.242529749346011,-0.0345593113338343,-0.325003756563368,0.164485375482764,0.0234050157446386,0.127323403964674,-0.264468886744062,0.715204913224804,1.04191482598402,-0.0541798011966514,0.039647877602013,0.352031097898874,0.697856488439382,0.170182217373728,0.242215968943377,-0.027833726457406,0.309984238464104,-0.0441712484119991,-0.415396635868109
0.141931737499903,0.0201958048920721,0.109865280703948,-0.228205872407076,0.617138610071145,0.899051244797852,-0.0467508634045452,0.0342115044557675,0.303761870817635,0.602168938357447,0.146847449097201,0.209004193968346,-0.0240172668579317,0.267480324215235,-0.0381146470697134,-0.358438956091589,0.173953833284102,0.0247523051511729,0.134652665146854,-0.279692808545944,0.756375062974002,1.10189174814785,-0.0572986144030517,0.0419301732461422,0.372295462347271,0.738027991181097,0.179978608931408,0.256158920856392,-0.0294359507502492,0.327828211962433,-0.0467139279687311,-0.439308582483369,0.222103639587288,0.0316036557427971,0.171924046999302,-0.35711078952189,0.965737007388749,1.4068914899687,-0.0731586683774991,0.0535362970201637,0.475345530639238,0.942311530961804,0.229796051842315,0.327062804888223,-0.0375837178917748,0.418569902494375,-0.0596441781442583,-0.560907645605795,0.222033624400028,0.031593693115084,0.17186985025418,-0.356998215145137,0.965432571776879,1.40644798633541,-0.073135606090561,0.0535194204220672,0.475195684349448,0.942014479916534,0.229723611725479,0.326959702734775,-0.0375718701298425,0.418437953958281,-0.0596253761187287,-0.560730827009234,0.182217167437263,0.0259281146442072,0.141049074732752,-0.292979064408306,0.792305170247146,1.15423494486652,-0.06002047219938,0.0439219835218429,0.389980624847005,0.773086556953288,0.188528138182611,0.268327245746896,-0.0308342476004717,0.343401045335151,-0.048932981088313,-0.46017707123626,0.232896995257028,0.0331394680218299,0.180278873560869,-0.374464957026635,1.01266799430795,1.4752608344251,-0.0767138893976958,0.0561379486457435,0.498445437456363,0.98810413266913,0.24096322822738,0.342956759557589,-0.0394101374648663,0.438910739045569,-0.0625426485589555,-0.588165531735664
-0.0526593255770127,-0.00749302082701679,-0.0407620711766671,0.0846686410337129,-0.228969951092889,-0.333564804068301,0.0173454435237086,-0.0126931071467854,-0.112701327659568,-0.223415923287423,-0.0544831463940095,-0.0775444596889248,0.00891085459263604,-0.0992401962126662,0.0141412459584548,0.132987547540764,-0.0645401212134334,-0.00918356752828505,-0.0499586537773873,0.103771256001006,-0.280629275742564,-0.408822419413989,0.0212588561523393,-0.0155568774353281,-0.138128570169888,-0.273822169425501,-0.0667754255077963,-0.0950397441082706,0.0109212875254722,-0.121630389729228,0.017331739787151,0.162991689394231,-0.082404598681634,-0.0117255465655447,-0.0637870325899453,0.132494772936251,-0.358306467529075,-0.521983020336387,0.027143232406875,-0.0198629661316898,-0.176362070248923,-0.349615178239645,-0.0852586273051497,-0.12134640940862,0.0139442613168807,-0.155297251766575,0.0221291041101642,0.208107213008729,-0.0823786217394348,-0.0117218502445838,-0.0637669245852325,0.132453005739841,-0.358193516230901,-0.521818472204787,0.0271346758676695,-0.0198567045985792,-0.17630647447662,-0.349504966753606,-0.0852317506687857,-0.121308156583975,0.0139398655759144,-0.155248296395183,0.0221221282075133,0.208041610006832,-0.0676059725246896,-0.00961981481166856,-0.0523318412042513,0.108700705083218,-0.293960016634219,-0.428242723049404,0.0222687162329381,-0.016295876250134,-0.144690095776213,-0.286829552141873,-0.0699474605459047,-0.0995544199194953,0.0114400817739343,-0.12740820177589,0.0181550499414202,0.170734288497828,-0.0864091352306333,-0.0122953616065733,-0.0668868292935919,0.138933493217197,-0.37571874024102,-0.54734932411477,0.0284622858088733,-0.020828227477761,-0.184932567132204,-0.366605088775519,-0.0894018583216619,-0.127243363454158,0.0146218970918935,-0.16284408204799,0.023204490770903,0.218220397878708
-0.0564600985544689,-0.00803384186425533,-0.0437041403531294,0.0907797387234894,-0.245496231922115,-0.357640389534719,0.0185973792882578,-0.0136092529218182,-0.120835730369786,-0.239541333073053,-0.0584155566228168,-0.083141357934537,0.00955401010157246,-0.106403019737455,0.0151619135214651,0.142586141360426,-0.0691984100536696,-0.00984640653952728,-0.0535645013492382,0.111261116179114,-0.300884152846251,-0.438329846394126,0.0227932488759466,-0.016679720516243,-0.14809822570884,-0.293585732493904,-0.0715950510925752,-0.101899393130224,0.0117095493205295,-0.130409262102826,0.018582686462094,0.174755881240812,-0.088352285410535,-0.0125718570726372,-0.0683909660266814,0.142057799942623,-0.384167823034676,-0.559657998825886,0.0291023396138594,-0.0212966082092938,-0.189091291208466,-0.37484922572129,-0.0914123082193215,-0.130104785037968,0.0149507111911063,-0.1665060849888,0.0237263084039074,0.223127691583991,-0.0883244335400326,-0.0125678939636634,-0.0683694066938305,0.142013018130478,-0.38404671929176,-0.559481574163677,0.0290931654924377,-0.0212898947397867,-0.18903168272034,-0.374731059540934,-0.091383491717756,-0.13006377125312,0.014945998180344,-0.166453596183384,0.0237188290040697,0.223057353578102,-0.0724855441992393,-0.0103141406843167,-0.0561089774613185,0.11654635631372,-0.315177061771683,-0.459151842217252,0.0238759972600567,-0.0174720577795555,-0.155133340160867,-0.307531944338719,-0.0749960329492058,-0.106739923054414,0.0122657883926541,-0.136604097186815,0.0194654203737343,0.183057315102085,-0.0926458559366295,-0.0131827994465048,-0.0717144956288741,0.148961245393993,-0.402836855017168,-0.586855157080327,0.0305165978532004,-0.0223315388722453,-0.198280377726165,-0.393065410846642,-0.0958545837130343,-0.136427361389527,0.015677256436835,-0.17459762009286,0.0248793128562846,0.233970812117762
0.0351945353771775,0.00500791424289506,0.0272430787966734,-0.0565877638869599,0.153030654224084,0.222935978931105,-0.0115927201694828,0.008483359853717,0.0753232370507419,0.149318654004874,0.0364134747684834,0.0518263612365237,-0.00595551469307678,0.0663265728942298,-0.00945121449446485,-0.0888814069561619,0.0431349918443516,0.00613778070116449,0.0333895580412057,-0.0693548787502098,0.187556845150801,0.2732339418591,-0.0142082253567341,0.0103973430585498,0.0923173777137241,0.183007357639007,0.0446289436791821,0.0635192266441892,-0.00729917514073418,0.0812909205987603,-0.0115835613616972,-0.108934490058781,0.0550746051485493,0.00783669670843544,0.042631669708888,-0.0885520640893199,0.239471917065879,0.348864131361651,-0.0181410119238543,0.013275290873125,0.117870501616859,0.233663147488631,0.0569820775716608,0.081101124103447,-0.00931956102453006,0.103791960139783,-0.0147898502105085,-0.139087171934438,0.0550572436194905,0.00783422629512496,0.0426182306479908,-0.0885241492412741,0.239396426762577,0.348754156633046,-0.0181352932136643,0.0132711060160999,0.117833344525428,0.233589488321867,0.0569641147375574,0.0810755580640895,-0.00931662315817394,0.103759241119334,-0.0147851879090083,-0.139043326572846,0.0451840346540126,0.00642934388166486,0.0349756632169982,-0.0726494456329582,0.196466363584134,0.286213381983766,-0.0148831591114526,0.0108912483573053,0.0967027328725621,0.191700761630791,0.0467489537276033,0.0665365823701425,-0.00764590807608619,0.0851524856349763,-0.0121338156240395,-0.1141092084031,0.0577510124458064,0.00821752907573568,0.044703399712133,-0.0928553430665652,0.251109302111029,0.365817543999094,-0.0190225931274176,0.0139204173387657,0.123598540334664,0.245018249379092,0.0597511804606296,0.0850423169595875,-0.00977245471420806,0.108835837599557,-0.0155085782508091,-0.145846256650817
0.0665604042377184,0.00947103841044243,0.051522496829507,-0.107019581274742,0.289413742694915,0.421619683787849,-0.0219243167277581,0.0160438504189942,0.142452373723962,0.282393555257483,0.068865679694749,0.0980147490826085,-0.011263153815405,0.125437754930705,-0.0178742708362873,-0.168093776855359,0.0815775080756582,0.0116078578737793,0.0631468055118178,-0.131164929896061,0.354710164433193,0.516743904322157,-0.0268707972163794,0.0196636025893976,0.174591933461814,0.346106109155458,0.0844028909645734,0.120128461904518,-0.0138043035023051,0.153738541450343,-0.021906995460635,-0.206018451899894,0.104157874017491,0.0148208719112715,0.0806256181177649,-0.167470918956685,0.452892684408684,0.659776790874465,-0.0343085389249382,0.0251064182953097,0.222918363639155,0.441907057036655,0.107765312905203,0.153379595627772,-0.0176252859275721,0.196292826414438,-0.0279707743851938,-0.263043631320121,0.10412503964761,0.0148161998305971,0.0806002019752786,-0.167418126000329,0.452749916076897,0.65956880510868,-0.0342977236191561,0.0250985038343777,0.222848091621088,0.441767751776248,0.107731341338698,0.153331244771704,-0.017619729793071,0.196230947739128,-0.0279619569745019,-0.262960710350709,0.0854526868853737,0.0121592662940628,0.0661464701055643,-0.137395661489868,0.37155997199936,0.541290805487877,-0.0281472415014451,0.0205976832922113,0.18288557930683,0.362547198026037,0.0884122840222935,0.125834927828733,-0.0144600497450734,0.16104158798999,-0.0229476441222103,-0.215804952591634,0.109219533439929,0.015541107483148,0.0845437032696099,-0.175609341163528,0.474901471982492,0.691839325193039,-0.0359757977947797,0.0263264906127111,0.233751311665332,0.46338198670655,0.113002279544778,0.160833235429297,-0.0184818048939009,0.205831878970472,-0.0293300430439984,-0.275826508155339
-0.00371932421957218,-0.000529231499536103,-0.00287902203277521,0.0059801397717182,-0.0161721304882377,-0.0235596571162631,0.0012251073763298,-0.000896513206642206,-0.00796008632752317,-0.0157798499205187,-0.00384814054721192,-0.00547695937717358,0.000629372992158957,-0.00700932762211428,0.00099879514239673,0.00939290051762052,-0.00455846392510643,-0.000648634686368591,-0.00352857597273463,0.00732935603543787,-0.0198208247172453,-0.0288750968488344,0.00150151141704542,-0.00109878108753048,-0.00975601056068221,-0.0193400393081494,-0.00471634329991876,-0.00671265000473418,0.000771369719556986,-0.00859074531242003,0.0012241394824436,0.0115120908084243,-0.00582023063004282,-0.000828174475291598,-0.00450527333206082,0.00935809588422897,-0.0253071589525253,-0.0368676216124964,0.00191712447096808,-0.00140291980948547,-0.0124564398063056,-0.024693293841279,-0.00602181045786022,-0.008570687803655,0.000984882131923044,-0.0109686332553518,0.00156297696509612,0.0146985968606653,-0.00581839588056183,-0.000827913404419101,-0.00450385310519471,0.00935514587027624,-0.025299181210799,-0.0368559995902917,0.00191652012324517,-0.00140247755787106,-0.0124525130810738,-0.0246855096122786,-0.00601991216304778,-0.00856798600951674,0.000984571661067979,-0.0109651755411388,0.00156248425761462,0.0146939633255572,-0.00477500477348638,-0.00067944679930456,-0.00369619402286349,0.00767752265473504,-0.0207623739475076,-0.0302467514393781,0.00157283775886606,-0.00115097651844467,-0.0102194506225808,-0.0202587497747218,-0.00494038389696959,-0.00703152121898183,0.000808012118450945,-0.00899883174432573,0.00128228981694637,0.0120589500029335,-0.00610307074642587,-0.000868420468941376,-0.00472421174096166,0.00981286221519816,-0.0265369864694125,-0.0386592417475851,0.00201028911391032,-0.00147109614602834,-0.0130617733589569,-0.0258932899493193,-0.00631444655409088,-0.00898718922601371,0.00103274349593477,-0.0115016653126199,0.00163893144436193,0.0154128903502186
0.094133077976734,0.0133944198119158,0.0728657114864641,-0.151352485077966,0.409303499890715,0.596275804287212,-0.0310064735897615,0.0226900217904988,0.201463325791066,0.399375197035177,0.0973933147021526,0.138617397594391,-0.0159289197310592,0.177400394443928,-0.0252786945884565,-0.237726690294986,0.115371023009532,0.0164164175817327,0.0893053946306585,-0.185500053900243,0.50164899011849,0.73080527074075,-0.0380020355740729,0.0278092577268687,0.246916710841674,0.489480701544362,0.119366821875875,0.169891724685096,-0.0195227416792133,0.217424792954811,-0.0309819769808928,-0.291361676952512,0.147305314459361,0.0209604239530191,0.114024812260697,-0.236845813265832,0.64050365776439,0.933089587028539,-0.0485208647224365,0.0355067619882277,0.315262383803242,0.624967229915465,0.152407136330823,0.216917153683499,-0.0249265675829864,0.277607207269227,-0.0395576787194304,-0.372009559465815,0.147258878438792,0.0209538164610804,0.113988867471149,-0.236771150806458,0.640301747594783,0.932795443077149,-0.0485055691719634,0.0354955689587293,0.315163001573941,0.624770217395925,0.152359092029478,0.216848773466213,-0.0249187098175742,0.277519695328234,-0.0395452086928776,-0.37189228845208,0.120851496171413,0.0171962471578601,0.0935476714668797,-0.194311868517192,0.525478837122636,0.765520735407512,-0.0398072474082726,0.0291302817296751,0.258646002753005,0.512732517971878,0.125037107590995,0.177962096371801,-0.0204501310619911,0.227753129407353,-0.0324537147614597,-0.305202239420324,0.154463768296305,0.0219790173949539,0.119565965733877,-0.24835558008558,0.671629594281534,0.978434038849518,-0.0508787862374812,0.0372322497448979,0.330582884827005,0.655338157681188,0.159813518468828,0.227458466716119,-0.0261378998693411,0.291097816113403,-0.0414800249568964,-0.390087748077758
0.0911689254795831,0.0129726434949532,0.0705712461900816,-0.146586553099149,0.396414959354586,0.577499700793544,-0.0300301120588908,0.0219755366573627,0.195119455675871,0.386799288406283,0.094326500749128,0.134252480244833,-0.0154273346537136,0.171814240952628,-0.0244826948474557,-0.230240924634041,0.111738109762638,0.015899481705258,0.0864932608494924,-0.179658850576095,0.485852586359968,0.707792974587716,-0.0368053910887885,0.0269335731906063,0.239141561013783,0.474067464508295,0.115608085088071,0.164542011377144,-0.0189079908950737,0.210578312877544,-0.030006386822699,-0.28218700147312,0.14266682366438,0.0203004020527787,0.110434289786936,-0.229387785504271,0.620334865269727,0.903707568625404,-0.0469929932725464,0.0343886910669819,0.305335099980237,0.60528766333793,0.147607994483466,0.210086658637701,-0.0241416559543156,0.268865645701915,-0.0383120486531674,-0.360295366236872,0.142621849865692,0.0202940026238732,0.110399476861341,-0.229315474087911,0.620139313040882,0.903422686960415,-0.0469781793630129,0.0343778504943143,0.305238847193736,0.605096854537256,0.147561463047088,0.210020431642174,-0.0241340456217449,0.268780889420718,-0.0382999712947515,-0.360181787965112,0.117046008537731,0.0166547552609608,0.0906019528104714,-0.188193190336567,0.508932056323202,0.741415285461003,-0.0385537586841591,0.0282129995246561,0.25050150974994,0.496587105475194,0.12109981941697,0.172358255472334,-0.0198061777529381,0.220581420781894,-0.0314317811147582,-0.295591739056813,0.149599865252276,0.0212869210490523,0.115800958113581,-0.240535121765137,0.65048067849295,0.947624170927531,-0.0492766662970803,0.0360598450129166,0.320173174397505,0.634702242248262,0.154781157368674,0.220296036711638,-0.0253148446497175,0.281931449336774,-0.0401738622115513,-0.3778042915349
-0.0255458742051081,-0.00363498326964491,-0.0197743273619394,0.0410741009168728,-0.11107695556819,-0.161817577999899,0.00841454981493142,-0.00615762763557467,-0.054673201899053,-0.108382608572754,-0.0264306386158394,-0.0376180475311876,0.00432279692132743,-0.0481429934918439,0.00686014274584397,0.0645143689763698,-0.0313094366408011,-0.00445509429262602,-0.0242357354726699,0.0503410824741927,-0.136137713459809,-0.198326241062546,0.0103130083619836,-0.00754688803231955,-0.0670083606090036,-0.132835478200031,-0.0323938182140216,-0.0461052875416121,0.00529808982979679,-0.0590048315563216,0.00840790191493641,0.0790698541638876,-0.0399757780559645,-0.00568824864859834,-0.0309441014028328,0.06427531619853,-0.173820151437147,-0.253222243707135,0.0131676126305865,-0.00963583996909317,-0.0855560380191825,-0.169603869127506,-0.0413603126164667,-0.0588670681978376,0.00676458237132625,-0.0753371604090522,0.0107351794516101,0.100956110364948,-0.0399631762292152,-0.00568645550466313,-0.0309343466907608,0.0642550542689722,-0.173765356970586,-0.253142418798167,0.0131634617176802,-0.00963280240005063,-0.0855290676280882,-0.169550403787275,-0.0413472743338056,-0.058848511145774,0.0067624499276511,-0.0753134113817805,0.0107317953305711,0.100924285308027,-0.0327967297474015,-0.00466672477025789,-0.0253870063407928,0.0527324364228964,-0.142604667340201,-0.207747338432464,0.0108029075071219,-0.00790538808058062,-0.070191460770202,-0.139145565899962,-0.0339326227309766,-0.0482954283967532,0.00554976514968223,-0.0618077398371903,0.0088073027314545,0.0828259118147173,-0.041918442262343,-0.00596467496433241,-0.0324478619577787,0.067398841548249,-0.182267121151445,-0.265527840071514,0.0138075063608621,-0.0101041035606146,-0.0897137220163956,-0.177845944249998,-0.0433702597092324,-0.0617277741523854,0.00709331423554356,-0.0789982474986385,0.0112568665802633,0.105862176777129
-0.0567013186112798,-0.00806816564052425,-0.0438908618695412,0.0911675859694702,-0.246545089726604,-0.359168371902624,0.018676834709047,-0.0136673970775495,-0.121351988798143,-0.240564749174899,-0.058665131176315,-0.0834965709716689,0.0095948286427808,-0.106857615870353,0.0152266912624654,0.143195326218406,-0.0694940532571305,-0.00988847431492366,-0.0537933502600499,0.111736468037377,-0.30216964993714,-0.440202566299974,0.02289063072489,-0.0167509829340129,-0.148730960389326,-0.294840047822502,-0.0719009337023135,-0.10233474797425,0.0117595771848912,-0.130966422476585,0.0186620791092705,0.175502508056567,-0.088729761607916,-0.0126255690595965,-0.0686831595072576,0.142664727515368,-0.385809141177398,-0.562049080983512,0.0292266764144445,-0.0213875958124622,-0.189899164612437,-0.376450731100115,-0.0918028580544515,-0.130660644564283,0.0150145865915256,-0.167217465385021,0.0238276766552501,0.224080982063781,-0.0887017907431157,-0.0126215890186407,-0.068661508064339,0.142619754377462,-0.385687520030997,-0.56187190256479,0.0292174630975175,-0.0213808536603361,-0.189839301453078,-0.376332060066713,-0.0917739184372996,-0.130619455552191,0.0150098534449019,-0.167164752326496,0.0238201653004335,0.224010343545881,-0.0727952313506501,-0.0103582068065079,-0.0563486973887955,0.117044288825545,-0.316523623869386,-0.461113521992883,0.0239780050418874,-0.0175467053780914,-0.155796131655833,-0.308845843445943,-0.0753164459097171,-0.107195958572637,0.012318192732155,-0.137187724366499,0.0195485844122078,0.183839408953833,-0.0930416759795357,-0.0132391216229237,-0.0720208885533049,0.149597667238738,-0.404557934709563,-0.589362436344001,0.0306469769289776,-0.022426948111927,-0.199127510572266,-0.394744743032776,-0.0962641127206136,-0.137010233483404,0.0157442359282838,-0.175343570753878,0.0249856072024558,0.234970428732612
0.0219059145960846,0.0031170447495242,0.0169567391942707,-0.035221568053289,0.0952499132632272,0.138760647427844,-0.00721558432999445,0.0052802446303606,0.0468829714684677,0.0929394761765824,0.0226646114198269,0.0322579579729109,-0.00370685377272708,0.0412832340504249,-0.0058826603427554,-0.0553218983883534,0.0268482432661383,0.00382030046449752,0.0207824538387278,-0.0431681235294586,0.116739834401928,0.170067293998101,-0.00884353686988503,0.00647155322909826,0.0574605281830974,0.113908125336266,0.0277781143655501,0.0395358750773354,-0.00454317994373847,0.0505973994254886,-0.00720988367053121,-0.0678034135192226,0.0342797421209758,0.00487774613219434,0.0265349636164534,-0.0551169075670071,0.149053008007816,0.217141319961885,-0.0112913966225621,0.00826285629255492,0.073365399319661,0.14543749187999,0.0354669982545562,0.0504792655796397,-0.00580071609664554,0.064602580776125,-0.00920555399092943,-0.0865711587652469,0.0342689358929991,0.0048762084882841,0.0265265988258088,-0.0550995327026794,0.149006021050346,0.217072869079192,-0.0112878371615356,0.00826025153816322,0.0733422718635719,0.145391644665386,0.0354558177600404,0.0504633526696177,-0.00579888749885892,0.0645822156808076,-0.00920265206375838,-0.0865438683709808,0.0281236161702302,0.00400177631189699,0.0217696833659528,-0.0452187401945497,0.122285330252384,0.17814600575914,-0.00926363166671718,0.006778971615991,0.0601900773745693,0.119319106426154,0.0290976589643309,0.0414139489354038,-0.00475899475669368,0.0530009292060076,-0.00755237499049951,-0.0710242811026304,0.0359456015803983,0.00511478524136563,0.027824457568593,-0.057795370593963,0.156296392817099,0.227693526586236,-0.0118401136988868,0.00866439832482065,0.0769306666434249,0.152505176950314,0.0371905536515358,0.0529323576062303,-0.00608260788413097,0.0677420098858664,-0.0096529073911066,-0.0907781736031448
