0.508052470131724,0.210054738488421,0.172918433450821,0.258923909244426,-0.153952066617278,-0.372073687282892,0.173218338367362,0.279900373274687,-0.00342923681613904,-0.00971416498076217,-0.335875466218485,0.00299664060353696,-0.145369854028123,0.578339171930764,0.268451449602085,-0.389285980648312,0.541374261403374,0.235416307834149,0.182224795789043,0.292481991762191,-0.192704975081376,-0.443998587471286,0.196688259961935,0.302393102515412,-0.0192325467766631,-0.0410638077253437,-0.366559391304661,-0.002516834011079,-0.146488193642379,0.61428402579952,0.298023921392942,-0.401200772418575,0.439005925043195,0.196167659613936,0.137222241642125,0.287808544819808,-0.268479107596059,-0.530020793154089,0.174642118135592,0.252403498843291,-0.0670899936226679,-0.135544416970839,-0.338388362355775,-0.0378534178860864,-0.122785084334734,0.479790045115591,0.25998938971327,-0.283253418920268,0.470210315138847,0.213051789369545,0.149401021704542,0.299296278289819,-0.264509335462849,-0.534390262317167,0.187181487997756,0.26977017546291,-0.0622336267422171,-0.125981288748956,-0.353261356603792,-0.0318371318908632,-0.126984633310315,0.518720203989306,0.27756861614911,-0.31090529924233,0.437132594687269,0.118670077000404,0.134952075801278,0.244757688039956,-0.233902685109185,-0.446945389916831,0.108948972504739,0.232326972795046,-0.0336542172843123,-0.0707551450932696,-0.338265066666738,-0.05221508729857,-0.190271871893423,0.463432922078002,0.199981586273666,-0.315632007694353,0.490419171260538,0.212785400302607,0.154784137532223,0.310740488117792,-0.280333761347414,-0.56023733260977,0.188075512309113,0.279487640056075,-0.0646690001009726,-0.131127058889209,-0.371819419363002,-0.0378591423411848,-0.141477505433933,0.537749266840602,0.283370589959961,-0.325296252306121
0.600073978687861,0.436820682842037,0.131990107254859,0.750999900380668,-1.05174931097821,-1.8166212311536,0.441036018556771,0.419536876054582,-0.438324707470565,-0.87058651072891,-0.688913987135423,-0.224474479507384,-0.0663875276385189,0.579863935284288,0.564341110216808,-0.0920854807420355,0.607864905369532,0.477234806215439,0.113001572050364,0.875862039873482,-1.30185996696128,-2.20788698784651,0.497707842348946,0.445442630123809,-0.558132141119901,-1.10796939269454,-0.780276751955825,-0.294920306675256,-0.0538794696021509,0.55497456789153,0.627097676185226,0.0020278440809518,0.381566452682456,0.386294351610736,-0.0104599394627359,0.970250997201959,-1.71380237375262,-2.76202686068703,0.469370197721482,0.347083081605578,-0.772386468256057,-1.5325202474486,-0.810449499802607,-0.456296699870331,-0.0246060491440529,0.213589492942692,0.571785318083795,0.350052271891913,0.430336334153014,0.418587441691672,0.00915273863223048,0.989417575972517,-1.70554898490584,-2.76816347148227,0.493521204541472,0.375441596582987,-0.765279199734461,-1.51840391775804,-0.831858500652901,-0.444226619687209,-0.0255665800506408,0.276349120271329,0.603196284772521,0.307748329709287,0.436060809653373,0.297272796123351,0.0315418496067916,0.821118271997925,-1.41458890948673,-2.28480868173742,0.367480476064896,0.33515964498252,-0.604927102649361,-1.20240289897015,-0.748209304290788,-0.387665468547459,-0.118101589513836,0.301750051522346,0.480193336841076,0.16277003395269,0.447352586319382,0.425315551771,0.00697206804411717,1.03360429181898,-1.79269314674017,-2.90314954813127,0.507044865303745,0.389136801194832,-0.802032706265999,-1.59156707646195,-0.87391927710392,-0.471686495807633,-0.0371844208227479,0.281225941219682,0.622615090429416,0.324294052271249
-0.12487992596418,0.180975582721948,-0.128678857527847,0.472184941056853,-1.00473542347435,-1.56162730803922,0.245971312736139,0.0392359382080832,-0.521153172389407,-1.03013586245839,-0.266479376821537,-0.271850662262537,0.167873019703043,-0.264179973018941,0.234934905148468,0.538184592397567,-0.170978424328902,0.187608573005189,-0.166932183606783,0.566312285642147,-1.24041378852432,-1.91164435992892,0.275198296313285,0.0329723134353277,-0.638719124028861,-1.26300842977474,-0.325006900278449,-0.347108121766973,0.185052508597095,-0.35377603707016,0.261278439925809,0.671052612783812,-0.272320928146118,0.142840727507247,-0.240348910972048,0.687182212876541,-1.60910163541159,-2.43374162232392,0.277160011562936,-0.00212102425414425,-0.816192198227526,-1.61527803518089,-0.408351423663029,-0.482423257452019,0.179909511882747,-0.540103935416105,0.257551050767457,0.892436820522891,-0.265697220482494,0.153778073264842,-0.237045422462868,0.69113847271039,-1.60572600765989,-2.43383472859493,0.285493707967367,0.00308053677641942,-0.815771037180308,-1.61429847868663,-0.409228705588255,-0.477830921269146,0.185994409280553,-0.529458698816036,0.2661868713121,0.887711821436241,-0.203672667544621,0.165999182542173,-0.186013647947398,0.580068625290841,-1.30714586815638,-1.99909565591969,0.264988186890157,0.0172466658508654,-0.670896005903508,-1.32696161990302,-0.333605061020687,-0.375681675229752,0.180906198447065,-0.406596581885975,0.248195894466179,0.721570349311427,-0.278876683410325,0.162711780268944,-0.248576117277186,0.725242860858491,-1.68389471426687,-2.55287079273421,0.300562169281312,0.00344721454483423,-0.855882683382176,-1.69364204418866,-0.42873627592433,-0.500598981329484,0.196540491088066,-0.555117476374764,0.280127670027687,0.931575490527852
-0.354339835098576,0.130041963237993,-0.101901383394935,-0.0862613318915423,0.11691584793995,0.162655358171349,0.10083177116444,-0.133644756595918,-0.0589187614221048,-0.109022980795083,0.287838483648112,0.0938838156135337,0.356992073654305,-0.328862944508379,0.00833964908099351,0.345572937226159,-0.380536456300188,0.126627051721205,-0.109562846597208,-0.100456783772521,0.13287539564707,0.190859913733407,0.0970891336117008,-0.1468418016578,-0.0569089907867391,-0.104715573767947,0.309507127094814,0.0989036313627371,0.371954717827249,-0.35532083623789,-0.00126619155200745,0.364821662924637,-0.316571497091648,0.111880118534308,-0.0867446612525807,-0.0990777756902164,0.151586945425419,0.217553775802758,0.0820414183642807,-0.122888765932815,-0.0305141456549264,-0.0535172443052481,0.274061453237507,0.0982184923506381,0.318694492835579,-0.28665718391306,-0.00173039415742201,0.290476678018704,-0.337791471270892,0.112328539357323,-0.0939370262925397,-0.104087743735796,0.152215286455471,0.220709672768458,0.0827924822367086,-0.132198601245135,-0.0351557706804528,-0.062420323333683,0.287581102698409,0.0992441881467782,0.332807119025125,-0.309404413070174,-0.00562655983162691,0.311420724042498,-0.306123632827154,0.213474591413185,-0.075893817160853,-0.0637865084494047,0.159170245155259,0.18689530060856,0.162848051111696,-0.0958708387785264,-0.0488405021803008,-0.0878690541687996,0.288775433212029,0.134514814805297,0.406197218640697,-0.247259502769048,0.0716224143042181,0.305848868653047,-0.351764987859859,0.130965876615301,-0.0964661825790092,-0.105461419967163,0.163229055433052,0.231274447413899,0.0970188918816626,-0.134779060862844,-0.0378158470477765,-0.0670919564560047,0.303776750552874,0.109623081544653,0.359839619380536,-0.317690362397714,0.00348493867195069,0.326518117027487
0.481072117765176,0.412458739879193,0.193952295644335,0.247345989854118,0.0242359092045888,-0.183801375830934,0.319372005249907,0.303876307783503,0.022232760123534,0.0461433620336049,-0.215647968604226,0.131420641134331,0.0725649990517764,0.633747900698777,0.384103546636513,-0.370273827003151,0.51582480295597,0.447362712703602,0.207275719587023,0.27158440354842,0.0155119578444074,-0.214801118320254,0.347572616169426,0.327535837783428,0.0179372376222686,0.0378576339240202,-0.234232147489548,0.139120218906563,0.0816882855130362,0.679033577776466,0.416846554858849,-0.391799935291034,0.431770248251908,0.380610202705818,0.17000819867559,0.246928134371885,-0.0270855011103194,-0.242209854361076,0.299776377377101,0.277688282169894,-0.00438516843798656,-0.00673901757734058,-0.209983490650705,0.105093190508285,0.070880954219877,0.562958402702791,0.358497756504694,-0.311731934154717,0.459595137792913,0.405293821496941,0.181740097318714,0.259465487256555,-0.0209344973373144,-0.246068752258975,0.31845282719595,0.295195739569773,-0.00116888642435656,-0.000214743000754903,-0.220525289192751,0.114562497255811,0.0762149896712393,0.600666664788125,0.380686112963839,-0.33463509910756,0.427689926318393,0.349498338394145,0.167896899201852,0.229135823331889,-0.0138000423025166,-0.209373668236645,0.273532127957543,0.268189600084098,0.00801573029985196,0.0172885005492639,-0.208086549178557,0.0992324760169987,0.0458819412035575,0.552683413609252,0.333836233880953,-0.321214091689029,0.48011138764248,0.420320400289721,0.189523324172334,0.270550269843888,-0.0232358526926508,-0.257866065069892,0.330334035578562,0.307758187960616,-0.00110606113759654,-6.30789253078894e-05,-0.231436558855771,0.118190296280507,0.0766842254683242,0.626432782189262,0.395675603277548,-0.349937868624519
0.522804017779941,1.16591853216443,0.291952492504353,0.367353593878322,0.387664993125986,0.0523932119534589,0.889563040572725,0.472005507955016,0.0157519693167748,0.0491982853547642,0.0309554637315286,0.504602256594008,0.768739549679362,0.941224066356811,0.881259779086938,-0.331976134949929,0.564246230527589,1.24061653809622,0.314599590550245,0.387280246149603,0.425028398229761,0.0735912589038098,0.945168925612585,0.505087079756274,0.0241740416617935,0.0669682656311802,0.0326930341666812,0.540877137558199,0.813866900854333,1.01233319917573,0.937641843357485,-0.365660308709594,0.492137479257376,1.06484496195214,0.276615779514857,0.316745360296714,0.405022549664734,0.122435093398458,0.807181300399713,0.434834839622999,0.0405331572289238,0.0966915624393838,0.0382714785728534,0.477466668542664,0.696689507271067,0.884456288411531,0.801100436212747,-0.336175399617618,0.519353841977119,1.12185435409538,0.291076989377535,0.336798290123396,0.420044440657066,0.118925925996826,0.851025061980798,0.458855339910664,0.0399172579750735,0.0963173950146007,0.0372809932087217,0.500770855067284,0.732904673525513,0.931577239178524,0.845023797335663,-0.35262385309845,0.49204559932913,1.16591362222456,0.28364170948187,0.350197448304073,0.4108103434669,0.0904920920054834,0.887963396880801,0.457173462190056,0.0191351570388912,0.0563781778794514,0.0587745701450885,0.513315495969755,0.79034579681103,0.911988050885525,0.872259016668871,-0.309847633104721,0.544627484507702,1.18820032580844,0.306315370512072,0.355947735626955,0.443765283094255,0.124897475762574,0.901578909225877,0.483647637094697,0.0405413029038027,0.0986418801042135,0.0424506438648483,0.530181467258353,0.779659734746547,0.980582458799756,0.894083752319729,-0.367676374701482
-1.16771123464371,-0.681588224980207,-0.435532324255381,-0.552484913714756,0.0928236522596912,0.544589861237672,-0.532751639347372,-0.673978714780062,-0.0618496757715929,-0.120654371012297,0.638117370117473,-0.160996222150092,0.13033106405809,-1.42749153596666,-0.72459560875166,0.93347134290432,-1.25074208295577,-0.749931727068323,-0.464543101408172,-0.613342703022053,0.132783104832854,0.641203771333862,-0.589874779187323,-0.72815099249377,-0.0465960682825675,-0.0906067582258232,0.692410593668033,-0.167941351007343,0.123909698172557,-1.52836457034172,-0.794597365394168,0.98220186946463,-1.03920747444288,-0.634036528652943,-0.373642553988977,-0.57190391514369,0.244730394387046,0.738213227790973,-0.511978957649728,-0.614652179876232,0.0240607890460052,0.0492647562959587,0.623745719227988,-0.0981965851946621,0.103472019832619,-1.24912988317282,-0.685446665961174,0.764379315755401,-1.10797115737248,-0.680468119948997,-0.401311577676439,-0.599436189552589,0.23352567951472,0.747873691854487,-0.546796965576399,-0.654861695764862,0.0144466910109171,0.0301503084389369,0.653931092134279,-0.115371977073354,0.104031423392247,-1.33777946740568,-0.730431259449645,0.823617683350197,-1.02683731071119,-0.49877338877841,-0.36396289512015,-0.506285017575804,0.211127675563158,0.632197726237316,-0.400112425636695,-0.577021457946202,-0.0202556361029326,-0.0360393099963777,0.627901563073665,-0.0644578555261793,0.217517845767542,-1.20602516619246,-0.582410191069738,0.802187502263028,-1.15651768657247,-0.694729153026907,-0.417283697131532,-0.62290352388121,0.250066302432124,0.783829410003382,-0.558850062916752,-0.680400882954,0.01421572793745,0.0300957268198862,0.687762460297253,-0.113096114170681,0.12342121174961,-1.39119044898629,-0.75218528473742,0.861782174739173
0.25098783752316,0.110594118220894,0.0883390595365094,0.119253994976723,-0.0505342929027796,-0.148375726410746,0.0885838684860938,0.138441608956617,0.00811530124632699,0.0148502698000452,-0.155121752674598,0.0123162652933083,-0.0635151109211811,0.291993835787499,0.13416206254623,-0.199637989232943,0.268229018725781,0.123454660487889,0.0937496120394907,0.133782046712375,-0.0642746515356311,-0.176044755565952,0.0999033260539375,0.149683004626922,0.00282639569175103,0.00436449324163262,-0.168678018473889,0.011489143883893,-0.0638374165600896,0.31163266605911,0.148457415028523,-0.208160141250423,0.220367943144956,0.103482806265932,0.0731657981634413,0.128507395985204,-0.0939201150121071,-0.206962633053345,0.0877287922491727,0.125637383566209,-0.0165752897729004,-0.0339336489759326,-0.153631305317858,-0.00363979920652829,-0.0537937679951101,0.249341006941678,0.12876998600001,-0.155562209983189,0.235463911932103,0.112009839624764,0.0790892648559364,0.134154226328671,-0.0919111159620589,-0.209088276133909,0.0940752830412679,0.13411481009708,-0.0142713659849097,-0.0293897381436677,-0.16072842438359,-0.000579214547503304,-0.0554877054659641,0.268284586820804,0.137518323898254,-0.168870988697324,0.218211951170706,0.0672340762176059,0.0711662589725187,0.110308601574966,-0.0828868397110292,-0.175648738187191,0.057528252930938,0.115956433394181,-0.00352782815388969,-0.00876220041913386,-0.154705338926293,-0.0120384178861539,-0.0849421522009038,0.239400999890221,0.101119997835561,-0.16757780846999,0.245650566845461,0.112493572989228,0.0820493356154733,0.139216181499233,-0.0977547655845035,-0.21917457504727,0.0948159989534905,0.13903762629105,-0.0146904582875755,-0.0303628222368105,-0.1691710960522,-0.00269307452009322,-0.062055366215347,0.278414233375891,0.140605775592982,-0.176723666324115
-1.12301653673507,-0.226321106077722,-0.422405415864518,-0.239075987100519,-0.231652254579723,-0.128784386521512,-0.135751509953624,-0.534653140183579,-0.304962475926508,-0.594576897399248,0.570908992533902,-0.118323087281749,0.495547553537836,-1.31625552184852,-0.349753209683274,1.13418559689441,-1.21877679006295,-0.269622034976175,-0.46330133953678,-0.253071817083748,-0.285782547681704,-0.181546917105618,-0.163303368559188,-0.58379117716533,-0.340667554298876,-0.665087533183181,0.602354972366505,-0.14797783753576,0.512972464437926,-1.44085694412817,-0.39219485396124,1.23661060479242,-1.06530059097241,-0.229598954189648,-0.413871023349332,-0.177373779110434,-0.34569311295816,-0.304581056862035,-0.12853197902511,-0.503779473968958,-0.34214826785251,-0.669421043366352,0.491626400484695,-0.15942252460942,0.446407255252134,-1.27467439693373,-0.326034423179054,1.11729452478497,-1.12616725137889,-0.253746516169682,-0.436798446171943,-0.197833467430727,-0.350719510029622,-0.295524198489979,-0.146183682768452,-0.535827577865936,-0.352488125505564,-0.689605331511117,0.523245263081768,-0.167300158472281,0.462910159220108,-1.34781953318082,-0.354423933585338,1.17271143636039,-1.01988406639836,-0.0371939222298662,-0.375485131659398,-0.145120931763611,-0.238126471464878,-0.226110129145712,0.0148992507721658,-0.446275964753365,-0.329303895943283,-0.640332891566227,0.538509451048987,-0.0602718994911589,0.602988517096014,-1.15592599309033,-0.194224985560266,1.08725826480973,-1.17532452545574,-0.240951713887272,-0.453848934826069,-0.200126098724783,-0.361064099462839,-0.310589372448321,-0.133835258086154,-0.554123454865402,-0.371312426931651,-0.726016637128287,0.552263422045986,-0.164931834202715,0.505506122848332,-1.39949349268487,-0.353550898413397,1.22879522423662
-0.46425358697191,-0.503646236469595,-0.188600884057737,-0.300306841553527,0.0318561165727127,0.302452739467456,-0.398571983769849,-0.319918289359504,0.0283264034413875,0.0521069356726158,0.209737068231394,-0.143755352492306,-0.162994682154835,-0.629689209971877,-0.453006722372682,0.307733159941553,-0.494676848975744,-0.542828995536669,-0.199050648998103,-0.332519041529547,0.0577243696307684,0.360329503894269,-0.431974791823331,-0.34354311917254,0.0422960388422615,0.0794650291350862,0.231285112021277,-0.147284560213859,-0.177493994614463,-0.668400148168636,-0.490177660095604,0.317561698846781,-0.403982387664457,-0.461260766706677,-0.155482550378041,-0.314805961812877,0.131969251671366,0.428377379348308,-0.375471846392544,-0.289129793077109,0.0767827187574119,0.148469408204524,0.217455828832016,-0.09789651471061,-0.154808445501329,-0.535671030302738,-0.424100869833975,0.22360863479419,-0.431817614985829,-0.490018998468356,-0.167592982640325,-0.328289951036633,0.124652271735823,0.43213049559669,-0.39731409774716,-0.307494112098907,0.0740083100496421,0.142734125670455,0.226829919278198,-0.109122972122501,-0.163982779947551,-0.574668396032391,-0.449039636629856,0.245801823916,-0.406926723897209,-0.447381588737355,-0.159561572530276,-0.292801136431132,0.0911359218166602,0.362049309453224,-0.360269843993745,-0.28512896953036,0.0545390520513215,0.104601483712793,0.206479722796303,-0.106822723023687,-0.143344234127968,-0.542382356359971,-0.409494716389661,0.24519636225653,-0.45119683357961,-0.511193709836656,-0.174942094058581,-0.343268461006299,0.131480412675141,0.453041595173673,-0.414607674811939,-0.321176679538089,0.0776885720296705,0.149871148608783,0.237620173304217,-0.113333050601406,-0.170492288442292,-0.600026589170857,-0.468770910428519,0.256615298049743
-0.756688330094736,-0.297370740813698,-0.311170947456622,-0.135436402312014,-0.333852742597994,-0.294484720404096,-0.190789984415049,-0.38325539308768,-0.25072366473099,-0.493737938802952,0.291798289471462,-0.187863016557829,0.186369327256827,-0.956291348133632,-0.315684939414229,0.78793393654486,-0.825487606449355,-0.333882839421552,-0.343865732064477,-0.134130111273135,-0.403318696204445,-0.375960538571317,-0.211960683275624,-0.418134609362484,-0.288785794053939,-0.569183484957689,0.301944143685326,-0.22122067412242,0.191498386369322,-1.05260917124349,-0.346051723719483,0.871072126548272,-0.737957285259261,-0.287971327486494,-0.318777458036224,-0.0621919946808735,-0.484772764946458,-0.52614171840907,-0.168953740586733,-0.364788331674166,-0.316278231021794,-0.62411909013084,0.225229662440449,-0.235838511521117,0.171080666538262,-0.960065586637898,-0.285749619590817,0.826607349186879,-0.776978555590063,-0.309855728287617,-0.334052410530363,-0.0768507947907436,-0.489693499816357,-0.52030293416236,-0.18525880104351,-0.386680805121639,-0.322148899773532,-0.63569274179854,0.243705387013382,-0.243605910853101,0.175625411843761,-1.00894327428389,-0.308286677983763,0.860954408515979,-0.702195853183694,-0.189136573880656,-0.290206580547464,-0.0633013132839805,-0.38223234909596,-0.416500930769205,-0.100136469710672,-0.332287967025078,-0.285685540486084,-0.561663582888202,0.259315599721392,-0.169460652747001,0.247245676683843,-0.87729402500362,-0.221759977505704,0.781736577083244,-0.811531345752313,-0.311994819344132,-0.348030980932116,-0.0767005274963486,-0.510142581541386,-0.546132041512653,-0.184257957100364,-0.401334693115616,-0.338641042030076,-0.668012214623166,0.257146048991519,-0.250089264669086,0.194267653608061,-1.05051306183946,-0.313884649753914,0.902024097090665
-0.0470715475826864,-1.05310124585617,-0.215171899292328,0.202465542035881,-1.35398678300368,-1.59698952601936,-0.714953095732786,-0.18472343789401,-0.367210352815233,-0.752390349951176,-0.669044179044252,-0.80527232233771,-1.04699518173963,-0.566290535459347,-0.582818662202852,0.241472815435675,-0.0840368616381849,-1.10770859081994,-0.256028093903533,0.284961906559072,-1.60823277173195,-1.95120602160208,-0.733403363845225,-0.199705098168359,-0.476493860849543,-0.970279507247362,-0.751292665441451,-0.907579695274858,-1.0935915305621,-0.665387768777553,-0.595868143338995,0.354835363008264,-0.199305284123452,-0.970719589883667,-0.317841743311642,0.446284004516785,-1.92846627208021,-2.47228038653211,-0.589572647212477,-0.202743352775241,-0.678535793612781,-1.36718818315132,-0.774931719148848,-0.965253662127091,-0.918455706620926,-0.810415112866205,-0.479248400361819,0.623445543122363,-0.186677202407007,-1.01187918250392,-0.317237037899359,0.439395414960042,-1.93963615195867,-2.4738768578389,-0.621881777745572,-0.205805130005741,-0.6709097934202,-1.35312013966287,-0.794421183807351,-0.983198704015564,-0.965390652318063,-0.809544017050864,-0.504630246057561,0.603425683252714,-0.156562589762455,-1.18675587179861,-0.293946969356832,0.275689011620222,-1.69018761727512,-2.03385198200273,-0.787514318141437,-0.245111163151486,-0.510906622073604,-1.03935022522209,-0.751204166938135,-0.959273229208576,-1.12624901088618,-0.779136337413265,-0.655610375385106,0.434265669747866,-0.199547606519306,-1.0892579841075,-0.336569965014927,0.453412125140947,-2.04214254706769,-2.59467302288804,-0.673920812371535,-0.223375348430927,-0.701379656313567,-1.41519856209886,-0.838857365894434,-1.04308406613993,-1.03650478986254,-0.861874644128679,-0.548895412648333,0.631595523519965
-1.03645679467664,-0.98621043116096,-0.458970719420789,-0.411603681106972,-0.411343448239235,-0.102023868971168,-0.731704907716682,-0.657372055365462,-0.185564591457325,-0.375211285065723,0.312245913626222,-0.436148622597643,-0.274586199386754,-1.45421866319536,-0.850352218453674,0.900355203753412,-1.12228185356246,-1.06615489495387,-0.49910803315333,-0.435030321946566,-0.468521971331416,-0.145744060121387,-0.788663427629992,-0.710182823189386,-0.211689298731962,-0.427629894362638,0.329741126171162,-0.479429063591596,-0.297561714920278,-1.5782478016397,-0.916540930235665,0.983757938990431,-0.979287363534372,-0.913905297235128,-0.441958607728135,-0.340169310592572,-0.48613257765253,-0.249411993108819,-0.667457905392735,-0.611873579092931,-0.223223497459485,-0.449327141101211,0.261694244945764,-0.438728372574236,-0.250625265510187,-1.38642639587966,-0.778046263855528,0.890988625524923,-1.03474163741125,-0.96977158676197,-0.46593238543651,-0.3667992168992,-0.500077475052046,-0.241562459774107,-0.7098858795004,-0.648173129690628,-0.228806048507974,-0.460831702421454,0.280864781991287,-0.460403679131624,-0.267537919242766,-1.46363139849787,-0.82679677299476,0.935373806181014,-0.953235527294414,-0.875801809783309,-0.42510922911729,-0.345048669983406,-0.429841397132937,-0.18345711749064,-0.642816790320115,-0.59482136092063,-0.201141071322186,-0.404979290565357,0.273490989554396,-0.407909669215647,-0.227829314356838,-1.33828997950601,-0.753163478235982,0.855460729256749,-1.08180138447228,-1.01090907497232,-0.486938995000529,-0.382393731433127,-0.522891675870992,-0.253846975300429,-0.739776123554596,-0.676981896281143,-0.239947530379128,-0.483186936028713,0.294148421497236,-0.480370871809127,-0.276976379534111,-1.52942797822895,-0.862278199339473,0.978771784275721
-0.000321712486544928,0.516647587669189,0.0752816591117106,-0.00508097575137809,0.434916233007276,0.443038688802754,0.373543923447706,0.0925565161503401,0.0721440105375241,0.154765619463549,0.256766106516244,0.318991280504373,0.510626914679783,0.212151313007989,0.311148087414974,-0.0122464542828912,0.00819125364995705,0.542962650599665,0.0869720023774787,-0.0254509661532313,0.507883634301636,0.540657238660775,0.387449409558304,0.098319295227967,0.100508100127568,0.211600628822256,0.283599507581004,0.351989317978135,0.535156210896722,0.241124988220924,0.322059304240676,-0.0397188697446815,0.0420976873863983,0.471811737996128,0.101657095980641,-0.0771074561889805,0.58646872737802,0.682975886645927,0.321825670669552,0.0931220796838176,0.16026591305217,0.328323739431113,0.279117322292964,0.35337410987628,0.453973431806709,0.272915645509811,0.267823678954241,-0.121730480691867,0.0376016574292937,0.492737263006643,0.10201711846391,-0.0731933812157009,0.592221310020345,0.683680694931452,0.338203532735079,0.0955249644065552,0.156858649954812,0.322076962749474,0.287856306039447,0.362461803404047,0.476603292587108,0.274569043625106,0.281093032778168,-0.113487388011006,0.0351692173320756,0.574947914510739,0.100726432187899,-0.0187688954325586,0.53304437355177,0.562397160776375,0.410172650051382,0.116073924792745,0.110312485307541,0.231393819961692,0.282035940398672,0.370301026040258,0.549263091479125,0.283180667339982,0.346810639122158,-0.0666146528931289,0.0411149820435483,0.529858115311512,0.108763847799646,-0.0732986257825,0.624749964259583,0.717028474670955,0.364842828603583,0.103669275523957,0.163418092605373,0.335879605159511,0.304584693797331,0.385699073714993,0.511117691496603,0.293866093229204,0.303971533764053,-0.118337961096551
-0.256830134144317,0.222504692443969,-0.0974248508970458,0.125631758924453,-0.243193131998058,-0.424204772049879,0.20817784157921,-0.0505197464402154,-0.21995851683095,-0.428551408165882,0.108801613737087,0.001251254961598,0.351079298909216,-0.262240945737008,0.139898755484199,0.405101094248133,-0.288394429268715,0.226921334314487,-0.11458725771951,0.149549956468973,-0.311384064343794,-0.524423793537806,0.219031944472977,-0.0598253472498185,-0.258704295016747,-0.505007259927959,0.103659067005969,-0.0191147521430598,0.370075624016236,-0.307241219379749,0.145747834915535,0.462321612585477,-0.283520794795789,0.190692437831122,-0.126466990735543,0.188051828696773,-0.42709668091447,-0.683513992707221,0.20101778112708,-0.0596098285964035,-0.300818659012731,-0.58959111521467,0.0506692688825641,-0.0701732762102775,0.324428159995583,-0.331845385712709,0.135939450378618,0.48920723678812,-0.294272020346066,0.198206702072581,-0.129430728790114,0.187158803679702,-0.424593202080314,-0.681574349392693,0.207050740033432,-0.0628078112198227,-0.303920086504379,-0.595432114744006,0.0596563901560694,-0.0664770694350019,0.338466195682319,-0.34106742023727,0.138867718199142,0.501070577169906,-0.252569786096292,0.275027200114185,-0.0997577551286797,0.177438977405709,-0.317121552501086,-0.556381849229789,0.257544703452997,-0.0328883030228887,-0.264550124026536,-0.516100504036329,0.087915330537907,-0.00601949298935583,0.390911215067108,-0.256793521810967,0.187707323701241,0.442352290824976,-0.306974186669987,0.218167973613063,-0.134250869997652,0.199148213487057,-0.442574150943792,-0.715059041479965,0.225133983405629,-0.0629769478500605,-0.319588464541119,-0.625951623501425,0.064423752994366,-0.0654039690588917,0.363614377004849,-0.352725181568139,0.152934087169187,0.525770962561949
0.406778969599375,-0.67080410406826,0.0727379078454709,-0.0386328221911684,-0.244780405705612,-0.142563070368369,-0.524737888952016,0.0422659148321966,0.141811397151131,0.261141832225899,-0.466208987914072,-0.319768697361073,-0.899151773510063,0.22076803529505,-0.366367865787296,-0.502893370935493,0.439306898583144,-0.693725335228257,0.0806589586611583,-0.0313666330317438,-0.263012473213932,-0.164299659998268,-0.542105015690582,0.05247010862377,0.146466876157398,0.269411475090347,-0.497431371001967,-0.334583472683729,-0.942636584654654,0.246746676371826,-0.373976353250184,-0.534981466303472,0.369295069785249,-0.59903588601292,0.0638148996823661,-0.0187156852983442,-0.251712056841576,-0.177537626543457,-0.465506077781065,0.0421846965212912,0.113179268757578,0.206357449856892,-0.432510303679301,-0.29683806540051,-0.809448108116084,0.197862411577098,-0.321694100827326,-0.443091008371913,0.393849687424627,-0.622180144302024,0.0700752434201506,-0.0182509146216838,-0.258708026189802,-0.181475903586816,-0.483975317851773,0.0482139513380038,0.121108975826634,0.221248672255843,-0.454597152553546,-0.307714967140249,-0.847123480676913,0.217124475546692,-0.332473552594267,-0.471399967336885,0.34539242045957,-0.808487051337833,0.0379325869356045,-0.0799198973706135,-0.295191483322168,-0.155718714999207,-0.629343350611621,-0.0130698900992465,0.137956981379765,0.251362577329012,-0.471820549509847,-0.380919192117693,-0.990523178570333,0.109185224755991,-0.469765685053088,-0.462362542670202,0.408930265494868,-0.678958324598404,0.069677836956252,-0.0263726663257753,-0.278536791015431,-0.190026477799699,-0.528065194785907,0.0431932367966017,0.129118481152053,0.235699625025212,-0.481684785282856,-0.333876547231116,-0.910712318906636,0.215016098250745,-0.367368636751057,-0.495096796316526
-1.02649416143916,1.87282200070873,-0.191614529506108,0.249569744742855,0.415250846030862,-0.015444233611583,1.48876174967366,-0.0553943340458017,-0.491208831943323,-0.920107064458898,1.13308094684103,0.79954046099428,2.4189601968044,-0.545272721767727,1.078955982947,1.39277398366598,-1.11753737672734,1.94012805255498,-0.219312909133162,0.256024641963494,0.40720129426043,-0.0442502492410177,1.54564988195825,-0.0800846666112624,-0.531440505582806,-0.997255304349787,1.19887753455376,0.822277725484788,2.53891578015369,-0.627540797189494,1.11016580648733,1.50484961554917,-0.969587074130887,1.66998479873277,-0.19773353833896,0.246967657559745,0.285236315354343,-0.134857901337228,1.33694051174659,-0.0688223429799291,-0.488404627487096,-0.919830952767765,1.01222607269243,0.686166465186195,2.18517472870832,-0.559924170256327,0.96257001455075,1.32652609707663,-1.02844795787781,1.73730267569558,-0.211650547506346,0.24859466010255,0.305399112125362,-0.125099096182861,1.3904115261026,-0.0807994485362406,-0.508701589748189,-0.957828198214478,1.06858442960563,0.717347535529152,2.2866647075096,-0.602384509961221,0.996394047595897,1.39647731034115,-0.891301652457514,2.22235985197453,-0.117253452225454,0.380588284696822,0.471958918669045,-0.0863305155017703,1.761692082103,0.0797780434156985,-0.518023943188711,-0.967729922115085,1.13343996395031,0.931562893674648,2.65858906253173,-0.296883631833951,1.34668553966429,1.33615075059128,-1.06807569995091,1.89127407971198,-0.212081859222994,0.279620605297945,0.339127825870603,-0.132037659504467,1.51189596877968,-0.0655509310843429,-0.539108661862278,-1.01430301782448,1.13373332910774,0.781540662792587,2.45670909019487,-0.598817602641464,1.09387233727694,1.46673436199768
-0.926002952523003,-0.952795066312152,-0.382113247610936,-0.539088553481905,-0.0318959719583673,0.439701814036473,-0.744043002516828,-0.621377109176842,0.00148671830502206,-0.00428603237804634,0.391904955621321,-0.301324280947769,-0.284917553545071,-1.25912347899742,-0.854326343475169,0.662858430394604,-0.990516829926162,-1.02819694470799,-0.406412783130895,-0.592857734727604,-0.00420118263224918,0.518713998355947,-0.806048525460146,-0.668294874703881,0.0171256061623723,0.0260985505990844,0.428800051458629,-0.315324925915049,-0.310721965417341,-1.34396204933781,-0.924151636062776,0.695683865726792,-0.822136951000297,-0.875144274104039,-0.328266706819224,-0.546653823417288,0.104311300595973,0.600527573434183,-0.696995844099393,-0.565340198355806,0.0676369538559297,0.12737895947304,0.392415792955401,-0.232912394814445,-0.269428274145873,-1.10227216501186,-0.796517532732407,0.532320535253242,-0.876275054323556,-0.929772030113111,-0.351697105273406,-0.572593203521001,0.0904911412748444,0.607917416956931,-0.738467126593368,-0.600786785895471,0.0621152865685691,0.116003174102027,0.411038159911651,-0.254171646202853,-0.286036340425713,-1.17770403064042,-0.844146412656043,0.575702392390976,-0.820699524523729,-0.841878968567358,-0.330412279034022,-0.513078368552075,0.0550624188857078,0.513325938678641,-0.665466547259956,-0.554600546182288,0.038022192710458,0.0692197734997848,0.379061822459497,-0.238290317560701,-0.243580858322718,-1.10061370694106,-0.766168410987492,0.558042191676385,-0.915675659972323,-0.969167885113112,-0.367166241332786,-0.598330132339231,0.0965143794712411,0.637206863298779,-0.769921572197061,-0.627363978843659,0.0652117678188468,0.121875460072446,0.430688922173677,-0.264137040893274,-0.296522355359015,-1.22967978701988,-0.880640916734614,0.601556460411816
0.864560001098259,0.340709107191764,0.366403909387969,0.106645604885311,0.49291838699254,0.502840018634263,0.207914547999224,0.432135714918661,0.336155670047913,0.662918492580192,-0.29140920538588,0.252292993482963,-0.203274965717968,1.1124627558249,0.346886586040668,-0.940335057710353,0.946914232474539,0.382383756821604,0.407466095147496,0.0951470260236724,0.597271150900368,0.632898861497491,0.229560908643433,0.472295894597122,0.391691461836175,0.773011526936525,-0.295968427872561,0.298641312252128,-0.209614435641174,1.23094927821534,0.379037875638027,-1.04809480512753,0.859635971526447,0.331797074762038,0.386968296625987,8.02926608558327e-05,0.728257817234496,0.859027210437485,0.17797126041284,0.415359591982374,0.44252895261451,0.874246453600231,-0.201675190614902,0.328270896676854,-0.189761025402794,1.14615485897195,0.309025807514782,-1.02311569868265,0.902754192545379,0.356333353009805,0.403873457141748,0.0163877679737694,0.733733180384707,0.852489907086584,0.19626959022846,0.439628091959074,0.448949014915738,0.886909884167482,-0.222012442500058,0.336985360438289,-0.194453548103228,1.20026428991725,0.334176217826906,-1.06098341667488,0.812390501569913,0.222841256528265,0.349478698406378,0.0143197747556277,0.581105442377678,0.688013893353126,0.105588847002971,0.377900896287053,0.391753984717693,0.771619649494837,-0.247180989005489,0.243917071316938,-0.271384264916476,1.040441588339,0.241389051997643,-0.953547836947803,0.943115039080948,0.359546068228084,0.421041022769745,0.012912342896131,0.765799417492029,0.894610165354729,0.194880114639754,0.456467555218538,0.471706679762704,0.931621793492926,-0.234514804355918,0.347537442558612,-0.214926275222439,1.25044759665134,0.340161184118467,-1.11171660322396
0.101390883794197,0.386366468877316,-0.0316019190870467,0.569645007442097,-0.940552057633754,-1.5736943127867,0.400224990632881,0.181894738756149,-0.489762729630841,-0.966570469556154,-0.346048221874862,-0.188538366870481,0.216665000668793,0.0461801717097659,0.416850290513073,0.348119008602086,0.073282785667768,0.409961483003885,-0.0618924242085316,0.670833257206453,-1.16902623178362,-1.92178157959389,0.442020637734493,0.187003003428322,-0.604041905514715,-1.19280286394923,-0.409999727037931,-0.256256225367045,0.238471747677205,-0.0182039904397407,0.457834375308566,0.465291980786084,-0.061903899710782,0.333008449304594,-0.149337487092468,0.773979642783296,-1.54127343847879,-2.43244906278065,0.419144529403878,0.129919560334243,-0.783158080644617,-1.54854535520789,-0.479441515628017,-0.402500869519441,0.225157891766263,-0.250277252002175,0.425070849615331,0.712508530637961,-0.0428604537247843,0.355819598826021,-0.14072173184822,0.783744303385946,-1.53493926977757,-2.43428997404444,0.436482898334287,0.143116438679623,-0.781408984107804,-1.54484886943417,-0.484789447056619,-0.393323294297518,0.234429477139419,-0.222537898577475,0.444192185034314,0.697723535787184,0.00218484152185943,0.345281385920242,-0.0979065089450527,0.664804456342422,-1.24591510333965,-2.00278347844667,0.398949990143871,0.145181953798194,-0.639269419762159,-1.26319860829622,-0.40630139794463,-0.301477867344767,0.218535565883776,-0.12573286444362,0.407937221089539,0.545500273565932,-0.0459705758708242,0.372912826067095,-0.147980716553118,0.821770796911535,-1.61010027127661,-2.55324241750227,0.457611880684755,0.149603361687604,-0.819823334043314,-1.62078813551233,-0.507958429614583,-0.412662121832253,0.246255094204524,-0.234616851926746,0.465510888780634,0.732799342318171
-0.201391135235627,-0.769825849770745,-0.160703717717951,-0.13194382913024,-0.434161755293403,-0.317400634222271,-0.573092422065208,-0.238567946151634,-0.0575501431899511,-0.128335578119618,-0.176757857824225,-0.397357999578499,-0.614133614198702,-0.497089655412546,-0.530720849971724,0.141060059583848,-0.223156695328289,-0.814928531826157,-0.177185211913142,-0.125641617556884,-0.497187098951786,-0.391100891923733,-0.602803249427915,-0.254936837582235,-0.080015108292793,-0.173661012505005,-0.195013199085897,-0.4329143865387,-0.646667974417583,-0.543611993557586,-0.558875370576517,0.172811888203176,-0.218096599579895,-0.703320384680785,-0.172751475819904,-0.0646812877417033,-0.543335736727488,-0.50555363815857,-0.508599949914329,-0.22517502147397,-0.125998623116575,-0.2626905942571,-0.195292581758661,-0.41108421605541,-0.55070879969721,-0.516856572052965,-0.472468478493307,0.215779438700766,-0.22560541387492,-0.738204973430644,-0.178476095393413,-0.0747786978649189,-0.552672488069115,-0.504655482255762,-0.535608767424692,-0.235824515670458,-0.123610730915352,-0.25859932741936,-0.200430795085644,-0.425679252347219,-0.578763259666338,-0.535813941781682,-0.497545313517537,0.216826728667159,-0.212897521208724,-0.806738157866813,-0.17422333511335,-0.115496486892421,-0.50837545889567,-0.412287353278765,-0.595342053754232,-0.247965753645726,-0.0846385824345511,-0.182823397353422,-0.20411244751722,-0.434234914021635,-0.646601656766841,-0.532314030052539,-0.549595152369189,0.168981757544399,-0.237648009256745,-0.786893227722611,-0.188695429613486,-0.0816469946433963,-0.583160894151926,-0.529340068295436,-0.571574755674631,-0.250443831154005,-0.128449394963446,-0.269109400751267,-0.213178570155121,-0.451846796183365,-0.618290318856027,-0.56703331420289,-0.530582496486546,0.226155672423126
0.729146237659984,0.53630788089179,0.311919253606114,0.237263611518425,0.280681743592314,0.122045015696863,0.388846881583863,0.42757095996347,0.163999080447474,0.327002145704707,-0.251404121510031,0.251080652422483,0.0473487192727987,0.980041324140171,0.48726955499435,-0.674398249775727,0.791097707819025,0.58442276278996,0.340713888911156,0.248793409691936,0.326477468611885,0.164222953355584,0.421802206833357,0.463296193427105,0.187156451304964,0.373175902965875,-0.264070675287912,0.280618491272808,0.0554504894413851,1.06783904043648,0.527633385510051,-0.738926490762071,0.694359908919072,0.501243881795791,0.305149129367137,0.183506524726818,0.357193311897838,0.254518050092735,0.353929131332577,0.400231433868475,0.198678038710087,0.395681662501543,-0.207399097773887,0.266030043613544,0.043445515537912,0.946593464055549,0.445603806372718,-0.677415024071344,0.733105425133906,0.533599072898265,0.321289510555834,0.200544163488459,0.365073576148426,0.248930257128358,0.378379553186978,0.424194214813455,0.203328118534622,0.405063139832897,-0.222699775742321,0.278310067353812,0.0489609989643956,0.99845004749291,0.475154647713201,-0.709624475815374,0.671014483197894,0.447250658303073,0.288160653311331,0.183561076459861,0.300421987593402,0.193924136350617,0.316488656750687,0.380833737130913,0.180763234332395,0.35922915246861,-0.223932968794946,0.229634882572302,0.00422745905006229,0.89711883896357,0.410002256996788,-0.648851705598213,0.766117116545002,0.552010550910131,0.3353349364445,0.207849055391165,0.38088155641308,0.261452061306967,0.390959049148806,0.442068601799111,0.213533271951568,0.425265527177257,-0.233980276196993,0.288746675898254,0.0459400315845474,1.04182027384163,0.492635711555561,-0.742924759529478
0.358636931504773,0.301988933145117,0.14261477876571,0.189705565492706,0.00134129254319628,-0.159835732998258,0.235291942227703,0.226199768715337,0.0103884858088379,0.0219823591384523,-0.168032985934736,0.090527660299058,0.0477118972542939,0.468068136061597,0.284607163751637,-0.27152518376981,0.384046116839543,0.327739507786128,0.152019987632575,0.209081616545147,-0.00865538634778791,-0.188006300053117,0.256448055532415,0.243743789720742,0.00557299103222329,0.0126000698158413,-0.182936238351812,0.095022859291396,0.0543096563240668,0.500603167346557,0.309181055757859,-0.285889774502484,0.319638747095779,0.278514247051626,0.123191290540361,0.192647207171733,-0.0453774815865695,-0.215887277987671,0.221769321451669,0.206198268705333,-0.0138156238577554,-0.0260701590203951,-0.165538673694543,0.0682281376083528,0.0474799439528325,0.411449008151867,0.266370359772338,-0.2225206764937,0.340589058044708,0.296748414885661,0.131993372946326,0.202001039573576,-0.040835946485365,-0.218786029202304,0.235557712369632,0.219306247459321,-0.0113509351963605,-0.0210799653210248,-0.173573089178539,0.0752100921293878,0.0511656001662344,0.43973264872461,0.282838609777386,-0.2398311509435,0.317367446558089,0.253810664148489,0.122156881264926,0.177356185472027,-0.0316363619071876,-0.185148709861252,0.20059986660172,0.198913184095062,-0.00231981570751717,-0.00372774885537635,-0.163437641426102,0.0646132663556681,0.0272588160757038,0.404900278383674,0.246562684161263,-0.232165554806677,0.355750551802393,0.307479181740202,0.137594483816726,0.210626940692136,-0.0438424570599657,-0.229307403300825,0.244163947970099,0.228575868620686,-0.0118005445419137,-0.021962132782907,-0.182193952488256,0.0773282979473436,0.0510648475591053,0.45844579500945,0.29381932364348,-0.250772131937028
0.0199840196162564,-0.479926697681308,0.0511699939989971,-0.502959564816077,0.774863792995125,1.3497260441841,-0.462000590042658,-0.140393478074488,0.465311295920612,0.914114956384129,0.191458948227447,0.0978591657651894,-0.394027766199432,0.0314745862504595,-0.438275808744968,-0.434763447659994,0.0534105178971593,-0.504780261917267,0.0801653355986816,-0.589753394591057,0.972002608785441,1.6508431299407,-0.501876400867666,-0.141756508801049,0.567065172838233,1.11534301190082,0.240119146808123,0.154494170763635,-0.422886613427159,0.0957773574312802,-0.475050602015207,-0.546224113079135,0.153816571053079,-0.417550164670224,0.152196720555658,-0.678727683938739,1.30158383117894,2.09748334517133,-0.465842237312395,-0.0954508633992248,0.716744944111859,1.41331133685018,0.317054269956062,0.290987824937118,-0.381093820007252,0.285398100660093,-0.436208276185895,-0.740624569520141,0.14357788633408,-0.442114650340361,0.146427651423194,-0.68680637193665,1.2946085923969,2.09807556877269,-0.484716656003956,-0.105116307320559,0.71712316112758,1.41367484648125,0.316366452724391,0.280731475238426,-0.397695460224039,0.266617646081056,-0.454778983481526,-0.734831532817391,0.0916663630548246,-0.477283163793723,0.100831209367821,-0.596982483250532,1.03149098582949,1.7244645786461,-0.486341876215212,-0.121863698653713,0.595864673908064,1.17262969760267,0.243604225745816,0.182442886774774,-0.417463211656254,0.154896689089777,-0.455753905443961,-0.597985971059553,0.150472137364781,-0.469647076982916,0.153009934075222,-0.72183385257636,1.3563221610294,2.20067904910375,-0.51302073901118,-0.111554635499731,0.75285081222888,1.48398811636224,0.330248946644208,0.291946032449373,-0.422636072713655,0.277681020079513,-0.48104368112659,-0.771720232752427
-0.305863532658176,-0.632636670129613,-0.169473568801347,-0.189019852427065,-0.245858831870236,-0.079042156582049,-0.478760699982259,-0.264016581507116,-0.0294826977577945,-0.0679834298410689,-0.016313040015845,-0.284997732568204,-0.405653337339598,-0.540979371863039,-0.477889590123996,0.214986745086779,-0.331338099383804,-0.673767587476506,-0.183623981463712,-0.197159791560415,-0.274360768336776,-0.102275107650589,-0.508551803635102,-0.28298112124757,-0.0382729953532531,-0.0859839723168627,-0.0185919148706285,-0.307543773427578,-0.42941903985726,-0.584402878825647,-0.50842293334052,0.239036935465701,-0.292857671627452,-0.578844648232367,-0.164462066314402,-0.153832679652653,-0.275851629412706,-0.146992485451003,-0.432828681829694,-0.244587820876776,-0.0527173038131057,-0.113180076182838,-0.025929786525875,-0.277402833668186,-0.366812190254056,-0.518005075052979,-0.433178983460899,0.228020415912979,-0.308409743202687,-0.609915620339483,-0.17258680608386,-0.164943318793121,-0.28400279531817,-0.144944939139052,-0.456712402434642,-0.257998885696553,-0.0525286597391757,-0.113257790750777,-0.0249292595171941,-0.290069393000291,-0.386084823398312,-0.544458589258403,-0.457262559693973,0.237684889932273,-0.289972673935446,-0.630177225881851,-0.166005641195198,-0.174875313029547,-0.267957384848942,-0.114882564361809,-0.474971176818521,-0.255259359459599,-0.036353987421129,-0.081823262071403,-0.0340451975371605,-0.292071127235639,-0.415351419681654,-0.52701073890555,-0.470174163337674,0.207912947486755,-0.323338602141065,-0.645561202194275,-0.181504833944358,-0.174344519314203,-0.299506122631519,-0.152127874243953,-0.483576500715694,-0.271767903506803,-0.0544057351528979,-0.117551511020387,-0.0279016310048619,-0.306752407365756,-0.410553925112368,-0.572734365711275,-0.483525680948691,0.248109576820674
0.623691159302809,0.728466727500416,0.333100305098595,0.0796825094767832,0.744820890307124,0.751056808220298,0.500628830676547,0.399260646250486,0.302317869106932,0.607736439772898,0.0230646116783305,0.474289188745533,0.328872099207991,0.998051693623102,0.543212269170417,-0.683909352292908,0.6905025644444,0.783138180161947,0.373084333340724,0.0539032892800806,0.88443668914747,0.930399196801789,0.529638255004197,0.433582398445686,0.367033086955429,0.736591917564402,0.043754062580399,0.537294128435184,0.347288870887437,1.10933059803671,0.577006330023582,-0.785371885601373,0.657214887626673,0.679860614204993,0.370744075066877,-0.0609774355483844,1.04651786933224,1.218118351852,0.431471058456223,0.387010505306874,0.45654459694744,0.912747770320478,0.106591894493481,0.557968176805093,0.286307069939271,1.07458539877447,0.475975325634116,-0.839962808157205,0.68436187366904,0.717193008915075,0.383366540088661,-0.0454822494268863,1.05586714703533,1.21403783959129,0.460031115268663,0.406886723147235,0.458039394247086,0.916137980161125,0.0999587285887245,0.572773356540184,0.303985988773206,1.11545261735892,0.506618141805605,-0.859805392338569,0.617632680584297,0.696967921700979,0.343568068708949,0.00179444275548192,0.895047852831473,0.989126065525952,0.460804299339059,0.381469417476419,0.375679533925868,0.752963749592041,0.0774925951427025,0.514221393858995,0.315588531288324,1.00960592200137,0.500108008603747,-0.741095279710099,0.716637816436844,0.754074904683516,0.401875164386424,-0.0475766270607609,1.10805314427453,1.27363971208736,0.483955736857569,0.426634847693995,0.479986138481019,0.96009724198623,0.10612205406615,0.601612426207321,0.321328745446357,1.16928481309671,0.532377085742312,-0.900363111416992
0.438343435291387,0.64403455437077,0.222333062355239,0.193799868316628,0.31455557993034,0.162267982733502,0.478439427971886,0.321438778241651,0.0876109065451209,0.181823276653696,-0.0382838670664837,0.307677056923362,0.336356583730114,0.699498512179809,0.50288824749846,-0.368044223256697,0.476690782042387,0.689449521019043,0.242767673040696,0.199307566942957,0.359462809534126,0.206867025355828,0.50981009045988,0.346175080761328,0.105652931014315,0.218118363155952,-0.0370856484589515,0.336751070225299,0.357083593262174,0.760871902697876,0.536847845166095,-0.409597452588806,0.425311891530154,0.592892784431539,0.221330166750468,0.142317101989651,0.384210599902105,0.288487995700574,0.430785719211317,0.300470197629679,0.127970639526125,0.261120206031817,-0.0132936329881871,0.314254702112399,0.303102191313945,0.684166503497403,0.454908570514174,-0.394662718640413,0.447462411990785,0.625944410993835,0.231880127867202,0.155505546820829,0.392707183783217,0.285416212882758,0.456089632882989,0.317223188799756,0.128964698296113,0.263494866498511,-0.0179119427152067,0.327494700710448,0.319982878490767,0.718346712868112,0.48164227048227,-0.410441253665392,0.414150784585467,0.620328109498332,0.215998952214023,0.164133823387314,0.350555713211007,0.228379024228153,0.456375038825022,0.303499050691819,0.103861279119355,0.213962970500463,-0.0140133678049713,0.312537907697823,0.332910773524149,0.673390089440504,0.476629517006963,-0.36372346277203,0.468515104958157,0.659324989515494,0.243189940371859,0.163561012043197,0.412703759426948,0.299539340749227,0.480563823848399,0.33294922458554,0.134780881571197,0.27547850483909,-0.0174737778637343,0.344730722466512,0.338779816456418,0.753446462046283,0.506902930602612,-0.429200451525048
0.0161016330825997,-0.154522167791259,-0.0187562754562404,0.012977037074357,-0.147946253950148,-0.16104446620299,-0.110325311841449,-0.0196531117847002,-0.0259453568105379,-0.0552078920313702,-0.0934566544150882,-0.101891485744265,-0.164426191625106,-0.0492629495454186,-0.087621921377508,-0.00574477355006285,0.0142447872288964,-0.161924729263696,-0.0223573704408278,0.0210582967510093,-0.17359764853008,-0.196232853612833,-0.113750247918131,-0.0207621241136145,-0.0360971670232736,-0.0755230534499866,-0.103262326655857,-0.112907279254026,-0.172076605168829,-0.0577319655263334,-0.0899209939576138,0.00330465056670458,-0.00040730281698992,-0.141104176715993,-0.0289029010803613,0.0378825961381862,-0.203037378938524,-0.246984117684128,-0.0938201564402319,-0.0209865292077406,-0.0575428060139303,-0.117479004530181,-0.101424847353127,-0.115322272330497,-0.145785920460243,-0.0732890613903418,-0.0741350103912219,0.0343265918572595,0.00207589302756629,-0.147064815333586,-0.0285947202699277,0.0370538152998839,-0.204695934418467,-0.247350483300389,-0.0985090262342988,-0.0211385527694576,-0.0563082207559183,-0.115192554972669,-0.104669809360985,-0.117955252670934,-0.153007124509545,-0.0724615369303915,-0.0776779492203855,0.030793131522904,0.00212368281842978,-0.175966739122061,-0.0283580300679372,0.017465295735511,-0.183273136340033,-0.203695588572012,-0.123853402684033,-0.0287526120714894,-0.0398507538152659,-0.083113796159595,-0.101889225899575,-0.120478747741502,-0.177983237253862,-0.0762544514425512,-0.10101918882565,0.0148914509456206,0.00155764010306322,-0.158698052588481,-0.0306091243553037,0.0376694787219485,-0.215921556501264,-0.259410175860167,-0.106769594194991,-0.023378133665003,-0.0586934736667526,-0.12018194545156,-0.110661841069902,-0.12560124853491,-0.1642797553205,-0.0780593342020339,-0.0846003294665499,0.0321085423229983
1.50538526167726,-0.357889190949607,0.521012554096678,0.0971674313196296,0.282558814992577,0.396508027528138,-0.347515549739488,0.56974160101195,0.553096260684994,1.06933207757686,-0.895353014144005,-0.0726058489132832,-1.27587735832345,1.58537458515779,0.0018615150365458,-1.6956005128753,1.64064606630089,-0.333971282005165,0.578460929285493,0.094370693648597,0.380430361085327,0.518032342485094,-0.340655346355472,0.629641333041457,0.621950072745648,1.20472645754776,-0.938472153578213,-0.0360428541943842,-1.33312419084482,1.7553301863016,0.0325237057128076,-1.85846444743294,1.45209457172769,-0.286995876174354,0.532311087809308,-0.00201014414181325,0.540609586658914,0.76006373841199,-0.314408457484858,0.548292540408633,0.639734336005379,1.24389864961847,-0.752576094871368,0.0392672654154539,-1.15591496005987,1.59170514870003,0.00842515877032568,-1.71625983956842,1.53245367636821,-0.283833301799343,0.559957829286175,0.0182579519207588,0.539231731928601,0.747657742119508,-0.313438025493804,0.584586042370963,0.656607734207047,1.27632113012598,-0.802519773570939,0.037349175424178,-1.20480041468726,1.67930392517701,0.026508956792839,-1.79457395902966,1.36965239861472,-0.658774168760924,0.45892042153579,-0.0584341071285846,0.322012131865211,0.591755819689632,-0.59062431107835,0.440104344116624,0.611308533047685,1.18044381488212,-0.850506069932428,-0.156084954313041,-1.46273859208099,1.36611611015832,-0.243834941073191,-1.65960264768684,1.59801788199637,-0.345138244188692,0.579828762399845,0.00568378696645259,0.552751206720379,0.785112037430741,-0.365486185244453,0.599071846202226,0.692082111057358,1.34452133671705,-0.849326569695248,0.0192553344092587,-1.30240478029512,1.73652659125008,-0.00610367906948998,-1.88167707431205
0.439739514575029,1.2122838727533,0.286390171449958,0.275268786837446,0.593478954627675,0.351024439285722,0.908640005163929,0.4346900599976,0.0780587265050589,0.175299926510677,0.168226975794381,0.591685525260509,0.881130549111655,0.899675748034598,0.871350474303623,-0.311077936385748,0.480867453304211,1.28685523021457,0.313096038347581,0.276376586879931,0.673882872700164,0.43669424308321,0.959967038606856,0.465300028679422,0.105711660058426,0.231299265652119,0.186282768052641,0.642341732053372,0.929737635580125,0.977977343893509,0.921992324648612,-0.360061678870325,0.443684630863181,1.10842209432223,0.293050564962381,0.185521396690499,0.717011062976098,0.577107546159512,0.812957900299631,0.406503593489915,0.158899059009152,0.333655631960142,0.193332560918221,0.598087245524859,0.792620145153963,0.898313694203156,0.782162384185948,-0.388809322282138,0.463615368922774,1.16542507391233,0.305019804611515,0.203851983404294,0.732122395195086,0.574557435671063,0.856942734473921,0.427298432129046,0.156670996478664,0.330184367062284,0.196907512497569,0.621647494506385,0.833522960563846,0.937560224729451,0.824650309470503,-0.398066139343939,0.436324938667733,1.24211117377681,0.295367954443454,0.248223538081669,0.678353145108153,0.466390204609592,0.924468511725057,0.435333200304744,0.10821397484085,0.235948981860955,0.207583181811252,0.630223082197874,0.917508017766087,0.918752918920699,0.880891637241654,-0.330045112527491,0.487027772196299,1.23832570891573,0.321638186279651,0.217750029939452,0.772312315277752,0.602741859545808,0.911210706759649,0.451858018165477,0.162692433726445,0.343409436183436,0.2105983596425,0.65883083214188,0.88881457669669,0.989171300849817,0.87587395116041,-0.415395256767285
-0.0602199910375461,0.274423930239343,0.0209121898798119,-0.0234211103242258,0.246812388251357,0.265743561037223,0.198153641708367,0.0217816023999521,0.0317651443728384,0.0700633970768251,0.179673945010107,0.176609306607012,0.311098903905647,0.050446825979117,0.151520749497664,0.0473329794766733,-0.0600117381878119,0.286688003082504,0.0258083175969386,-0.0370875656129784,0.288426478545445,0.323043644960723,0.203974708701502,0.022398881333436,0.0475374089898606,0.101682204249333,0.197372402599886,0.194653541754933,0.325548812613355,0.0612170750878711,0.154885713332893,0.0355046943240098,-0.0309419137941095,0.24969401789824,0.0379191038214963,-0.0637665483845766,0.334949368866081,0.404220824412598,0.169060711822123,0.0244489174323543,0.0837405371367451,0.172404836930296,0.190048267279723,0.196911808984735,0.276426316524283,0.0911290572545909,0.128179846662487,-0.0205324244982052,-0.0369266135729976,0.259925591517922,0.0368038315195348,-0.0627626351083978,0.33784532225385,0.405117479393357,0.177141124640471,0.0239462091525945,0.0812523625767512,0.167772093755511,0.196708261286233,0.201501749910043,0.289933379668367,0.0878524681462488,0.133919523436632,-0.012776797111864,-0.0333926988869824,0.317793218088562,0.0386674310674436,-0.0275961785159147,0.306209814963726,0.334141676864775,0.226714390052521,0.040192313006215,0.0541656651901878,0.115147793527285,0.193105578069679,0.210210605263714,0.33849375356924,0.101355520118894,0.179898784328373,0.0113879756572295,-0.0374639085471988,0.281310228875401,0.0398264042331208,-0.0634808638276835,0.356737701316316,0.424846941836496,0.192527102130458,0.0274980034774856,0.0845183756211228,0.174742138873968,0.207996242801536,0.215019870017179,0.311476108571801,0.0962228960918842,0.146580569958364,-0.0130863460465067
-0.069520923953802,-1.13920169455391,-0.129144411433291,-0.278042479179478,-0.330589152185743,-0.028931525167763,-0.883247462767236,-0.268762938784011,0.106357586066113,0.187417767679348,-0.286742386789374,-0.490726167363092,-1.03119328255296,-0.433366707710785,-0.781356744414509,-0.13075078779673,-0.072773377284681,-1.19973007042636,-0.136149648313578,-0.291392358704043,-0.351195062611429,-0.035067603603125,-0.92989020792355,-0.282685090241183,0.110747143732864,0.194861612411624,-0.303393006088661,-0.517831787361115,-1.08650664500461,-0.456449166003922,-0.822391156411046,-0.137035121863334,-0.0647894325289123,-1.03088663302479,-0.118629802287983,-0.24702372190233,-0.310701071922254,-0.043237958215756,-0.798106409063293,-0.243421065389383,0.0906495730529942,0.158502944851288,-0.262640714886742,-0.447875264776993,-0.932849670557648,-0.396225636071482,-0.705932415357709,-0.112278201874507,-0.0671148358965168,-1.08084994574064,-0.123971722513677,-0.259381668327676,-0.324439477477418,-0.0434507069150786,-0.836933358210209,-0.254929465293182,0.0958190702238992,0.167715591254747,-0.275381634265879,-0.469165562954628,-0.978481440927945,-0.414315064431985,-0.740159098601559,-0.119005671628875,-0.0831963496256375,-1.22189545065446,-0.141818751255385,-0.29869966617309,-0.358077419439667,-0.0352796363319252,-0.946838872666924,-0.291898361848656,0.110556164658166,0.194149099692416,-0.303497523614522,-0.527246378739654,-1.10077149908457,-0.474781086729473,-0.839302441060518,-0.130420415783309,-0.0728460413340174,-1.15688923419501,-0.132980171939382,-0.278129456637578,-0.346649835136221,-0.0454744147011714,-0.895851030232339,-0.27334312334457,0.102606025495399,0.179620886642114,-0.293896479729125,-0.501934617547857,-1.04662109099377,-0.444447814669187,-0.792506765921023,-0.126598936884242
0.154191863294622,0.158445139511659,0.0413307926527197,0.189509336917516,-0.224417861094257,-0.416789965363814,0.146055733355245,0.115720103371018,-0.10306350440597,-0.203670501508713,-0.151472153202916,-0.0268298892115169,0.0291338753510537,0.169222070571812,0.171939314162476,-0.0272973766453365,0.157191405451564,0.171178129904394,0.0377290176200982,0.219147126947328,-0.280600937785465,-0.506290718098601,0.161700877481705,0.122911941325586,-0.130559298186857,-0.258091787212828,-0.172111808740367,-0.0414673804451001,0.0345078626425553,0.165946283239372,0.18888081946857,-0.00637115733827234,0.102865132398398,0.141572963565223,0.00782723487821746,0.237978701795545,-0.377054430135032,-0.632547490614963,0.148404524936698,0.0974235837871574,-0.179058416239268,-0.35434644992816,-0.179845743625616,-0.0819992047155989,0.0345639446997664,0.0823736168356288,0.169753266210077,0.074115406036722,0.114904928908086,0.151710763397102,0.0128652203379404,0.243226041319408,-0.374429054535843,-0.634053221122112,0.156052479259524,0.10487912744158,-0.17755420439452,-0.351311639339442,-0.184518872132397,-0.0780960509875215,0.0363689270673616,0.0985406558525645,0.178972558903137,0.0640661705420141,0.115847401294972,0.128152493630988,0.0182318485017214,0.205680596924179,-0.306824481021751,-0.523562071107564,0.13050085122265,0.0963875507748455,-0.141482202199887,-0.280138532804879,-0.164004785685541,-0.0633888712419135,0.0193838194396145,0.10524185755645,0.153611793727463,0.032062525821956,0.119647659946408,0.156802367060214,0.0129828205345316,0.254363524936435,-0.393370407024861,-0.664969518492997,0.161890611806849,0.109131988828167,-0.186166491402317,-0.368389578840649,-0.193654492298701,-0.0828797807101574,0.0365165951822133,0.101686853634352,0.185979577907069,0.0676442516006562
-0.311178911114644,0.0472259982474683,-0.0573372928370903,-0.262913649489385,0.478531636773444,0.732008955690747,-0.00188812682951067,-0.152524089953032,0.132438162592482,0.268902353241204,0.381660985819246,0.185850153373112,0.281426841030075,-0.240369790169693,-0.0891467639754171,0.148688068517707,-0.320718608266802,0.0404601837738148,-0.0511904523595469,-0.311672680677222,0.580138631034789,0.887801252935962,-0.0170069303105821,-0.163698264661731,0.17737367494477,0.358218482462355,0.424488478720167,0.21790663970819,0.289341191323394,-0.234618935816942,-0.109013966439293,0.119482715628006,-0.219459382665458,0.0445449722231039,-0.00126245572169666,-0.353669572659627,0.733917748758522,1.10476787303714,-0.0308202112600373,-0.126268984770201,0.268246714958907,0.537450153182696,0.419910998232206,0.267604131103801,0.240097630105709,-0.096872832317718,-0.106349766246533,-0.035450541596408,-0.243206797980239,0.0402484693711363,-0.00976653510043971,-0.360327906880443,0.73310902972746,1.10796603979621,-0.0336945571741823,-0.137683926701633,0.26351320015445,0.528297534364429,0.433606163849928,0.266635870226647,0.251349984025254,-0.123858702336089,-0.113928523127792,-0.0128098336361437,-0.234274809919154,0.135165348601893,-0.0105292244653935,-0.279993171583187,0.630748357486585,0.915693994221952,0.0524567311953299,-0.106948746679443,0.197196986576042,0.398426216077337,0.406813134027726,0.263919937905179,0.325003526068501,-0.107187742957836,-0.0313469361524619,0.0419811379514592,-0.252514941295197,0.0545412167922652,-0.00823917339390838,-0.374422505632236,0.772317027820239,1.1619262052986,-0.0258045191109655,-0.140687595637095,0.275566901333082,0.552709800183495,0.456689860314242,0.284853075717534,0.273601142540336,-0.123281026663081,-0.110661186722574,-0.0137604618198819
-0.0977715921913089,-0.314566697998591,-0.0296671343522653,-0.242546582819623,0.248503811663202,0.509182717574211,-0.275247441948236,-0.127126162003126,0.163679709966641,0.319900089642324,0.0971740652993481,-0.0192489808818253,-0.207402188182479,-0.145009944516186,-0.275183888179201,-0.081139360871742,-0.0935550208901037,-0.333784061517531,-0.0226947680375182,-0.278700838268739,0.318202774802733,0.620692944516091,-0.297578595073778,-0.133308583223482,0.200403227652651,0.392415253382954,0.117221600707899,-0.00248664667730258,-0.222327801088324,-0.133252499496763,-0.297089495389573,-0.115931325347506,-0.0403520559308983,-0.280349332932497,0.011253977817199,-0.302301064916923,0.4445630123204,0.782239595448085,-0.267986676955163,-0.104568203851271,0.256387400950186,0.504089042769846,0.141181975949357,0.0560905434376641,-0.197342433539164,-0.0393638837941687,-0.265105288809781,-0.199446830078331,-0.0499031150369526,-0.296761058039841,0.00648922647268659,-0.308412596048847,0.440106782616497,0.783246473843277,-0.280559012589515,-0.112234428112449,0.256116179280269,0.503330545666727,0.142485413904132,0.0493914291872752,-0.206674484699672,-0.0548101825508767,-0.278067025904793,-0.19296201777179,-0.0622021953193105,-0.304768304494954,-0.00748987281635801,-0.272693713335388,0.344806770285883,0.64529107564345,-0.277478609436748,-0.114364651529838,0.212551115379809,0.416736969537668,0.112940506119574,0.0151750885418759,-0.213657823747062,-0.0869882046401414,-0.273786658381535,-0.14852074242573,-0.0521052900552582,-0.313555446157232,0.00668110890727138,-0.323981199081032,0.461005055921387,0.821505723124337,-0.29606009509772,-0.118096596048836,0.268956732821879,0.528518822862592,0.148658370814935,0.0508247393657124,-0.21908685466251,-0.0579432301973393,-0.293161824747874,-0.203048454096031
-0.187393801359562,0.0229624221473971,-0.0672839691605221,-0.0151259241167403,-0.0458911492865685,-0.0567162408696886,0.0269263474218406,-0.0751953707153546,-0.0685299138517585,-0.132949593552872,0.103531631556496,-0.00179383646083196,0.138083888187907,-0.204919854885738,-0.0142039888765666,0.208899188039267,-0.204336811444308,0.0188789825847097,-0.0746759294281428,-0.0145984700374909,-0.0594495325199431,-0.0734445730133123,0.0253180732071341,-0.0828731035099474,-0.077478345141036,-0.150576645396733,0.108248966500109,-0.00717357432189374,0.14415016053887,-0.226723465422438,-0.0186500400528854,0.229465013068462,-0.181426831864785,0.0161393155843483,-0.0689956541109564,-0.00130251854018281,-0.0801280488776002,-0.105864191485153,0.0246359244048371,-0.0722573966181255,-0.0808875628585591,-0.157752526844826,0.085742192154399,-0.0157355761376465,0.125257702143402,-0.206274355716649,-0.0134517412025522,0.213458443982506,-0.191341198985108,0.0148369613385247,-0.072489419931073,-0.00401951042579267,-0.080207539096308,-0.104340273090064,0.0238063090236389,-0.0769265533741717,-0.0828647188629306,-0.161564766267806,0.0916455103208267,-0.0158885056166428,0.130428690364343,-0.21736597587111,-0.0162996159875932,0.222955098667808,-0.171303585543331,0.0583670090956078,-0.0601468095073201,0.00415096481386313,-0.0526972416005213,-0.0829408264731097,0.0557403007616213,-0.0597728652043703,-0.0763215172127919,-0.147897936484532,0.0973690156654067,0.00730067082908374,0.159824470469126,-0.179371860061754,0.0150107613545747,0.205328593014808,-0.199591153342491,0.0209647783039664,-0.0751653268640894,-0.00267243695749393,-0.0826674243250474,-0.109550787080272,0.0291526761954133,-0.0790647712234665,-0.0872920286606906,-0.170108830647768,0.0969637906527839,-0.0143980015118315,0.141188656591742,-0.225117372610246,-0.0132262954344011,0.233745234891551
-0.176432738050151,-1.06340561057822,-0.158196637278344,-0.288111570949779,-0.302078965155792,-0.00466652361783801,-0.822742549097873,-0.300516810033964,0.076880809295761,0.132069520506617,-0.195822900678572,-0.452399800743127,-0.890322897463059,-0.524153922500397,-0.751943345241277,-0.0137874232137705,-0.188250753140571,-1.12307077930351,-0.167935555834329,-0.303803964334563,-0.321135217140381,-0.00786407215337112,-0.868659046533731,-0.318113166993505,0.0798152817669559,0.13676654434073,-0.206406713571399,-0.478428491055849,-0.939208723809675,-0.556010959848859,-0.794233252417326,-0.0118953573855999,-0.162868517172396,-0.964390325842854,-0.145254186780046,-0.258341018333863,-0.282248469601867,-0.0163196358913454,-0.745268430172431,-0.273356496300539,0.0653573850931552,0.111137965924476,-0.178920012066303,-0.412964908912669,-0.806235806967992,-0.4799082580935,-0.681409318564253,-0.00666107725403202,-0.171418869074443,-1.01256555868653,-0.152554361101009,-0.271781182005618,-0.295336779195611,-0.0155754645884303,-0.782587103445114,-0.287249024651484,0.0689809513511165,0.117408916187981,-0.187220649125419,-0.433242579913683,-0.846164266416674,-0.504152577223154,-0.715660521660552,-0.00694874554866833,-0.176452341055019,-1.11873468842259,-0.163592687401655,-0.299605837516236,-0.320977801525632,-0.0107031820388547,-0.865435438166121,-0.311934595319461,0.0815355219543031,0.140106877379072,-0.212904487887655,-0.477290700268695,-0.942789717859592,-0.542066850066313,-0.788869445329972,-0.0224383820968762,-0.181413694778098,-1.08059306188519,-0.162249792398641,-0.289830233691474,-0.314853915895596,-0.0163081749079862,-0.835227799428553,-0.30589233628606,0.0741060449071436,0.126249807617926,-0.200623761634826,-0.462288228843037,-0.903965598383425,-0.536318592836748,-0.763486684221627,-0.00904220709730053
-0.373472288433327,0.596322217571787,-0.0307914301225692,-0.138349167965419,0.608751336497375,0.713203705935034,0.428706102419872,-0.0637548812286169,0.046386859781361,0.110833468963888,0.568553107619788,0.4156285027517,0.837791398157393,-0.140335913596676,0.272587158014881,0.317265713210673,-0.390157966583598,0.61604193685325,-0.0251724794916428,-0.18032121356309,0.712648068921513,0.862585757989037,0.434832947330944,-0.0722635841307115,0.0844444845765051,0.187165191454839,0.621474693169611,0.457561358307466,0.874890987592986,-0.134945524723453,0.269879665300247,0.301743359448671,-0.281320997505168,0.539036412252966,0.0191918979195446,-0.236219507438242,0.83599174998211,1.06575134686191,0.358553274634345,-0.0480604516837544,0.182640360366328,0.379059610516269,0.58610293043837,0.469623725487532,0.743643275661323,-0.0156979511538479,0.220262163567356,0.127577827699366,-0.308969967762216,0.557661595787894,0.0114472690008102,-0.238416469586298,0.841627590237585,1.06982024075699,0.373583451545184,-0.0563987422521789,0.174470969171069,0.363638405032148,0.608787718004951,0.478625966038814,0.779037243987648,-0.0397394799236047,0.227399329772242,0.158181173925738,-0.282174152966724,0.74111372519941,0.0254628105301891,-0.135681991438742,0.769756211180389,0.885565434149265,0.527646768504109,0.00047336620870415,0.104865319852121,0.228909379039396,0.598325835740133,0.515263814598619,0.925194749239349,0.0249465738952677,0.372510082692508,0.209039198808594,-0.319780093429903,0.610921554536184,0.015840430573634,-0.242909502537894,0.889873785724626,1.12181264062874,0.411988742286421,-0.0518021848102783,0.180989566783318,0.377926259830778,0.643242263974367,0.512990219223934,0.83887792421183,-0.0289382359533926,0.256932442852159,0.166372530595981
-0.773687466538086,-0.0135901057692696,-0.205168332213325,-0.457586595209119,0.631100070053791,1.03690289872189,-0.0558292647673422,-0.378722199794261,0.110193286337436,0.230186531872644,0.715665089228684,0.231031504954392,0.534923511395586,-0.730341743447159,-0.242337084214905,0.535138796141133,-0.814689062941463,-0.036719608300398,-0.207782066143515,-0.533265661889869,0.764544166495257,1.25044901700486,-0.0865435806714702,-0.409177030415751,0.1661237269887,0.341464300302968,0.787051962990632,0.269245850421595,0.550506499265127,-0.757368329915882,-0.284112854975873,0.521028598633838,-0.622836443324066,-0.0166241859161053,-0.120344119999858,-0.572808965457972,0.97390937197202,1.53390516801127,-0.094800585872049,-0.331097277791581,0.29865287472157,0.602512976915817,0.749854870142312,0.34009184997513,0.46212681609513,-0.507545458472908,-0.259624382839091,0.260618028967052,-0.674838963646699,-0.0305629611544149,-0.139360594869702,-0.588541595265659,0.971077416491119,1.54114171772093,-0.104637785975957,-0.357054116745605,0.288886606980822,0.583562109112195,0.778627648058826,0.336096362687701,0.482508889234201,-0.568019034792139,-0.279306749589472,0.309311133531029,-0.632091673236486,0.1672370453868,-0.12352051597504,-0.45653757207832,0.852072368976205,1.27881198471331,0.0652153416944235,-0.287388817344543,0.19839412785618,0.407393187919312,0.74315420140301,0.361263296934619,0.627910876924187,-0.490569127440727,-0.114757223575682,0.365427618321234,-0.702424598951614,-0.00727647698146023,-0.142071292542122,-0.610174695113747,1.02529870993247,1.61601064692245,-0.0905799994177571,-0.366919158182992,0.30138115894535,0.609318586547232,0.820341495218015,0.362931375762708,0.525989361684964,-0.582223720284935,-0.275148791685948,0.323575904975277
-0.217054000012477,0.536369477446221,-0.0472391579513982,0.173273516721211,-0.0745028321954151,-0.30246557576789,0.443541713733084,0.0284856319256565,-0.209829760072217,-0.402109347963793,0.204084890633777,0.16179717504445,0.628041484084438,-0.106871431897037,0.349112313421651,0.392586224760965,-0.243441299894847,0.557982861560947,-0.059255746400757,0.19436827340042,-0.119353528838702,-0.375263941725177,0.465857413760745,0.0240786273870276,-0.241027683401193,-0.463260135938072,0.207586216809812,0.154854811717795,0.661396176743188,-0.137635058358262,0.36517761838028,0.441046273472849,-0.235061243509886,0.476461726185493,-0.0713356118552058,0.210798089220491,-0.219522614447677,-0.493298764677366,0.40980544251934,0.0148436878950622,-0.26464505563982,-0.512122287747738,0.150055990796413,0.0936966987476089,0.572979522611578,-0.167636811944965,0.321800597953384,0.446133141302395,-0.245030236714086,0.497665067826116,-0.0727900560863303,0.213342769013447,-0.213297300727956,-0.49138041904947,0.426477330061547,0.0148651917703761,-0.269148814599813,-0.520461667075488,0.162427765931229,0.103207381096071,0.599423192634069,-0.171752965861241,0.334140135127688,0.459711059720962,-0.204242649061954,0.61168435660893,-0.0422985096033137,0.222294831208767,-0.118799918192459,-0.400440413561275,0.508190430663821,0.0534259677764211,-0.244617728521022,-0.469796234899675,0.193114931999441,0.171828492590789,0.685714261129158,-0.0809548039274873,0.410959734993995,0.417022532061982,-0.254670886113175,0.538529241726335,-0.0740473662708064,0.228246397717509,-0.21922940431842,-0.515585863847127,0.460147511925634,0.0200963656415598,-0.283684370736322,-0.548315332035627,0.173589677013694,0.115232379980168,0.642815506845519,-0.172473590111176,0.362114410295895,0.482874175854598
0.599877896437192,-0.420814867976352,0.142319187819961,0.15206884078472,-0.37625916321398,-0.461500754549497,-0.314866226732948,0.190753741982731,0.0674844379515563,0.116030452707733,-0.590472343442397,-0.285980646144323,-0.803352284152121,0.472559956283339,-0.133767968888492,-0.576750428979091,0.640593648774465,-0.425249953113132,0.15043207113346,0.184857061598177,-0.433731868622845,-0.550291069930833,-0.313715076959508,0.210826889765252,0.0520436920229668,0.08463750766517,-0.638166683868446,-0.307991424105371,-0.838162489468,0.50537363692964,-0.121529879284341,-0.597576515036991,0.518077742062213,-0.372818858693531,0.105413056796579,0.203677189816081,-0.499144275345207,-0.655376694797521,-0.262553683873822,0.171960916176168,-0.0174894410200904,-0.0506181970131495,-0.57699597203588,-0.308468952583412,-0.716193923332846,0.375027996453136,-0.0995885173163149,-0.437697490335742,0.555865086698392,-0.381663930992842,0.117493544445468,0.210674606097562,-0.502429173722627,-0.661003418769005,-0.270156674924462,0.18684892829524,-0.00828548940852791,-0.033075505753681,-0.603338464413679,-0.31372037470572,-0.748911086220345,0.413035383226485,-0.0980957151446398,-0.476465214845426,0.503627343437874,-0.585164607098378,0.0878204992341568,0.120186025404231,-0.488682957779308,-0.552770707443819,-0.434164717749563,0.117345487261794,0.0342731926546501,0.0478247305472631,-0.602476166070694,-0.375752947580487,-0.901762805456282,0.305305190356149,-0.25488304886679,-0.486675461706455,0.578077216474673,-0.427689618099182,0.119052728610351,0.213321513484556,-0.534442690859162,-0.692907328305857,-0.304559935835967,0.188045756969119,-0.00666315068227676,-0.0311902987800756,-0.637489870499627,-0.340578609193379,-0.808139185903052,0.419338071944887,-0.122367071175578,-0.499811449863394
1.08476813703121,-0.46744812885562,0.341808955342299,0.0857061349129682,-0.00422779577860594,0.059015332252508,-0.398871029092732,0.374634597735517,0.355190546636712,0.679743682513704,-0.761039984499777,-0.192226718247276,-1.12889563852574,1.05069088933607,-0.12080654394929,-1.20536418150814,1.17771276125812,-0.460864599689471,0.377413523631003,0.0947810939112484,0.0296425070709293,0.0965421858690939,-0.398841126585627,0.415370360847482,0.389892383729392,0.747494952678141,-0.804973215223957,-0.181587052061952,-1.17994439809645,1.15901363332872,-0.102413460827761,-1.30795734692924,1.024513749855,-0.398722090855822,0.335896985432427,0.0499168864403522,0.102461671516415,0.197803071464771,-0.352647583415117,0.357725385860426,0.372987198481907,0.717521238011605,-0.671101646295577,-0.131552382004795,-1.01838785223689,1.02230306778161,-0.0974874034932951,-1.16494897073961,1.08465008165724,-0.404788709246865,0.355825940047103,0.0630594287441175,0.0991799118074363,0.188540985056027,-0.358489953440252,0.383112730084947,0.38660653840179,0.743571494814272,-0.710845896177621,-0.136570805616314,-1.06292032705145,1.08524083542296,-0.0896640136097556,-1.22510446285503,0.969731501041572,-0.709500974463854,0.284769664770654,-0.0180507724370111,-0.0248895107002482,0.138358585748302,-0.589226964808072,0.270568529587482,0.37723076846361,0.719938479885261,-0.740982938747621,-0.276748679918679,-1.279593343038,0.858765391953088,-0.312795963827098,-1.15164622547823,1.13021584151386,-0.464216641435025,0.367070435722394,0.0549790708203902,0.0932744411546279,0.198440994570397,-0.406714047937464,0.39022279488741,0.408398546750725,0.78491057520589,-0.752157249162063,-0.15991364875796,-1.14746274605594,1.11788988824226,-0.122314224823017,-1.28481756959427
-0.571562319549547,-0.118684338909484,-0.177561374745272,-0.291570772088051,0.270237571852645,0.51648500828725,-0.109633635834225,-0.29367841348593,0.0194135656144364,0.0444348187709049,0.435533488412525,0.0685903230717056,0.279596616128066,-0.602602128249988,-0.230897113795648,0.435804827432098,-0.607172184001071,-0.141221245654657,-0.185433149558408,-0.333781545461606,0.330004139523578,0.61896812483723,-0.132824099212715,-0.317673128810233,0.043436881359148,0.0922202514399932,0.476034527416676,0.0821604619642716,0.286447054990429,-0.636586583821842,-0.261633714279139,0.443176153033063,-0.484525332335337,-0.11330206955173,-0.131610983148249,-0.340059430376997,0.432467514594558,0.747178029970354,-0.122921670018302,-0.262694942182474,0.110534667305116,0.224398406529126,0.443209668800417,0.121998817191722,0.241363722902575,-0.478427816699375,-0.231177406375976,0.292282497126835,-0.520623907110115,-0.12752252631528,-0.14521891960142,-0.352082810203514,0.429314206825128,0.752251194282259,-0.133292533259255,-0.281670041535715,0.104301278863178,0.212228903414195,0.461915686816985,0.117302934688433,0.251230595100799,-0.521812181307616,-0.24792038195999,0.325239578481779,-0.483883878637842,-0.00271828619482099,-0.129184631892251,-0.278578824319476,0.381935356811709,0.627078424216223,-0.0290227590050551,-0.234880950057958,0.0618283149105462,0.129999145854334,0.443849932317533,0.142155749346091,0.3388754974769,-0.457496964636554,-0.145791085868654,0.340931596772141,-0.54257168191128,-0.11878573144097,-0.149759173775386,-0.364922255548762,0.454367743757431,0.788697094322232,-0.128229457545516,-0.290748484251863,0.108465660598901,0.221023452925387,0.486549340924421,0.129311938653168,0.275375845598514,-0.53887119841531,-0.24923133683414,0.340389675630147
-0.760457641094146,-1.4606984713891,-0.393691021926985,-0.521623054565921,-0.400402302171778,0.0738369409303284,-1.1205179706175,-0.642515668011306,-0.00549137388098921,-0.0317645979948792,0.0588314490704572,-0.60031824828556,-0.888529615897268,-1.27840345216952,-1.13568884195302,0.489656275086131,-0.818014774165537,-1.55733924921834,-0.422455536528091,-0.556768949601163,-0.429279351391287,0.0759705812566175,-1.19426618384499,-0.688098552079975,-0.0085675917393269,-0.0391518022795416,0.0663362791288908,-0.640607832022018,-0.942843289423736,-1.37124713532649,-1.21192821697877,0.530101043778614,-0.701664358739521,-1.33468476917867,-0.36306617553595,-0.473709080093338,-0.37618308825621,0.0527932944016783,-1.02270319030593,-0.589543191411177,-0.0111860734243384,-0.0411853113999311,0.0541213063536578,-0.551772909380012,-0.808309542941643,-1.17730554119836,-1.03769986308856,0.457904813568065,-0.742836612994622,-1.40792242779108,-0.383763246798502,-0.500953309797891,-0.395365112003165,0.0581759492461731,-1.07890674833296,-0.623151028090132,-0.0117521550543545,-0.0433109005393161,0.05930011915218,-0.581477495987425,-0.850830916545,-1.24454172949372,-1.09535091943905,0.485151016199467,-0.702702378421643,-1.43595141557591,-0.372203425355542,-0.499828511959,-0.399609156784981,0.0585579012872893,-1.10190613651711,-0.611481234159439,0.0021045547019129,-0.0169755667452504,0.0276688659892753,-0.593559695132877,-0.90281247839464,-1.20921346012593,-1.10692910239183,0.439025215555775,-0.778266506797328,-1.48774976281077,-0.403224479204601,-0.527824637423124,-0.417755963798972,0.0607578869507066,-1.14022405898358,-0.65552891659871,-0.0108888516914838,-0.0428248281871979,0.0585108632760799,-0.614647385663854,-0.903371918147477,-1.30785972085127,-1.15615638684249,0.506016047929752
1.11190602773731,1.72924707661602,0.575900397086625,0.499715786800344,0.857544154943467,0.462419517648057,1.28474459679182,0.833629228502913,0.226271513998256,0.471339299765685,-0.0574560175281964,0.832496631721172,0.945993998535386,1.81000776980249,1.33591079039694,-0.928373656811866,1.21005597938837,1.84933430848921,0.629206315069562,0.511795035169536,0.980281008469359,0.586688148293718,1.36737661813948,0.897388094710897,0.275028738080555,0.569447030413956,-0.0507686393116196,0.910813509973739,1.00320552281685,1.96947664489292,1.42455619925956,-1.03647206763082,1.08360814102001,1.59086741281038,0.576009959146361,0.360077348725134,1.05048846917105,0.809848916462991,1.15522025410504,0.779729785073024,0.339059724065258,0.692920014879684,0.00750775444453681,0.851573749315644,0.851887788252887,1.77684743060521,1.20686291375136,-1.00892201463722,1.13924116107869,1.67867387534431,0.602942017855902,0.394340740143864,1.0731349946423,0.802161959042814,1.22250490968244,0.822812763071404,0.341004451044201,0.697892367550167,-0.00273451891336372,0.886873220899739,0.898806454752857,1.86418624384071,1.27724934673007,-1.04768012985314,1.05521191368143,1.67881713960138,0.563224008927948,0.423787053937194,0.96085614922485,0.643632128959473,1.23532075609175,0.791724539050548,0.271622166691394,0.561218568271159,0.00745493453769586,0.851952537704176,0.94413599291959,1.75350444734231,1.27556173100974,-0.923668551531254,1.19313133032686,1.77008156150698,0.632656767339842,0.415376557359954,1.12825012912751,0.841795359722258,1.28956898736924,0.86419574043791,0.356237937045645,0.729385280113454,0.000938544856887246,0.934308987441604,0.952725519454722,1.95629394319508,1.3456430823409,-1.09545016060984
0.679798049136911,0.54688691791413,0.319747469803398,0.121759950306321,0.528972825097041,0.49479130663405,0.374276271752924,0.394846495228295,0.261465681314855,0.521710383549322,-0.125647048933281,0.339326878826985,0.108422240092108,0.973042745678532,0.452944356255281,-0.712342867149194,0.746012647817844,0.593947084823406,0.355240637294687,0.110141155668209,0.629444283164658,0.618702460040087,0.400977513973013,0.429291558721768,0.310322890781298,0.618884585487876,-0.120646540039383,0.38668782844462,0.117121631163542,1.07479004544345,0.486288334109387,-0.801181269343661,0.684971360746415,0.514059131940689,0.340170245466766,0.0182797830533156,0.742975352424436,0.827529759128333,0.326944216525211,0.378305711910925,0.366248627371527,0.729202264082805,-0.0545238510033953,0.399819321569199,0.0917185612758869,1.00761926146456,0.40280094474792,-0.804120379991479,0.717687787409652,0.545081459459923,0.354123409714849,0.0335972743342499,0.750520295719627,0.822656719977207,0.350482715740116,0.399323043026031,0.369696136395861,0.736253115308989,-0.0664400778335622,0.411728777491189,0.0998575220323344,1.05253797308173,0.430272280400221,-0.83060252280669,0.649456888791403,0.48085247847396,0.314274772454142,0.0501052702336274,0.623655762063008,0.666389967984714,0.312571882899661,0.36154577029692,0.31263491777534,0.622423408544636,-0.0831911610067368,0.349832153439919,0.0745516166504143,0.939446940399373,0.387744079010264,-0.735025784593724,0.750588174774936,0.567056575680614,0.370267770860053,0.0335979657932009,0.786000039429522,0.863186631569583,0.364020562759505,0.416895069364689,0.387839282997488,0.772314750300618,-0.0696275897188721,0.429952379872164,0.101743623252105,1.10018417613873,0.447713412801979,-0.869912408077034
0.370328199231039,0.228164580964222,0.136213641777759,0.19150800893542,-0.0570971553375696,-0.218911276054489,0.181307850321764,0.217921710806406,0.00438303805811485,0.00824969304407738,-0.210577501667294,0.0458233109154415,-0.0324506739608,0.451014146897918,0.241934012027551,-0.282666542070152,0.395585778669162,0.250481715854794,0.144428566783883,0.213736883068082,-0.0765537712851659,-0.259836453111146,0.200623385108047,0.23513442461483,-0.00388847518864131,-0.00807573570495446,-0.22955590672829,0.0460033033265866,-0.0296655478306124,0.480817958765131,0.265263261551209,-0.294419800746779,0.324963701582972,0.211390766882272,0.113163585231812,0.203754689972739,-0.123120930104657,-0.305815327934243,0.175190122591003,0.197644850078648,-0.0314994260718206,-0.0627759254370576,-0.210152303339491,0.0195062201266016,-0.0239346674949939,0.385872817167867,0.229732653136606,-0.218483424343939,0.347164755327344,0.226775185308552,0.122134063298694,0.212730305195944,-0.119380065879742,-0.308907966552651,0.186736189618853,0.210708638392444,-0.028433524829344,-0.0566717376089107,-0.219780549463569,0.0252247832727897,-0.0237429118810973,0.414619532506716,0.244520423861133,-0.237543450336238,0.323054071665954,0.169598624013814,0.111724799197397,0.179909586266257,-0.103504784594167,-0.259462463668584,0.139688591209633,0.186368804909769,-0.0132382728250742,-0.0273660356741914,-0.209162304393777,0.0121144597004412,-0.0596732392996666,0.376248625340166,0.197071053509639,-0.235403290171706,0.362343911147774,0.231921222092595,0.126952362221796,0.221297568058528,-0.126818934824591,-0.323817750477428,0.191278143586247,0.218969636929757,-0.0295393577793138,-0.0589813258753245,-0.231084897102248,0.0239844412998842,-0.0293512324297771,0.431102044391401,0.252105612845566,-0.248463428973914
0.062487457143297,0.192856020128621,0.0150168799286479,0.167408999641592,-0.194056898427134,-0.374844109933442,0.172749462248657,0.0812964834641141,-0.118445074328818,-0.232134183636229,-0.0768033805654999,-0.00224453875996979,0.122229084088522,0.0843281892902194,0.174622018355359,0.0623127453020096,0.0587017278641046,0.204744153639756,0.00943164466650744,0.193391213733585,-0.246122616964197,-0.457079939018622,0.187458717163474,0.085079890081671,-0.145437046702457,-0.285472190468763,-0.0918295443884041,-0.0155740131029521,0.131513842879635,0.0742070201903977,0.189105828463159,0.0882416800159687,0.0209182831086267,0.171208733755793,-0.0145824838587598,0.212565692391024,-0.337800596390254,-0.57648163876586,0.170183225512606,0.065763637106269,-0.1871107856354,-0.368490202890091,-0.108775501177105,-0.0563434083723104,0.117683338042716,0.00835053194689806,0.169783691356286,0.149491345910683,0.0274667502365332,0.181495634220762,-0.0114027311323884,0.216524326208236,-0.335003431678933,-0.577170223907228,0.178051253858229,0.0708169002317064,-0.186811465286821,-0.367766022481008,-0.109940575841294,-0.0521606568805764,0.123171591236491,0.0186413365440987,0.178017063343078,0.144867977022823,0.0366250575742913,0.184213788940539,-0.00134766805514818,0.189424389539272,-0.265542163711274,-0.475387730967999,0.173292404004496,0.0717552457495153,-0.154274749605546,-0.303164585832054,-0.0890906249711029,-0.0282735753854454,0.125263320025353,0.0414837735800485,0.172715941977436,0.11140974905694,0.0285940230826853,0.191461544552787,-0.011935517929023,0.227322063667244,-0.351088458524094,-0.605364017113237,0.187611599802843,0.0744134527714016,-0.196121395034546,-0.38607019172671,-0.114873863161337,-0.0542392621924476,0.130362135638117,0.0196585600992084,0.187417806571023,0.152364511091815
0.00881156087913409,0.349042991506473,0.0440011403067294,0.0432542738734409,0.191171957106936,0.144731214876756,0.26214942496448,0.0720160903972205,0.00482418914781936,0.0171283327899428,0.129343334470786,0.180846981841265,0.331072023598531,0.13505817586871,0.225297758874023,0.0199206661789363,0.0118305354632718,0.367161077556881,0.0487576391598157,0.038952715175774,0.217523014139068,0.176529299045383,0.274105777307306,0.0760067234014053,0.0130118539208022,0.0337573781169395,0.140625935175889,0.195655642981667,0.347905060272351,0.147730126809649,0.235358335183391,0.0124691906531271,0.0215964714203457,0.317159767993533,0.0506552525271649,0.0155180147504437,0.235667849143318,0.222661417354078,0.231892026904882,0.0681258561681762,0.0352112168066456,0.0766427033623416,0.13231524059239,0.184651248226831,0.296974873325502,0.148327252253455,0.199319958683405,-0.0177990855888127,0.020420451833194,0.331888365121612,0.0515914620329425,0.0187300965356167,0.239720852282524,0.222938945123261,0.243377040238067,0.0706956473531996,0.0332661513956624,0.0731172630208279,0.137230490574772,0.190986732136895,0.311624256210577,0.151644797116211,0.209046553140656,-0.0139707862206351,0.0225053091595735,0.381410642982907,0.0542285685210197,0.0424951967142606,0.226716747851287,0.183351283578533,0.284453561461777,0.0834304811024883,0.0161722077967324,0.0401948279815762,0.140009538442362,0.203180722382329,0.354895332256538,0.164656576010978,0.246385049578829,0.00254936621472759,0.022361852501512,0.356081305822567,0.0551611967339567,0.0217517591252735,0.253623738415245,0.233796174924154,0.261455491831205,0.0762403167415653,0.0341946605561085,0.0754658204301645,0.145612351635436,0.203698408859531,0.333767087587528,0.162561404860004,0.224836946289474,-0.0141458377384748
