0.352407462524017,0.30402738190218,0.157370652225036,0.20172255038613,-0.157229186858204,-0.353263772010314,0.202755372668609,0.216080303139242,-0.0235796558896545,-0.0726120962403111,-0.218392247322657,0.0684817640722255,-0.000871559827348926,0.535160062227684,0.283555297495052,-0.32284260426037,0.365735075504341,0.285489406660075,0.160685999841997,0.21275853463032,-0.222491158557863,-0.441693618779532,0.188702470379127,0.217003911999591,-0.0472359096998701,-0.1142105712447,-0.249882769249672,0.0439084104146936,-0.0362702574922828,0.553299675197684,0.277746859649144,-0.334226259076457,0.266857186272455,0.24894404788253,0.110866595528563,0.199006815268661,-0.292697536904474,-0.524426355669172,0.167786044837325,0.162195022064341,-0.0985257147816722,-0.219068010751937,-0.210612733975066,0.00954695698292552,-0.00412619958170863,0.413749469722513,0.23389729214418,-0.201218567961471,0.296465889097782,0.294811206090673,0.125139200203206,0.217216763592966,-0.28130092269712,-0.525704996947493,0.199570772945259,0.184815632276298,-0.0920976246382934,-0.212763329031796,-0.217645691590164,0.0293123456786518,0.0178492858777409,0.460663877896637,0.269561521678286,-0.225675253521459,0.274449954124108,0.173963966897141,0.116161469642946,0.168523776286593,-0.265205393166608,-0.459094169164164,0.11254572897271,0.152594647519116,-0.0743989650594921,-0.154532528593209,-0.223968253767148,-0.00873483393261405,-0.076899990305676,0.41302454861632,0.187047136195739,-0.245807806626849
0.665829465224594,0.567503479257213,0.253126190714058,0.594022503809192,-1.23412503508587,-2.01633828742757,0.381200763879546,0.380509658241088,-0.465697362944007,-0.971725231117605,-0.679802141794892,-0.136607970778211,-0.121640949520174,1.04218381834551,0.570836130478237,-0.417894229477743,0.63157376611533,0.469061714793553,0.220036740647221,0.639372898743577,-1.60365948239707,-2.51292438588883,0.312515440324472,0.335855776680676,-0.627666002502174,-1.27619905187382,-0.782394451228129,-0.2755417583885,-0.232802629643632,0.993848347922317,0.515836513697849,-0.332921947309237,0.290232619568794,0.430555827304818,0.041570263840231,0.65092257588832,-1.97315718031293,-3.01241369362694,0.30471240975112,0.159321202131944,-0.873520255994573,-1.7932325341489,-0.664163811199475,-0.399344251837077,-0.0549952259700409,0.528485489908118,0.425355905187558,0.186220633792085,0.367884453845012,0.55391739605908,0.0786762626706622,0.701225622256132,-1.94980341130753,-3.02626094373114,0.390334011683182,0.219031190560724,-0.860009273724382,-1.78399014485203,-0.683805963057349,-0.348274598474985,0.00472682138084057,0.65216835348411,0.521109649432159,0.124614045061414,0.371937305129241,0.18466062011498,0.0922120284278721,0.529616792011304,-1.74647396679603,-2.60459970134843,0.119921229742503,0.158145080397456,-0.718844833678295,-1.42543728723393,-0.707730839719394,-0.41982594614021,-0.320168487345458,0.600107687492245,0.279548173639762,-0.0644476230045642
-0.116312382051593,0.291292580229131,-0.100034536073856,0.290203954890218,-0.921318149599475,-1.42332256597337,0.222204741664122,-0.0261333810473034,-0.482082031410581,-1.03105141031488,-0.120259753243915,-0.159724293401739,0.249855854505194,-0.0895777248994966,0.195558020112151,0.458742478739041,-0.188309833193462,0.302583576045679,-0.145582798045589,0.337186152863773,-1.1644321359171,-1.77363954006669,0.235285810462856,-0.064431642486613,-0.610889739476868,-1.29695253538552,-0.13801307356551,-0.225527045305743,0.285566379988346,-0.179424024486497,0.19573233202419,0.610000135085114,-0.340416361070027,0.268911602879072,-0.230825326474473,0.364959986427066,-1.45204726303396,-2.16778307883768,0.22017249457944,-0.14963453164437,-0.77365595030011,-1.62949069000002,-0.123718614822934,-0.321043546954879,0.334412524249936,-0.384863630988621,0.150130192584498,0.860566864215998,-0.32616087906746,0.296775879472099,-0.224323504215544,0.377339677101644,-1.45372441619515,-2.18074455946033,0.239719062640544,-0.137873219800786,-0.774548416598748,-1.63558977189823,-0.127901925078558,-0.311525656763546,0.349549059747733,-0.361237171150047,0.171265877736696,0.852494057206344,-0.258115544242236,0.231740658329196,-0.181340139173286,0.316204359668203,-1.23162686027737,-1.8417743527797,0.187704870081594,-0.111981129191325,-0.649114175963278,-1.36547759830457,-0.124904527024913,-0.270458626974935,0.263862919801375,-0.283528804000418,0.136978724065881,0.690318445463421
-0.286911346004163,-0.0342729839079208,-0.13405803733504,-0.0684892120718943,0.0270230984609981,0.0676660576278614,-0.00909245130019675,-0.139204405486973,-0.0543424589888867,-0.131847680412859,0.194696367717367,-0.00976389404789927,0.188557772897896,-0.402953595494093,-0.091483911029183,0.365475684937342,-0.307316459988395,0.0121009569841187,-0.142920434583804,-0.0613230044563839,0.0488319428824732,0.0841462810369938,0.0258182520345451,-0.139486030555489,-0.0556718855589073,-0.146488586975257,0.22460284433254,0.0121643292664095,0.250173818538074,-0.425585726748099,-0.0679006363354465,0.406024702635404,-0.256482968568679,0.00358622775951546,-0.119010830138291,-0.0545305074752709,0.0456970100268315,0.0796246081488165,0.0167773865745064,-0.117482449801893,-0.0433801821753925,-0.114764022207336,0.187462002211245,0.00927024089914848,0.203280133937626,-0.356252802609378,-0.0610041156331082,0.335342994528119,-0.277454850092367,-0.0271797549556573,-0.129172362925611,-0.066634653551042,0.0367181905475403,0.0786228889486738,-0.00447608142135728,-0.133210782171337,-0.0485680594001758,-0.120853056013695,0.192553981067828,-0.00438394478722896,0.189220508723424,-0.389214834871676,-0.0851360014841277,0.353513326700484,-0.24743796163203,0.0782591564245356,-0.114098491365317,-0.0326333421424525,0.0679076917147341,0.0851026637791457,0.0706968705238145,-0.0987875864143626,-0.040961554519138,-0.124731463045295,0.203574762834188,0.0417392279052897,0.269176871953442,-0.334227868441773,-0.0124627174529983,0.347205917469296
0.40037788926243,0.436486638026663,0.19037118882227,0.201407312026111,0.0771624930713238,-0.0642180130327735,0.295959683434108,0.269616250356579,0.0764395313487359,0.103205191652172,-0.156147061602186,0.181527858584034,0.115443361035468,0.611778570609209,0.369082763014124,-0.385072902884037,0.430431910474137,0.448621645689791,0.204079206666242,0.212888722579996,0.0682359721308801,-0.0830744969413491,0.303169162552574,0.285611296259583,0.0782621204955808,0.107532011295598,-0.176445744322844,0.183816986844492,0.102970719743215,0.65537015919014,0.384336672402157,-0.418818124944808,0.35485150440955,0.381443907385775,0.16734925852531,0.183498952744842,0.0386372584313178,-0.0979335229673933,0.258458367737237,0.237114473522029,0.0550594309662225,0.0674244810688682,-0.147982756801089,0.150630451335321,0.093636446291555,0.542487383687328,0.32494015896033,-0.337175977354316,0.382895384902318,0.4246285551525,0.180949215443399,0.200268189806704,0.0511311341181179,-0.0966036324019526,0.288368911534299,0.25853962854022,0.0619472920564392,0.0750375075257735,-0.154217285036084,0.169739147493919,0.114413922576549,0.586828791004911,0.358484187496326,-0.360792250462535,0.348411054116693,0.335070614923074,0.164290483906599,0.167902641266538,0.0329086960037563,-0.0896576191340376,0.224992031498611,0.225348957268024,0.0569859846111341,0.0803307459997536,-0.155144649499493,0.132719565947805,0.0543141630319414,0.527393768398239,0.294258338549687,-0.345116397072596
0.42644943182174,1.19313827162777,0.213515075765833,0.390581884734633,0.394233532524405,0.127808375937996,0.845668130071304,0.431108186951039,0.126156315039226,0.0451147049666861,0.0776350956548303,0.535177876326977,0.844013492448064,0.740993301965429,0.841383430272416,-0.196166848434521,0.467570460555974,1.35647889049928,0.234700020090532,0.440484801886158,0.450478383956494,0.149592831877795,0.96239568887271,0.48215357388169,0.140178898640817,0.0429658161617831,0.100599894715586,0.608758091189197,0.972915131398812,0.81845563287626,0.952344401301929,-0.200381324453699,0.394375757878818,1.13377623813446,0.198012517648245,0.368024825696384,0.379882422161463,0.129673252665969,0.804181844953864,0.404752283825265,0.119562746625686,0.0410601919385643,0.0826190297594318,0.509827045208334,0.81088678962995,0.688912452553627,0.79670355431209,-0.172962212743573,0.419710791432324,1.17644363175013,0.210362132434948,0.384012001005317,0.392934182160555,0.13214608104397,0.833864171701854,0.424835767864039,0.126099377442603,0.0477905023436052,0.0782672060602375,0.528861150667235,0.83329947925774,0.729412461803312,0.829248380864402,-0.193264945570273,0.392112744550694,1.2034260315988,0.197653038244882,0.386013695009795,0.402982434513778,0.1388445996285,0.85506333937841,0.417274327406232,0.120243572766427,0.0274728728653419,0.105571509241288,0.540580621144352,0.880748315649957,0.69455732379482,0.839319876114813,-0.148064370881204
-0.983649285560746,-0.838997949320617,-0.456165921586527,-0.477778481758111,0.0818587070894958,0.467867414429864,-0.557714054249915,-0.611427814315055,-0.0962446135043357,-0.121047994818274,0.510407041597822,-0.288215239621126,-0.0317921986126503,-1.48023513616291,-0.770337072736349,0.978993935079563,-1.04367419921666,-0.809233482104526,-0.480522773106163,-0.49847537559887,0.169936237951166,0.588013125583234,-0.532938531753142,-0.631369910738882,-0.0753486925066896,-0.0923761038807035,0.582395907996996,-0.254187894054605,0.0522936495922682,-1.56227967933949,-0.769546695487068,1.05246894146266,-0.827299301920083,-0.697969612186148,-0.374029950233544,-0.446275727418138,0.273672027986646,0.686197740804623,-0.464160439250421,-0.507034377106814,0.0102982771395083,0.0776992359681025,0.488993401104598,-0.18211338010069,0.0052678056893974,-1.25089792644606,-0.651661768989124,0.783757425585207,-0.901627354898356,-0.811862667188145,-0.409984047379269,-0.490989405137187,0.24256129238019,0.685365145457595,-0.543030796168991,-0.563658734107186,-0.00712941103587123,0.0590461456384588,0.506206032232451,-0.231999054325464,-0.0490290440828086,-1.3684121802997,-0.740294318250895,0.846150264376472,-0.822373805567517,-0.526970110806232,-0.373049654167143,-0.385237967114387,0.26498259651769,0.61378717282928,-0.339603402440995,-0.473257122834192,-0.0148934425068186,-0.00784405712765183,0.519699892396232,-0.12480865694838,0.160921458773204,-1.22028934101449,-0.541770475880407,0.844439789760423
0.155092183352413,0.140563067796977,0.0708329591344001,0.0832339779960118,-0.0350499704944407,-0.108585675766914,0.0940514693206888,0.0973146063408805,0.00411236565107425,-0.0046202029674977,-0.0849873486060612,0.0421023048200046,0.0100973847524218,0.235282736483585,0.12763716038118,-0.146587178770043,0.163027576566502,0.135875086084126,0.07366753897508,0.0876091640667547,-0.0549446278188263,-0.136104687623145,0.0902543853971379,0.0995782483183549,-0.00226717342203784,-0.0154318333391391,-0.0970046198689091,0.0350203142747285,-0.00272484631864793,0.24630761143888,0.127403110672229,-0.154874512464716,0.124746804928126,0.117414401544325,0.054585523708595,0.0799324774118087,-0.0782691361563647,-0.161071453627083,0.0789963764425728,0.0776676686697146,-0.0198200375461851,-0.0505442606052206,-0.0816283707124995,0.0212975163502373,0.00614108563326273,0.191556358479518,0.107532037177428,-0.105832633915493,0.13701047655511,0.136342625074231,0.0605084480549864,0.0873979327642499,-0.0733167820599733,-0.161242292801694,0.0921097858672994,0.0870305760583091,-0.0170439436218874,-0.0476926733323799,-0.0844904368578065,0.0295251548122536,0.0152059768041076,0.210970423587438,0.122250008599512,-0.116037222908252,0.125876234667133,0.0889705542716024,0.0555823269276639,0.0689587331192857,-0.071753610318342,-0.14182909133905,0.0581518046105802,0.0730998660462617,-0.0128636681900421,-0.0306125005909317,-0.0866184806639665,0.0132284131782423,-0.0206129009173779,0.188990383485416,0.0895053946301995,-0.11958967681985
-1.04607949240342,-0.386332629315014,-0.504396909375915,-0.255672547088012,-0.262618549102639,-0.18299676013367,-0.222690807210529,-0.566236388135078,-0.326407130758701,-0.680210085755269,0.551661115022255,-0.228368777895357,0.398506057990852,-1.49273619677179,-0.483944651385479,1.3074975890772,-1.13957640503483,-0.287773317124575,-0.549552270942605,-0.236436285308175,-0.272212160867884,-0.225719273533239,-0.14550752939624,-0.591759062001523,-0.366839407164927,-0.79143001766992,0.633316312293693,-0.198445689766047,0.560674893675851,-1.60834590189173,-0.44345693713317,1.4724329436205,-0.998056851685188,-0.256804353477289,-0.485740574012191,-0.186992737241759,-0.332892434847931,-0.332280140928002,-0.13059821434582,-0.521823928167686,-0.363212326380483,-0.775370820536913,0.526858195276137,-0.202042460056144,0.475128128971212,-1.40603845982141,-0.387426538675491,1.30738588280245,-1.06711362526489,-0.35800154110836,-0.519323828772495,-0.226216321738747,-0.365052325950032,-0.339357911596251,-0.200493246171233,-0.573667478887961,-0.381477999709981,-0.797792219577238,0.542913079121874,-0.247694711462424,0.428621070559469,-1.51447299438881,-0.466709756913147,1.36779878873634,-0.948750638072894,-0.0547720840651416,-0.458024053028704,-0.136480259574588,-0.21571166840367,-0.23658387704375,0.0137052181898486,-0.458066777201298,-0.324808107278927,-0.736392933808102,0.569816937394485,-0.0976692727105349,0.641509643002471,-1.31400789112455,-0.252559400760686,1.29436191668023
-0.423133171824327,-0.620424219395002,-0.193174473246169,-0.30175141410678,0.0697875406376797,0.341559282763466,-0.429431955280821,-0.310192526743056,0.00831400274490275,0.101360795352835,0.173959510848307,-0.204791542841089,-0.252976322075091,-0.673579613862676,-0.497261455821183,0.314582206212135,-0.442938073798901,-0.651549384862856,-0.199866579045578,-0.327959442346377,0.122573363801819,0.429683218511951,-0.451221581636346,-0.32369979446335,0.0312813666998828,0.151363761156898,0.195697483986547,-0.201175491959446,-0.260775981992241,-0.707085248199806,-0.523943862597267,0.318217326266844,-0.328360365916257,-0.554364994426361,-0.141765857094568,-0.296634465698226,0.218141678747316,0.526940466968698,-0.387010262130123,-0.249612039928283,0.0899028350974408,0.25969059567332,0.165929722562392,-0.1382291650396,-0.244852270899987,-0.538329906674634,-0.438985832705776,0.182132685394684,-0.362099083016274,-0.607894298704942,-0.158050199195021,-0.317679205550417,0.204566135262523,0.527988316198883,-0.424149274225369,-0.275639151072329,0.0824790443398026,0.252576544231758,0.173506685342422,-0.161358379561602,-0.27115063217399,-0.591941788602914,-0.4804009873223,0.209639121929821,-0.33839875288857,-0.507139538658234,-0.148723397425952,-0.272816830649428,0.176683702742528,0.451283756751272,-0.351842702569495,-0.246694810456429,0.0625318930147343,0.194304113837063,0.17105655210558,-0.1336045463558,-0.197957244975034,-0.544327308259094,-0.409717920511377,0.222272361823473
-0.69597422651618,-0.335023138722034,-0.341869485767895,-0.163977508859482,-0.316895122935347,-0.299591176908881,-0.204599147431745,-0.39521251862784,-0.270937946508128,-0.542846454766295,0.310067285055433,-0.21913620286767,0.17473887837641,-0.998998526460739,-0.365401967739931,0.869582916158999,-0.766064739107319,-0.292775605781523,-0.377191680564751,-0.152319984060719,-0.358914285758237,-0.370815868768868,-0.169711220553698,-0.421199724258664,-0.312772214930129,-0.642424635170533,0.354650989960174,-0.217538080660927,0.262407011595992,-1.08882229267265,-0.35362905927816,0.988351296730662,-0.690674322285688,-0.252595322417683,-0.34481384580355,-0.110692601877151,-0.422720342787676,-0.48123304922815,-0.144377802182625,-0.380438565817968,-0.328134669366872,-0.673196031860899,0.294068348451486,-0.220047128141482,0.235241238673971,-0.976719968069911,-0.30744880452998,0.916036627055956,-0.73361071756896,-0.315297685217532,-0.365750448025768,-0.134739202306608,-0.443877712892761,-0.487384870648062,-0.18767272196065,-0.412665006976077,-0.340043336879236,-0.688278061244469,0.303767562544492,-0.248682564574271,0.206388580796847,-1.04407011030075,-0.356556789987272,0.953923355564555,-0.650515006240402,-0.142932020301697,-0.321949537707124,-0.0881707544957263,-0.327508940164495,-0.384493938538513,-0.0669042879212445,-0.338700411266754,-0.289737463454742,-0.615741646328719,0.31727383140151,-0.15425053403176,0.319229283143152,-0.90929463996622,-0.232369994245727,0.884460547202811
-0.154994583891441,-1.02184381986976,-0.138705027692945,-0.029130611788319,-1.50558878566668,-1.80600036280373,-0.732041973118097,-0.304299458356847,-0.582055678717988,-0.956703743946336,-0.540067640701199,-0.782910807343469,-1.02364006120262,-0.303572628304134,-0.621096711299965,0.129181143865287,-0.247841457598171,-1.27637999528351,-0.198423831260699,-0.0481522177973695,-1.87106544449982,-2.23891575246431,-0.911395183976962,-0.405086662889392,-0.736164230696208,-1.21901938967737,-0.63514500794284,-0.976263862288153,-1.23636031964559,-0.45462846647132,-0.789185410273814,0.232006135244034,-0.410724502979182,-1.03875769479769,-0.287273179794098,0.0555712654373139,-2.0958120210597,-2.63631383668985,-0.72811782566335,-0.443193835564215,-0.908974097310754,-1.62989634639653,-0.537805592416634,-0.959653811107043,-0.917191995111919,-0.639871159221359,-0.668119084297284,0.58781337803124,-0.390516576835749,-1.00799074024903,-0.278008592587011,0.0701490351341812,-2.09818730800882,-2.65164120631347,-0.70678261291265,-0.428141727362117,-0.909089406814055,-1.63441765075739,-0.545599290174766,-0.949207441443492,-0.903927772648053,-0.607579000579264,-0.643690985087915,0.573025888209307,-0.333500258380703,-1.28276641657473,-0.241149052686986,-0.0542510431936766,-1.91976888622664,-2.30192193462228,-0.911110853113205,-0.447536470800758,-0.778464516579118,-1.31095654771065,-0.592293706287793,-0.993806189575086,-1.18333358669966,-0.572464209382917,-0.811669833474574,0.354390560218864
-0.932145905416951,-1.00079952836783,-0.451941973407085,-0.421622347022269,-0.362680804793444,-0.119807932630472,-0.677174639005321,-0.630020214707407,-0.262431050927869,-0.411201051352602,0.314928143691984,-0.468734477262086,-0.276479988535014,-1.41595048633598,-0.841808489792668,0.940450073983787,-1.01397294441095,-1.03845280673978,-0.491693896503552,-0.442509112632678,-0.390369076470953,-0.141836315772817,-0.699995085860717,-0.675893739402208,-0.290203907098814,-0.467288153987381,0.354467444637351,-0.491201271962852,-0.253147619487333,-1.53349316383088,-0.884072695901685,1.04136469900195,-0.869211658094553,-0.879342078338447,-0.42324663878912,-0.367415710616523,-0.370445852245313,-0.177007585861267,-0.592016099369072,-0.578396003061073,-0.266328863552741,-0.437714898121761,0.296025387225169,-0.427359836793208,-0.21115981632391,-1.31184724324003,-0.74947068482934,0.904289918557401,-0.930199670807156,-0.972508922367896,-0.452900368649753,-0.403273034861983,-0.399169807115658,-0.182400181250389,-0.656512197486103,-0.624895048793323,-0.282106106504974,-0.456013076081272,0.30930322371963,-0.469091984485184,-0.255831332306822,-1.40812219583872,-0.821880485005346,0.956258315928057,-0.840435941096314,-0.789788715349007,-0.407808161876129,-0.343240516029287,-0.320958967288462,-0.138533310102848,-0.528429690125797,-0.546981626170053,-0.248698415070921,-0.418479298893017,0.30968367446919,-0.381655202562048,-0.142950998779306,-1.26138650008953,-0.68793038737749,0.889760052328707
0.0883195510900783,0.453730495550403,0.0589681251348291,0.0739312546513265,0.417961234291088,0.439447955781434,0.324808685149731,0.137121635327956,0.150420539302915,0.212482256483234,0.155552150001889,0.277523239588141,0.409401327095875,0.170356988777906,0.291006184475414,-0.0314009293674943,0.115163667341796,0.546680241394849,0.0756459526611403,0.0883623744240114,0.513414590707117,0.543138037209881,0.390826266384526,0.169564831525301,0.187829527092518,0.270052508084292,0.184277635870735,0.337306085374203,0.487828467909442,0.217038829941719,0.352299900536119,-0.0515957221472065,0.143047993869766,0.449949827268263,0.0911037480538266,0.0518261265336009,0.550632924000001,0.628891025917797,0.318546269407522,0.165652682475134,0.224221574369098,0.365730336785528,0.155291140360703,0.314554668050028,0.380447367380373,0.2410939455766,0.296112536683817,-0.133707090537484,0.141260988028464,0.448114922288128,0.0903711273425967,0.0503931887665597,0.552780986854171,0.632732469977746,0.317299549371828,0.1645407099028,0.224988118027584,0.367444669641861,0.156718982340891,0.314485064871948,0.38034028441683,0.238293794689873,0.294431971215171,-0.132462971990632,0.126004639499862,0.525499167621679,0.0810650044110414,0.0821820213825227,0.517278217037923,0.555458089952368,0.374749326962348,0.170792193389944,0.195039977500066,0.290012808881561,0.173507617328357,0.331207848583819,0.460207442212409,0.229009963032966,0.341309766745336,-0.075025995450946
-0.229217475746194,0.233259632037177,-0.11646527424745,0.0725686719103371,-0.146530072923693,-0.279211104788269,0.183530967063292,-0.0675982417820212,-0.153427405954713,-0.378696460241162,0.16352039123642,0.0358388546377341,0.374821973753163,-0.280376043333124,0.0991395888302134,0.426714063689037,-0.260036856681387,0.305575573485379,-0.132958355990473,0.0992235802087475,-0.17914306854592,-0.349643228095626,0.238140500002881,-0.0694529293841876,-0.185259693496886,-0.460491964116732,0.19058862648837,0.0513129578437771,0.462078586043405,-0.312006941046471,0.138961604909795,0.502451010233875,-0.263075986714965,0.253393265931957,-0.138241823098036,0.101045241226506,-0.266690051276943,-0.45752899860914,0.200521373635184,-0.0830229962392272,-0.218578346856722,-0.51595352109412,0.156683174566576,0.00842521713579037,0.404817842687435,-0.320392820868087,0.10885966407851,0.504733787560457,-0.274963638466351,0.238606532840519,-0.144093263559946,0.0954610648459958,-0.273410032198705,-0.461372431339452,0.190415588057777,-0.0914922650178325,-0.222602375216815,-0.522115060996369,0.159673493713833,0.00115228725774586,0.399139593998577,-0.338656839736366,0.0969301962610607,0.516387855219343,-0.23401437822199,0.324774400462667,-0.121098798229165,0.111937035145392,-0.186068366804407,-0.36784010875936,0.250723684372209,-0.0539680753963024,-0.184463061268625,-0.460130312554285,0.175096374314842,0.0565533400631775,0.459531302343563,-0.273096332074631,0.157642559996525,0.476393322618532
0.178255326181606,-0.605477895334888,0.0782333210558667,-0.129384894001075,-0.196525578139882,-0.0828059739997449,-0.451186909686208,-0.0348869086409876,0.0352682769295643,0.217122517017853,-0.305736718895626,-0.263151046438223,-0.726983902967714,0.170390811618345,-0.332718527350648,-0.429695964462676,0.188736443822388,-0.757853780798004,0.0818091606422932,-0.168626303294736,-0.243309275189989,-0.0977810789829707,-0.562823910139407,-0.0596006333504775,0.0368382345952265,0.253522669870767,-0.358632769209578,-0.329272011041167,-0.883559569720906,0.165571440215779,-0.42478738836829,-0.492351718859662,0.165553938672594,-0.6252396651289,0.0728779872308817,-0.140956152459742,-0.185174319972422,-0.0588082235156276,-0.464939383641577,-0.0441478901551271,0.0398367232041157,0.228978371546763,-0.298133262824971,-0.267091750702603,-0.73452432009917,0.149699031340084,-0.348756199590782,-0.422612319767517,0.180426157807598,-0.606746976876053,0.0800672180855946,-0.133333244963881,-0.179548782870308,-0.0580088238795654,-0.452291708049793,-0.0336320428994946,0.0436190499051759,0.234202963990369,-0.302664438087918,-0.25877752674922,-0.727763460574101,0.172642647554113,-0.333718578737358,-0.436616760725744,0.149567753898407,-0.764285875396026,0.0634639413444214,-0.178312874046961,-0.240751557511027,-0.0895640358047845,-0.565340929464893,-0.0789618606235973,0.0291405398055047,0.235339147170638,-0.33274823131769,-0.331534853187413,-0.859599931366413,0.110358658439863,-0.438339808739601,-0.442893699629219
-0.665012672982791,1.7408212220708,-0.305950090895376,0.388794462719056,0.374764656137403,-0.0273993215480948,1.30637126919941,0.0239114217816021,-0.224851111235247,-0.885894933458425,0.928386142777692,0.700195547055806,2.18269905509452,-0.694588961096372,0.92814131407716,1.47919428982402,-0.719263442535724,2.19323517392408,-0.329712999052378,0.512023093031222,0.466652978198466,-0.0493860179526164,1.6392788120235,0.0851884427695966,-0.256414525268466,-1.04988703286352,1.08777601662534,0.882852143555106,2.6594183037088,-0.71070683650028,1.1979473563269,1.7059697834529,-0.66053506884971,1.81026606756396,-0.310440646746997,0.443495952787945,0.242913015864262,-0.242000483485434,1.35725101449198,0.0351584542147938,-0.292265740379264,-1.03387814566323,0.902792765605434,0.687418915681455,2.228490921847,-0.674343407250198,0.978768105970485,1.52718662651064,-0.709627836429775,1.74900022685098,-0.334263879116982,0.418709892035,0.222373514003356,-0.247402440045111,1.31534603151456,0.00034912368977909,-0.305609076334247,-1.05278067613703,0.917144126873626,0.659342382001783,2.20572662860394,-0.750042821144588,0.929071669355212,1.57373920546747,-0.594320694956244,2.22926319193669,-0.271442026940246,0.5489908192994,0.455044834214865,-0.0859767988175167,1.65863964525187,0.149728665671763,-0.235454163249102,-1.0022907304847,1.00754118630418,0.894511146653294,2.59712516367398,-0.532337052717729,1.2511506596674,1.55486097490726
-0.761987653673913,-1.01360967364476,-0.354520646782174,-0.478553949450118,-0.00310376117851573,0.393254022137895,-0.697236757094241,-0.543003545198156,-0.0566689197162942,0.0184545596904271,0.298886692831866,-0.368851874027448,-0.373901920249221,-1.19435652482866,-0.824371571524507,0.632958478348494,-0.807360548519268,-1.05974245892211,-0.372919913236458,-0.515778052299073,0.0557742240673616,0.496886255144342,-0.728573198230137,-0.571029872988939,-0.0353123403540995,0.0656450429136696,0.336467605280036,-0.369239813756395,-0.37566728197223,-1.26553915974408,-0.866935528766621,0.663820533021827,-0.628624990932339,-0.900850252066279,-0.28357806338821,-0.458339387335815,0.178328614816367,0.607808145222426,-0.62299692127209,-0.454853251616802,0.0432271396986277,0.207470709066586,0.284065803383129,-0.275965446259481,-0.347201084469463,-1.00038144227944,-0.728669013219274,0.459838699776632,-0.686010548186224,-0.990921696921437,-0.311330992638605,-0.493559574866246,0.154182329809314,0.60772776849025,-0.68545040592838,-0.498971086584486,0.0299962243161651,0.193965936552968,0.29686219476052,-0.315262167623286,-0.391144069347545,-1.09139880451775,-0.798448675343557,0.507216828054342,-0.633550246093532,-0.817976205030454,-0.288154649832453,-0.422275039166578,0.140278591564016,0.524344055188794,-0.562108431424434,-0.442844112233123,0.0139668364620139,0.131369806827773,0.294306010582023,-0.257849213311265,-0.270321306225745,-0.994517330170837,-0.675734292806467,0.506072197770426
0.813366286329273,0.650435755663702,0.40569425513638,0.242847129073623,0.530839539585191,0.491338964785035,0.427525093589255,0.514446119583052,0.354862499272793,0.655671711018704,-0.261586535742617,0.391565792348667,0.0581415680356173,1.19758537647889,0.5843177586023,-0.950479795627424,0.901666435004722,0.657826953522178,0.451399557820793,0.241298640617909,0.616351940318185,0.606921665241009,0.427702190282543,0.559351890032652,0.414263382420158,0.781629578761928,-0.295575481848176,0.419862298180002,0.00851433513399998,1.31795929637463,0.606519909208987,-1.08366568765823,0.824351222035345,0.555587585455403,0.418898723007817,0.176047447947065,0.689614419218318,0.752715207071144,0.357150915383505,0.506446390058522,0.441573274211655,0.848999168417306,-0.244256711868876,0.403344653630528,-0.0199422113117394,1.19434311424297,0.520159580988211,-1.03449982260519,0.871768129423982,0.625737205744307,0.442070565006954,0.202641391776183,0.714153075624647,0.760886118740013,0.405619656672217,0.542236633947816,0.455134224696631,0.866277362666992,-0.254442307091413,0.435613761894985,0.0129117118490378,1.26880550745434,0.574915521580298,-1.07623779836028,0.775476767150265,0.475218952796515,0.39105106095049,0.165390597099606,0.579440851592024,0.624699564257996,0.30159486944519,0.465662874200552,0.390425564719619,0.759106897482105,-0.259546973747357,0.34339506899906,-0.0716521437535986,1.11938435673063,0.462187835223972,-0.976927383732444
0.126894257486469,0.471678608353367,0.0183067404780071,0.37282766791601,-0.827051330121544,-1.36444818916539,0.339965578238804,0.123255301311597,-0.403151853957191,-0.885972202292607,-0.219765773494632,-0.065693036600003,0.246201511302409,0.268780361256993,0.364056573288854,0.182532875638806,0.077411509989246,0.47839014452375,-0.0161598050306057,0.420171840521148,-1.06122942353985,-1.70159777227199,0.348417580325348,0.0948442712356072,-0.52175894800397,-1.12820986714632,-0.251214267777627,-0.13015545511196,0.261634599077319,0.209178585078528,0.366338392785619,0.300029946070825,-0.107614246452145,0.418894681069929,-0.116440702898268,0.431554533016273,-1.34101736270943,-2.07353248482799,0.316267989210573,-0.0102588706072505,-0.685751255385697,-1.46131481908887,-0.217914341109317,-0.233099783383443,0.312148553643315,-0.0456632906467306,0.296170132500045,0.583166179582385,-0.0777376632559856,0.470092348533884,-0.102335984553172,0.452915553072334,-1.33523844931552,-2.0847855056835,0.351947192458389,0.0133169138373713,-0.682488392725682,-1.46238858075319,-0.225583625170883,-0.213049888008244,0.338241876491982,0.00254629482019612,0.335512572688631,0.5615591007882,-0.0358011792856311,0.348939457516982,-0.0727952531754821,0.374978363003766,-1.14316019806813,-1.76802390822404,0.260534672195907,0.0157902975575216,-0.569655043849671,-1.20829134542161,-0.225392834445448,-0.20049664602657,0.216054640691434,0.0374150770374797,0.260688087426764,0.419098528930911
-0.282433578585425,-0.731013426153959,-0.152875862616673,-0.184332506677529,-0.497096255759372,-0.445599916921955,-0.51607998841436,-0.281200872386605,-0.197634693307773,-0.268823919018887,-0.105697030344248,-0.400176849459576,-0.532032652938765,-0.474558424581779,-0.509794044053894,0.201624283073356,-0.325533475545249,-0.844310827390015,-0.177364955031201,-0.207365480284505,-0.597723324775683,-0.548710605752592,-0.596023387567848,-0.325135638865283,-0.238720949307038,-0.331169393038385,-0.12922203462139,-0.468820044848499,-0.617857777623136,-0.546370133339112,-0.587650692553862,0.236872171814339,-0.319680086654254,-0.700958599666332,-0.176461096595392,-0.152329031308468,-0.62051942955208,-0.631883193869938,-0.491648559916221,-0.296454619017775,-0.266399331555271,-0.41571568806798,-0.109046434798165,-0.425111066972745,-0.490555903639469,-0.51779258677398,-0.49446074022157,0.288657748659291,-0.330765419776084,-0.719227153501752,-0.181982305297511,-0.15862629479823,-0.628675347945019,-0.636630797541053,-0.504335445002621,-0.305236869576002,-0.270413425992633,-0.421035753948744,-0.107750091440162,-0.433987474838024,-0.5002829284519,-0.535374781229424,-0.508343914404323,0.298202669613962,-0.298948210602351,-0.766258445806104,-0.16460917056071,-0.179165298122773,-0.584474428370003,-0.558357939537721,-0.540586068497416,-0.297898698524904,-0.236441400636198,-0.340218062629835,-0.126810482773851,-0.437362263539994,-0.563169008478496,-0.499284560339979,-0.532394824199873,0.228402506388949
0.673824686552255,0.417576222969841,0.323021707295244,0.22675086675794,0.14886378226312,0.0298031902028344,0.266654271909516,0.395470379651295,0.178911876089579,0.34034726687083,-0.325083842549572,0.200253818063983,-0.100850789105305,0.985407014078982,0.41948922428948,-0.773395984503412,0.730277314786351,0.382794673434991,0.349738783164198,0.225552714603036,0.145930488303751,0.0343980057153701,0.238128497640654,0.415222553017676,0.19614112066717,0.388025208240044,-0.371581587618672,0.188358742811869,-0.176623269388844,1.05890621607389,0.411078433209771,-0.861701474873856,0.625500293295301,0.330711606412958,0.300840589980745,0.187850312490679,0.152449052030632,0.0680668643651384,0.205941766715487,0.356950310886352,0.179992520003912,0.355560569777764,-0.309877570538499,0.17004716580368,-0.145293108876046,0.90643080487407,0.352740586284095,-0.742686892122103,0.671079872374733,0.398760796932478,0.32298128084102,0.214255898926723,0.173285685585149,0.0717384889132396,0.252992589865758,0.391390669709949,0.191707582156234,0.369417851888447,-0.320316697033054,0.200507540690199,-0.113465862515456,0.97818676424945,0.405882143240545,-0.781999353826545,0.601486786955115,0.217934586704234,0.287689928585576,0.157046440459707,0.101083274861337,0.0346983298553033,0.125146337972257,0.323391378633606,0.165750036896363,0.348467216608849,-0.332252527649854,0.11580182596214,-0.239128067842013,0.859438781335028,0.277703828860275,-0.743035751928132
0.273432565516431,0.333422136318903,0.127677182145724,0.159982359989394,0.00735545485308616,-0.121554488012262,0.2280599402854,0.189405634459453,0.0271331632656092,0.0132644746378348,-0.111952412929035,0.12354331279238,0.106496090715554,0.42420828187168,0.276355380385605,-0.240031010198456,0.290556747374215,0.344993341916276,0.134814335165851,0.171260597011552,-0.011453178381185,-0.15371014979216,0.235612979754609,0.198995852130777,0.0213782847987541,0.00126234668882069,-0.126414954929187,0.122612313474725,0.102096584065882,0.450154493666102,0.288575540269251,-0.254623728499754,0.229294124759779,0.293666798120044,0.104388976892264,0.151597354466217,-0.0489222385586297,-0.186278798309811,0.201698573810524,0.159885426442346,-0.00391041594371307,-0.0447725600945381,-0.106498225007658,0.0930118137493742,0.0958302771263815,0.359545783583181,0.242978916349298,-0.184450436971202,0.24962916774831,0.32537191086821,0.114228463522881,0.163986936251617,-0.040284355024891,-0.186058825988763,0.223674153511134,0.175481824644602,0.000842702284331439,-0.0398139155393779,-0.111054991127881,0.106885725682894,0.111212377250985,0.391766565763668,0.267567874861979,-0.201337531315405,0.229482879863617,0.261096692934079,0.105073622456958,0.1385208004366,-0.0400858291135949,-0.162196669536861,0.177887138307041,0.154179488837759,0.00440129720791663,-0.0213822628051856,-0.111073969900337,0.0841382956611916,0.0661988881414002,0.355031003447587,0.222015047025708,-0.199009945011783
0.0603954764600158,-0.652159585182406,0.0654159746472111,-0.373300208199854,0.705676096477071,1.24137763723279,-0.481730434077956,-0.0729546176930349,0.418590712044004,0.975061853096687,0.0199508605010472,-0.0278815227927526,-0.572179235152962,-0.0300629821622862,-0.428497680546898,-0.477220150897396,0.119592400884108,-0.732158096233905,0.103126430628646,-0.435369284672706,0.902881430539414,1.55018292453087,-0.544087436940324,-0.0546624453846897,0.532591625693402,1.22467253040908,0.018689447319759,0.000796671555472082,-0.668213774518601,0.0341868244127486,-0.473333599499635,-0.62810299196316,0.26661968272513,-0.624476418035876,0.185604023402159,-0.439053067755153,1.1913293690443,1.92003210287529,-0.474678099958581,0.0419311716472311,0.684738660439376,1.51996637020054,0.0238721613866258,0.122271233688711,-0.643670569617248,0.242731053671263,-0.382088207102858,-0.843704012377776,0.252086329737335,-0.654003290449313,0.178909655590806,-0.451704917350229,1.19151560088019,1.93143920745381,-0.495417549204862,0.0296898622410777,0.685109559509372,1.52535062279235,0.0274660035002449,0.111748704905054,-0.660337025427967,0.218542335583391,-0.404280986163797,-0.835585856027161,0.188834885130848,-0.638282011135246,0.138676419049301,-0.407550013308748,0.973989241595171,1.61596663735413,-0.4796777326953,-0.00299092863205356,0.569408798241811,1.28548400197564,0.0119893408171486,0.0548538470414125,-0.623998777130523,0.140542072818753,-0.40028552117167,-0.699661241012318
0.124597758122005,0.229702990877525,0.0834254979834975,-0.0255339229241261,0.547056261998196,0.701565198889947,0.158842790563719,0.116093013977066,0.247019763181837,0.455440116545005,0.119754307444307,0.236363941090696,0.187351963777025,0.185409794363957,0.152299244658692,-0.192584931489151,0.165802007582257,0.284908397375878,0.108849012959443,-0.0299530868741427,0.679703752417996,0.87120679321158,0.196385744473419,0.149270328700829,0.309701689262529,0.572702230945604,0.141240586529264,0.293711924030814,0.223987887580227,0.245522035075407,0.19154578195343,-0.254190622777257,0.223058519344879,0.229474955798909,0.141314059126439,-0.063601794306625,0.788073551396392,1.04345800580811,0.152366079599664,0.168708167853664,0.379978434662754,0.730125588594835,0.121348962309701,0.30593526858636,0.141711519545366,0.313494548533773,0.165552943624098,-0.374609086721819,0.220001951447424,0.223530835202615,0.140040468095322,-0.0668328230829305,0.790988543082305,1.04991157769062,0.148188544894467,0.166264182254758,0.381316757123316,0.733703684046724,0.122976973767693,0.304623890183561,0.138804050908562,0.308345576254408,0.160932745617435,-0.373397564639288,0.186807255590037,0.283678447548222,0.119716472089514,-0.0312334829410931,0.699590779386756,0.899087286231212,0.194248497810806,0.159385409144507,0.32402042270466,0.603669571893215,0.132388154251973,0.299272740735986,0.209323552468395,0.273762189536284,0.194953148081882,-0.286923064072769
-0.378849006948184,-0.759293651835994,-0.187193642147199,-0.264815220460058,-0.262662005913377,-0.0920452285481722,-0.532131871519222,-0.324726199418759,-0.112190635411705,-0.103734757585676,0.0200494156874043,-0.345917227859652,-0.457099826658463,-0.619971851737663,-0.560651919509209,0.271193418540946,-0.414240925924839,-0.845038276942534,-0.205031313401907,-0.292495232679237,-0.296332188346432,-0.108651786128374,-0.592622739603613,-0.35806820824922,-0.124836043905992,-0.11459790698602,0.0161707898019487,-0.385968816084917,-0.514805081659397,-0.679612072709394,-0.622027911872606,0.292754809309279,-0.353023080084553,-0.708313833891553,-0.17515895733385,-0.243474755911957,-0.260227616676185,-0.107808828712396,-0.496374282208327,-0.303171588701638,-0.111408213568736,-0.110126905135708,0.0141291691580529,-0.326960458364781,-0.428546149925897,-0.577287371601224,-0.522275534272018,0.25562231983878,-0.376445339097668,-0.745973191430455,-0.186564896343164,-0.257749599508032,-0.271847741625844,-0.110074104226185,-0.522513131338297,-0.321394664990956,-0.117485407808752,-0.116793621746995,0.0186604034744317,-0.343808669091461,-0.44753630613506,-0.614499467407606,-0.551249992124264,0.274983570760348,-0.346136892268889,-0.72559465022863,-0.171846299498968,-0.247970255177791,-0.260960322699086,-0.103245276096228,-0.509368387091738,-0.303191992308942,-0.107760083295906,-0.0984908538587062,0.00556747731542729,-0.333065458395134,-0.450067323831293,-0.570100089818262,-0.531546778257292,0.239936519484797
0.640254836273204,0.65081606249601,0.32739908554017,0.195524513956189,0.604448571255684,0.607463605193061,0.437215228853511,0.435981318854299,0.345113839850799,0.61741173264117,-0.123369673899321,0.409140451180899,0.198610072802346,0.955393483981976,0.540049059824151,-0.733810432481925,0.719574367032378,0.693741281600562,0.369978376807219,0.198104531112029,0.717715627583762,0.751211328423324,0.463733885001539,0.484082163495835,0.410117506188701,0.746018671111047,-0.135819295960758,0.457471321236199,0.192490348834598,1.06726393896561,0.581448471708824,-0.847132246407271,0.681124722818058,0.580488995052861,0.356332099345947,0.133841800103785,0.800218034871669,0.911897974068336,0.382944552541768,0.447492985405797,0.452658897216021,0.850173757379856,-0.110558897224737,0.440443330239183,0.1253652480452,0.995641200206299,0.49701769544448,-0.856149454545161,0.714636956412024,0.630083967203869,0.372788048807964,0.152257588530108,0.819237805631262,0.9200853682558,0.417206353893027,0.472838361557899,0.46299634418106,0.863876851277282,-0.117278692184028,0.463727102915551,0.148803339376349,1.04821295661745,0.535656481949227,-0.885990314747526,0.634356786061308,0.553946576813967,0.329430319135801,0.140673547788673,0.695243925882643,0.772499192736635,0.366537965316344,0.417824717778057,0.397292959374727,0.740782581491594,-0.11431039667751,0.400774183797343,0.123190708940966,0.93081622819339,0.473435623197794,-0.781869328233522
0.395059512916875,0.6212026280633,0.194487180140676,0.226143219029175,0.238956181286263,0.10503718446735,0.430522747686479,0.305982813324975,0.12369389230184,0.157462668208451,-0.0672331503832704,0.291379270927379,0.312380068661515,0.624260533436321,0.478032325423068,-0.340847873368555,0.432255774083901,0.677914466887347,0.213150455330417,0.245167720474782,0.268695821259967,0.125988028481489,0.469736871799007,0.334667029618611,0.138835260398708,0.179601124920745,-0.0718894978864755,0.320230681442547,0.341001971072568,0.682545423441036,0.521610040267864,-0.375124866365813,0.373014819802628,0.569556526586028,0.184873209311926,0.20217334532675,0.249886392235047,0.140084810526518,0.394022645107116,0.286442835007158,0.129954630028732,0.178387589686846,-0.0602270292338745,0.276020613422967,0.281954397720141,0.586264241653135,0.439575217209681,-0.333372691488949,0.397616681603763,0.608109535318574,0.1968542345192,0.216849425121571,0.261989336360625,0.142666032526285,0.420746250473615,0.305394678068116,0.136423719209284,0.185772015807588,-0.0652296269586885,0.293338636047315,0.30094751514756,0.625216148417874,0.469377724124001,-0.354071761607649,0.362004458632813,0.563902795405842,0.179079077531344,0.201344918747833,0.236662459915875,0.123628238701402,0.390555537385462,0.279893053353273,0.122016789801257,0.162625780186716,-0.0577253413049818,0.270120952188912,0.283392446298323,0.570691967847446,0.433916367111333,-0.318045029693797
0.0687047737407171,-0.131014932526965,0.0247707112969126,0.00841259778799214,-0.177883762464388,-0.214873809432302,-0.0988530378285206,0.00266090251040437,-0.0458756392703122,-0.0559547703776614,-0.124948859312557,-0.0944479376889035,-0.196539542688205,0.0832239627351823,-0.0590840184652974,-0.105203385201758,0.0647487354159163,-0.17829232337855,0.0209333651821462,0.00246803374188275,-0.225061153866333,-0.266199802162138,-0.132977704326758,-0.00928597661654421,-0.0618839040595711,-0.0781889190888914,-0.145739375801487,-0.124286387172569,-0.243613529418244,0.0728628143449526,-0.0879982109033885,-0.10820370269499,0.0326999199614155,-0.143874283195362,0.00465490269052671,0.0131532838277677,-0.245222635190376,-0.30539706812822,-0.106001129448276,-0.0183935005912813,-0.0834263381669242,-0.131697783299912,-0.122398601217752,-0.118554348766775,-0.18947438431781,0.0338977775392765,-0.0730073445076453,-0.0479182625619506,0.0411811518739435,-0.131483262977839,0.00870725978789567,0.0183099363760561,-0.242806043367347,-0.306725606358408,-0.0974391656934725,-0.012076580510007,-0.0818686256163773,-0.130297099758058,-0.124813119775256,-0.113391900946151,-0.183983537317642,0.0472624278565829,-0.0632293494467188,-0.0550336793057543,0.0377192779883115,-0.19684904058472,0.00778967911115884,-0.00628844805522662,-0.235184759147697,-0.272753519427284,-0.144978392228197,-0.025602087156999,-0.0706931973988481,-0.0947010067190758,-0.1342620860199,-0.134117362808518,-0.241765720812314,0.0332284367501057,-0.105794936679268,-0.0770088489847836
1.18547752881949,-0.284583903494458,0.578972557622892,0.0274140394106346,0.369770316146898,0.563187097109746,-0.275114285410804,0.509688419905608,0.497443690816905,1.1764162346773,-0.7589400370116,0.027076135045901,-1.12065499104859,1.58995114219166,0.0876751742126099,-1.77331894038455,1.30664904572739,-0.520157799334184,0.639669226126829,-0.0419153399198605,0.415779066710166,0.704555363382863,-0.453964201087525,0.523703871700113,0.579154247222134,1.40148851904445,-0.878267712967843,-0.0398820710749535,-1.4279396074572,1.72381901391862,-0.0345406926880984,-2.03534198103432,1.20213756114817,-0.417207057483026,0.599393801923198,-0.0722977415991255,0.620239912227452,0.969626037864581,-0.373685051967376,0.499911828124085,0.631828855698115,1.47296519872213,-0.727519325832994,0.0515759910513815,-1.22737512164839,1.58624568044217,-0.00292313135316593,-1.89845658314928,1.2760415341655,-0.314206427424967,0.635435969062772,-0.0324773435281096,0.656195734544135,0.981266266018055,-0.302757156987004,0.55445443968696,0.652766858903953,1.50083804487638,-0.74539631317979,0.0990165192649545,-1.18238974274905,1.70151078801425,0.0785023069764575,-1.96545885946268,1.11415779801884,-0.722121559799742,0.548491327881395,-0.137964555167181,0.386957841734053,0.744616154571247,-0.590525166995717,0.395776693470184,0.545094165395839,1.35554611710942,-0.799165566746578,-0.122076133687707,-1.47503874211764,1.43049259637857,-0.207337056035041,-1.84890882948873
0.600931187600461,1.15745368893028,0.304091657387104,0.370475699510358,0.562937685510653,0.373338376136776,0.809315510064977,0.510503486301429,0.250028012515558,0.317510070401869,-0.000339970189240055,0.573471919688777,0.698733226993584,0.971953813927706,0.853402346725556,-0.478542257226885,0.667056380932998,1.29481021678816,0.33896136684229,0.407524947307213,0.65586365774168,0.455614657828955,0.905559241534315,0.569407305519518,0.290180109907249,0.375430238183482,0.0105406990172855,0.648776376066363,0.788748707228986,1.07921973943046,0.952335237661634,-0.5338120612866,0.596998706688951,1.08249487186217,0.30644237409799,0.3258044621761,0.643375870203806,0.515687751979444,0.754554890207694,0.497035237920837,0.295146136993423,0.422456273673333,0.00912883328414278,0.56987328503912,0.641127213149942,0.953462341031505,0.801578238349995,-0.518691864286966,0.630583350312691,1.13591184277989,0.322869326562186,0.345738933461642,0.661500174185862,0.521247654593993,0.79160513228947,0.523098217065176,0.304595351699225,0.433597813595587,0.00292204352770006,0.594239909640901,0.667987924734306,1.00669000825623,0.842693727989051,-0.546980236437647,0.57377120516699,1.12060041767202,0.293756168816736,0.341997162626095,0.611475106904509,0.457761520727965,0.783770135399315,0.49238829425215,0.270014784414303,0.362004818670848,0.0239527446541378,0.573755959584751,0.690618795512314,0.927620945646239,0.821510185324256,-0.466368026320111
0.00533700610845305,0.224961459254841,0.0111608746980268,0.0294477358092876,0.209069286980098,0.222782209278972,0.163181313242706,0.0501311774293384,0.0658903752794591,0.0839198486526486,0.103692950747979,0.137390565982065,0.232347721535659,0.0311511801085091,0.135006616141586,0.0355412031754265,0.0157310662340433,0.277961473422985,0.018125960359773,0.037900521524672,0.258747686602451,0.27534459696139,0.201114818107751,0.0662085623239922,0.0838659071542126,0.109552137123105,0.122053293746918,0.170050309035153,0.280214688319253,0.0511285467090687,0.168981343216485,0.0315914935799915,0.0357954254927047,0.228024368845203,0.0286714770030408,0.020585448951831,0.275582389356747,0.315852513534532,0.163491899100484,0.0667616800835546,0.102985012998407,0.160220873328014,0.102574198903324,0.157742490886626,0.220194564251191,0.0714789686286255,0.141430888381451,-0.0178957618382814,0.0321570659148379,0.22311743904869,0.0269735061120034,0.0183046690254515,0.275449740428129,0.317583706934605,0.160114126505256,0.0641531504372916,0.102670188219641,0.160235330208702,0.103953592049994,0.155924727718132,0.218332001348585,0.0657709278945785,0.137457093420125,-0.0148747074093951,0.0288568916898022,0.275827035062659,0.02453401206947,0.0385346665482944,0.262908036373095,0.281321497698382,0.198810381942067,0.0720424120273482,0.0892697677700561,0.122156897106337,0.11388595568436,0.170723350638264,0.268768355896221,0.0688701606504688,0.170593392471511,0.0123324359303331
-0.0971708805569205,-1.13429201116331,-0.0578346083289369,-0.314746943506583,-0.384299704972504,-0.153217647441654,-0.821130617049803,-0.266571061009693,-0.0479135059322048,0.133600424256933,-0.285305410312586,-0.505647059457123,-1.03714782133518,-0.277255531722701,-0.72575228253791,-0.22431548251568,-0.112559100606728,-1.34466172537306,-0.0673013789940762,-0.37273198889209,-0.455244003179815,-0.181312886954227,-0.973568424946671,-0.314774624246854,-0.0559995271463272,0.160253238159525,-0.339909637105639,-0.599283854148067,-1.231456747164,-0.325040713310728,-0.859736757871234,-0.269512747169172,-0.0921202992758767,-1.11725233548218,-0.0550475151664722,-0.310465960192128,-0.373821421536248,-0.144340410428367,-0.809011667272509,-0.260761492754427,-0.0441855912913032,0.137955281151013,-0.282117724831357,-0.496659875046781,-1.02371893576355,-0.268278578091608,-0.714189101191833,-0.226732153819637,-0.0942639737827307,-1.12597908450388,-0.0561453293974364,-0.313165799665772,-0.376638793847463,-0.145236856042428,-0.815251643067373,-0.263458566758957,-0.0448370831448942,0.138269800252857,-0.283327558988307,-0.500537247648275,-1.0306233838175,-0.272349752252115,-0.720112536320601,-0.226617330528559,-0.102466141630352,-1.26581544849505,-0.0616667251626069,-0.350447225068068,-0.427735016324891,-0.169709907819905,-0.916679463427939,-0.294667760610373,-0.051484161583483,0.153681517525125,-0.322113458980479,-0.563848828607068,-1.1617968351734,-0.301172270686236,-0.808523623886385,-0.258556286397214
0.197027660667477,0.239727320326728,0.077921942315918,0.183606019584781,-0.292938497187214,-0.517484439904091,0.164957358944669,0.127960003455464,-0.114707464836615,-0.256840100538436,-0.165346887723714,0.00494744819390195,0.0401186460433632,0.315789874553887,0.211364274907613,-0.111186087718926,0.190425313625982,0.228179850072609,0.0705247081028988,0.199635927882759,-0.384896726822982,-0.645684436792755,0.157209011309206,0.1201458432005,-0.156241060975194,-0.337568139654344,-0.189414277947474,-0.0250721277144129,0.0231493732020761,0.308202416858793,0.206342494481478,-0.0876566626672391,0.0969989980005278,0.200590787049346,0.0216992808302499,0.197346315975198,-0.487550813445194,-0.778648410584225,0.142634740276063,0.068621124977553,-0.221974298491144,-0.472392783224177,-0.161125448617176,-0.0653333546305491,0.0556347361223919,0.178540689532927,0.1708387437304,0.0482225891644296,0.118567690249417,0.235138053968119,0.0320193655519031,0.211341533783288,-0.480746125996346,-0.782134532824,0.166621990848798,0.085267597081086,-0.218115402652774,-0.469674583843482,-0.16643090016966,-0.050960306775091,0.0725264737231857,0.21292293126693,0.197600842094857,0.031152623432156,0.118635776125596,0.144142989694777,0.0351643237723966,0.167676978763001,-0.425367274640836,-0.670567409526196,0.100018923725192,0.0699791054601596,-0.181184038627754,-0.377161464760427,-0.170201133592731,-0.0671268936017915,-0.00619270408554756,0.198624801327794,0.137628671911819,-0.0152868471751694
-0.26648590960571,-0.050629059610993,-0.102800321241324,-0.175146413546884,0.482813134384731,0.729452194785359,-0.0237111927603891,-0.119855791189367,0.158155713905173,0.295641749140064,0.306606382297107,0.11312251436332,0.212940619468705,-0.392487873372614,-0.116163463690325,0.237145771522018,-0.256079832508082,0.0194700835644789,-0.0916101689868489,-0.18185728526561,0.623838482122632,0.907783170817145,0.0263923708349833,-0.0980203682825942,0.21502773482761,0.394879397069432,0.354510244110833,0.177442448463373,0.287906220345203,-0.373265970617269,-0.0752000354657449,0.220744649209011,-0.132038269443872,0.000949648659017595,-0.0274231450920191,-0.193005606361638,0.740221432254556,1.07482626451926,0.00555891817975889,-0.0404067179832403,0.300589417795932,0.582120964806107,0.299531756395273,0.206056442082599,0.190619575792599,-0.208010755851851,-0.0621668904006089,0.0233599802762132,-0.16220382582582,-0.0458247619752427,-0.0418519841788132,-0.212117839187649,0.730981476349816,1.07956363405045,-0.0268641755590346,-0.0633940776668402,0.295114213321002,0.577838619837848,0.307359745112442,0.186570684321176,0.16847611885178,-0.255894627974635,-0.0986300226235334,0.0477668365695055,-0.157364850903692,0.118642175260861,-0.0432122549459048,-0.141955626247547,0.672828209240127,0.938104613944682,0.0930972347313208,-0.0322661234194601,0.248481757800484,0.451103226273754,0.322704881376343,0.227681282583007,0.312074793057162,-0.224613219378202,0.00918533721101755,0.116342649954421
-0.0804125310722932,-0.432750361254671,-0.024169681309083,-0.217082689264741,0.24238317660705,0.505038398792852,-0.312171025473608,-0.110898082448478,0.14619904926886,0.372753982029367,0.0308094356577974,-0.0843090993465454,-0.315723629937148,-0.179087137790078,-0.303641234739952,-0.108376977300407,-0.0649852797095709,-0.479538863291178,-0.0129758785130907,-0.248038539565454,0.319703253753338,0.631943648856693,-0.347441717447562,-0.110211991751364,0.190998951709962,0.473231600630944,0.0322941163998553,-0.0785921803817975,-0.361948856586452,-0.166792380887142,-0.332854096488589,-0.163018070774027,0.0138231850240571,-0.407064138736057,0.0298724210252142,-0.238766199285223,0.447206094833562,0.78595232465842,-0.299376224394019,-0.0564642006037021,0.258400351992871,0.600309073079989,0.0305357498266016,-0.0159577643996299,-0.338232306659985,-0.0520567509164049,-0.273453804001509,-0.267299785429269,0.00092821960632002,-0.430088241036592,0.0237574932956323,-0.248143955062564,0.444027888088036,0.790145849116253,-0.315449743353395,-0.0668309745729325,0.256805937329472,0.600598532835991,0.0334540696464037,-0.0251271769287941,-0.350446791754412,-0.0729683290222237,-0.290992715722344,-0.258186719392932,-0.016339831047499,-0.409377418862919,0.0114491693817984,-0.224497843362196,0.358495174091777,0.660592835616647,-0.29908111549922,-0.0734449279894868,0.211282205626767,0.503984968543566,0.0253203131632654,-0.0422865411719378,-0.328288452689525,-0.0911140419096366,-0.278397270376671,-0.20935859046277
-0.111519655675682,0.0661175921541706,-0.053379174562416,0.00447700730661814,-0.00723010051539787,-0.0269560752988337,0.054503834311521,-0.0398682763938218,-0.0395610068597648,-0.104607054600019,0.0876077865991295,0.0189303272783342,0.145675769865988,-0.145105432279118,0.0155216626265053,0.17615779408134,-0.121746708647583,0.097115080263757,-0.058283395097962,0.0127498542454068,-0.00519355353302175,-0.0342245005869487,0.0776909839256829,-0.0388216893844422,-0.0452534959950886,-0.123558144686512,0.101730633539946,0.0301243980150446,0.182756378110106,-0.155079474978409,0.0326298588705361,0.201298390983461,-0.109751934437044,0.0789304100896002,-0.0533977408327103,0.0129590427773583,-0.0238223935830887,-0.0554516435632443,0.0638126168885724,-0.0371362472708222,-0.048282367307261,-0.12442991671813,0.0844410746208721,0.0187664355964313,0.154347826000492,-0.140330398299442,0.0247618537961434,0.182144311606237,-0.117197290701577,0.0686412562295373,-0.0570195478298431,0.00893000948464269,-0.0272394515313315,-0.0563588154271404,0.0567302528984151,-0.0426090357515198,-0.050310799325585,-0.127095721417727,0.0863189510581933,0.0140753690445409,0.149922799334629,-0.151937618666861,0.0166055547700955,0.188885215682565,-0.101998898082824,0.115226501973608,-0.0489182555797381,0.0217316041650504,-0.00230327226612683,-0.0375213397359312,0.0897975344396379,-0.0261833775784299,-0.0414460638566388,-0.117673000570959,0.0930398085117305,0.0376281277861637,0.185133148376409,-0.125342936000076,0.0487073897506446,0.181187280764477
-0.300232663937082,-1.1670015449659,-0.149614474447567,-0.380951535973792,-0.300500835640485,-0.00911816687630291,-0.833953728666033,-0.364835114678567,-0.0561331999293836,0.102098307257064,-0.130975559490422,-0.497314671627261,-0.903792956693625,-0.565817218528983,-0.798580506498993,0.0176745058063853,-0.325829063653351,-1.34176382548409,-0.162557340829126,-0.436119386427991,-0.338815969634024,-0.00197293087132311,-0.959944371384539,-0.410263970752877,-0.0567344670711659,0.13498698031081,-0.16181109852376,-0.569543498676722,-1.05300472924525,-0.623962286911151,-0.913820198986612,-0.00699964124282696,-0.258204883315209,-1.12075434428939,-0.127245035246211,-0.371283751951702,-0.241814394716873,0.056940584724348,-0.802744679259721,-0.335025204269146,-0.0253812771529307,0.157957367479715,-0.132931059651127,-0.463880614903965,-0.885144832959938,-0.503268108387775,-0.761697084266913,-0.0330945356989063,-0.276722932591066,-1.15389816477285,-0.136249760625141,-0.38368959510992,-0.25111655218171,0.0561579704528111,-0.82586944927821,-0.350061180839578,-0.0297945230064462,0.154174502677009,-0.130100611684083,-0.478409044572709,-0.903334293329647,-0.533147615068278,-0.786735009102459,-0.0190534615298593,-0.267130540777128,-1.21031143826262,-0.13339436958027,-0.391534713091881,-0.293143512154382,0.0146519228980366,-0.867435431418551,-0.357248570062556,-0.0389272447744494,0.148989385360915,-0.160558744627851,-0.509730563070491,-0.968624020045237,-0.526177554572101,-0.818413962083259,-0.0447652302867921
-0.322052564093865,0.329717823998854,-0.128189334096547,-0.0698603901133269,0.545071044487336,0.689928272167668,0.25677245474118,-0.0734003749019335,0.122402242032949,0.138391670853793,0.443100347142571,0.262277851872942,0.619451674248816,-0.419315712449674,0.108913686720303,0.44424757260192,-0.317670087984485,0.481509817002727,-0.119793047877332,-0.0522680382785717,0.696654549708046,0.85536708289685,0.366799333189385,-0.0389137314141074,0.171790845306285,0.204886138382102,0.515518952784737,0.357954047336804,0.776908980773687,-0.397573783347218,0.199752876150839,0.464997549453937,-0.197890447408423,0.384408291864669,-0.0595025478032014,-0.0796456036088032,0.764037908996648,0.979383455049546,0.289017706736908,0.000750735060322853,0.244566228381305,0.38285954865497,0.43275741747084,0.345290436220943,0.60318897976611,-0.247341341478781,0.164041084992864,0.253415230406863,-0.232003939421754,0.334177262088972,-0.075855777607244,-0.100248333900387,0.753134990168215,0.983157858339265,0.254297790514246,-0.0247634288797568,0.237819497202487,0.376352953825277,0.442050215442341,0.324056588953343,0.580592958520325,-0.30111044286648,0.124513508848165,0.28213100881664,-0.21117175326236,0.567814381202101,-0.0680635210989534,-0.0133502878742074,0.736849335954551,0.877035423151359,0.423708287932731,0.027829102496307,0.204903187911671,0.263992675673123,0.473200341690068,0.401376648571731,0.782040626868647,-0.239609601961155,0.278217567228491,0.347073454778901
-0.697138424470678,0.00424521023505949,-0.292970632085251,-0.298370205857057,0.769736544057606,1.14923732808668,0.0394030997815538,-0.302116217402465,0.173563081059261,0.267810834146867,0.691397726114498,0.204855963440994,0.625558006717206,-0.99113150171382,-0.19649526913183,0.775235141230787,-0.703271714427335,0.179236955648476,-0.285675184519507,-0.294168036417229,1.00589477767295,1.42916744754367,0.166662993821061,-0.265833370644005,0.255389236519057,0.392657436350303,0.799873455985738,0.33221727076526,0.822996182626035,-0.983654727872913,-0.0970349203258944,0.801374964253086,-0.468659102305242,0.119611724846608,-0.167119017147565,-0.309113737131254,1.16286448368481,1.66260766829808,0.109521219480281,-0.163210050536408,0.392010350992697,0.701951267822083,0.672727941826582,0.359991965049211,0.608261164032674,-0.672311351155296,-0.085307266253835,0.431748110481862,-0.535623203470442,0.0182886905559646,-0.199287496633822,-0.350081556528045,1.13971902811077,1.66845096195522,0.0393870596619253,-0.213847867640914,0.378339408103348,0.688904751012026,0.689894418039054,0.316870894569879,0.561141955433499,-0.778173185592219,-0.164549420154928,0.48743722024893,-0.49422777887397,0.3889310145092,-0.18385347486732,-0.206519047174862,1.09544874975591,1.4730267292862,0.307736640280427,-0.12704848540516,0.319884133701918,0.499183815047016,0.728429611174754,0.43450349278431,0.872159854022448,-0.668418859091871,0.0820602634272914,0.583114770758199
-0.172408777415122,0.518927315073667,-0.0858579225674208,0.153806467667324,-0.0334827176878609,-0.219059976375725,0.38847026033683,0.0150544686900175,-0.126031045166369,-0.378396548402177,0.218080405100327,0.168368436086888,0.613487253263228,-0.166325356531247,0.288967722893871,0.43652464984864,-0.19576926443675,0.639590883159333,-0.0981211215118885,0.19349934961054,-0.045523338318501,-0.277109773394479,0.477880040172086,0.0262251006386758,-0.153111798932828,-0.460147757466714,0.256251069503779,0.206636763513994,0.74294469834288,-0.181688222935297,0.360340776290044,0.516509512596236,-0.206257453281583,0.531244465579209,-0.107306070800887,0.178258732311311,-0.147691854869257,-0.386072950550275,0.399735198272467,-0.0016479984815044,-0.187470901487401,-0.506636994544968,0.211255121134582,0.13990196028719,0.636862718120417,-0.207605612488932,0.293486844126734,0.510301805864676,-0.215703784413683,0.521317729359458,-0.11195154512683,0.174372261928368,-0.152729790246181,-0.389326993913754,0.393034499638959,-0.00803112432379432,-0.190772392796249,-0.512123959827036,0.21410621692056,0.134843679498379,0.634097869520917,-0.221878666334419,0.285149825547854,0.520197878021963,-0.177146782880082,0.633307038713746,-0.0899776802685244,0.197990695392187,-0.0600782370331338,-0.296996389976635,0.472303714499051,0.0333201669250152,-0.154230814353794,-0.459018016737972,0.238167836332792,0.200701486102314,0.721172548892057,-0.15626527024317,0.361426984945643,0.492190049991055
0.471061783251238,-0.395690935493828,0.204290088342359,0.047652426821259,-0.431640203368501,-0.512063245067265,-0.313622328114334,0.133752691582924,-0.0257466165365616,0.0835975660973361,-0.525959464186713,-0.250578270351073,-0.78054022018954,0.612728911889584,-0.119850360949532,-0.692622663471764,0.486608458226187,-0.578029903908338,0.206610606173449,0.0176571596246755,-0.559160754808063,-0.633319973836604,-0.447137302136727,0.103558171357568,-0.055344968644072,0.0649990241321626,-0.611576411092169,-0.349767047647364,-0.978846992880586,0.613566879239415,-0.226291082702517,-0.756756767342922,0.36659975073257,-0.464208661497488,0.148368318587866,0.0397460055257569,-0.578934074680211,-0.694492918832751,-0.357301158589118,0.0682339161985059,-0.108932950324125,-0.0784385554987683,-0.511590518001995,-0.317882745884567,-0.783499360581708,0.463687359730954,-0.182046064912182,-0.548359580442628,0.408337539761597,-0.404029227951359,0.168474949470902,0.0640734877759589,-0.563656635717552,-0.695871126960415,-0.315760796847284,0.099268010523896,-0.0996374156474193,-0.0681418536557135,-0.52268366671606,-0.291804014474218,-0.756817657684961,0.529231959490988,-0.134575626430394,-0.584385320646337,0.362866731273654,-0.68206011970525,0.146932731099209,-0.0308171280288025,-0.597248516733012,-0.64476571020896,-0.516027930593661,0.0255559841918951,-0.0894447337860917,0.00579618883849324,-0.560764114881421,-0.399105913365013,-0.987286171678084,0.429216591550139,-0.320200346629221,-0.622966078445355
0.878948937193391,-0.324447241671527,0.418140233074967,0.038888237255114,0.0253309178430018,0.09827380209283,-0.285935705318895,0.349821062565241,0.271672013105498,0.703320188007874,-0.657475689372377,-0.0894951407690057,-0.967469282836178,1.17175494432975,0.00360601964700632,-1.3065221096726,0.954648799181831,-0.535828061462233,0.453695186394442,-0.0130558162907386,-0.00344359784474095,0.126023753287123,-0.444337783824671,0.345038476283879,0.305260706097108,0.822819395396158,-0.762040865331187,-0.169905845852108,-1.22665170082291,1.24853112703256,-0.111007229941051,-1.48284900948476,0.842916469036716,-0.429711442264814,0.405382172631872,-0.0212098196122784,0.103389766543497,0.24962760906613,-0.361014877660005,0.315714209584739,0.311759420035837,0.801181826822672,-0.633407236645358,-0.104940698870317,-1.02946975568037,1.10472874458004,-0.0749980280675733,-1.31479436710158,0.903061702894908,-0.344965152925659,0.434606686946933,0.0120098848225527,0.130478194072739,0.255645388441959,-0.302611883046489,0.360212169800181,0.327699223680005,0.821487350042075,-0.648375643387226,-0.0666221434523903,-0.992258156615344,1.19873571887978,-0.00805626839145242,-1.36851837504565,0.791416689821533,-0.696427898135437,0.375906250788034,-0.0888731605086303,-0.0366083069080205,0.143697419917724,-0.55232792844965,0.238289037918194,0.271045221614477,0.771025112042539,-0.695159341853029,-0.238339612788529,-1.25764210879455,1.00155420299541,-0.250413160846881,-1.31885777886836
-0.467500691645184,-0.224660212443004,-0.210767366581752,-0.201848137155323,0.186913874373664,0.375132488468517,-0.13850684347453,-0.254111755661249,-0.00198251142235265,-0.00739036897498269,0.321716479194021,-0.0346128363879585,0.166158334852988,-0.684655407181128,-0.262048556388734,0.501187882954164,-0.489186690055204,-0.169683807159881,-0.217681579898617,-0.204631916026452,0.263795655413086,0.468108348964892,-0.0974324675691697,-0.251838376337048,0.0200443513222128,0.0223779061969814,0.369942927041011,0.00578361867781002,0.243487156614172,-0.709761278268913,-0.235641230443559,0.535301528811048,-0.372464395996357,-0.15522500137329,-0.15986026851442,-0.192580721489306,0.322401491016537,0.540767418516649,-0.0935924076461199,-0.193145512516347,0.0734322441232157,0.138000128983508,0.31058068457629,0.029513102910286,0.175691703763963,-0.548137430289337,-0.201028793081978,0.37235183154845,-0.410577351983058,-0.213032927462943,-0.178254137314641,-0.215527869423171,0.307411369047681,0.541521843020124,-0.133605221586455,-0.222043455864826,0.0648514171714707,0.129016131449843,0.319806168950763,0.00441086035508264,0.148522707786315,-0.608346304724921,-0.246141657637118,0.404371723726294,-0.374321685506794,-0.037392658433953,-0.161897320385878,-0.150318203417904,0.31149805544007,0.484088584012428,-0.00745293277552496,-0.172454540827104,0.0525591324678839,0.0715073615931877,0.333903291829375,0.0675189284341745,0.2863339315552,-0.53414991238677,-0.126353935310202,0.422220623942421
-0.837382737253164,-1.51797600271254,-0.405278229481103,-0.576326730359229,-0.38233694189257,0.0265460246936496,-1.05985387979555,-0.682408317161072,-0.179784979248883,-0.127739823579569,0.134750563888765,-0.652902986541594,-0.83591597179179,-1.3550946151456,-1.14600115341946,0.619616390740872,-0.905374659415303,-1.66579064805069,-0.437807177153301,-0.632662190801277,-0.408224160758232,0.0446975640958972,-1.16385291455456,-0.742228714792907,-0.188828674811309,-0.121905430430162,0.141910321645487,-0.713034043849475,-0.926208750791314,-1.46867282287634,-1.25483121518257,0.659450855950028,-0.747034765950511,-1.40089547229396,-0.359550707554712,-0.538521582940681,-0.304124606639752,0.0932559475812664,-0.979710549941434,-0.6164022254746,-0.137596229067055,-0.0588650244898215,0.120722205224075,-0.588354291672078,-0.785064191053669,-1.21656702699169,-1.05350133555416,0.527203205120862,-0.802808836783202,-1.48995342291105,-0.386635192061062,-0.572688487559963,-0.330117485332865,0.0900653700920578,-1.04150803791409,-0.659633722408328,-0.151393286090716,-0.0735321368920224,0.132119766758965,-0.627786482490057,-0.829501239023862,-1.30515044221324,-1.12217557160893,0.573195109801399,-0.740149271578221,-1.39858759365027,-0.357229904497605,-0.532051100755197,-0.323586542266155,0.0639842404476404,-0.978344631675136,-0.613317195753955,-0.144961160256156,-0.0732226691572585,0.11103237492456,-0.592893729378462,-0.790474507201531,-1.20604982007523,-1.04957210474422,0.522910495807281
1.13146841769189,1.71583259641117,0.559485236650699,0.615836835224137,0.729250663065458,0.3876023156134,1.18667142964202,0.865866812472122,0.382804865567652,0.520990552834486,-0.193354492379814,0.825054343373338,0.840696094612114,1.77767904458487,1.32709583694172,-1.00977190126267,1.24178289760655,1.86995729283694,0.615393810724383,0.665132064158397,0.827640862379064,0.469334504743572,1.29266854349199,0.948614242167669,0.434150749231497,0.602399788079922,-0.20727800965124,0.908578660945959,0.913616410618447,1.94825621328683,1.44699316990963,-1.11893249172839,1.08338438308956,1.57051430618751,0.540694067775086,0.542709908145892,0.795452544789282,0.536519906763512,1.08307182525074,0.818380929602461,0.419838195780817,0.61992837674827,-0.173035613816093,0.79207285356267,0.748812453588078,1.68886629267226,1.22072987402972,-1.01477750898493,1.15256943250086,1.67839478985065,0.574413965330748,0.583681767309793,0.829997956841096,0.544701177138121,1.15782937764451,0.871591669735242,0.438330798373109,0.64140434735616,-0.187074160354806,0.840730119127314,0.801781802071516,1.79831506579086,1.30417788099277,-1.07329900293788,1.04625497359124,1.55191797744177,0.520712825661948,0.542214398934277,0.741548797690578,0.467435935632235,1.07175397476087,0.796117766701605,0.388815144600766,0.558230918295442,-0.167138895793267,0.769722917727964,0.752974558224757,1.63673564728246,1.2023365358479,-0.960974909045344
0.562883657242167,0.566622495692102,0.286305397719885,0.177597786467275,0.498370342543577,0.4883506281525,0.380444165370124,0.381333453812133,0.289259750943772,0.515884564642923,-0.119011893242702,0.348471259792326,0.165404235101811,0.840306371113066,0.472664793315012,-0.640392491924661,0.630600592191,0.601180425952866,0.322399531198688,0.180394928154179,0.589388046601056,0.603606777062838,0.401578822779674,0.421850341879005,0.342470882737313,0.621585980222189,-0.131697103625104,0.387405907198042,0.157532194904245,0.935720013819271,0.506924585578358,-0.736757013486742,0.59167244360855,0.503720463188571,0.307616499719983,0.125430410499408,0.65443228213962,0.733642022013026,0.332401132392405,0.387475570122724,0.374952886941961,0.702389331219225,-0.107691264868414,0.370967573839141,0.103472111177576,0.866200567600529,0.433121022917174,-0.735458968178213,0.621880568300553,0.548551038687169,0.322432232453414,0.142156212117262,0.671215264754803,0.740457115119637,0.363377648906945,0.410335094429707,0.384091783416603,0.714358937293495,-0.113824277687268,0.391897743781333,0.124673183791624,0.913618634789956,0.468044923602358,-0.762234559562218,0.552733333073289,0.476095166487548,0.285278229565314,0.129092793101603,0.567665475945383,0.620419595203835,0.314705706207447,0.361766270247127,0.329868047717135,0.614486483178343,-0.111814495957305,0.336189687762434,0.0965537532886628,0.811446302214399,0.409958442527386,-0.675860880548126
0.21198971839447,0.218657140127356,0.0961644590145331,0.12527124330779,-0.0586947060866844,-0.173220518134403,0.147952230738606,0.137633128603809,-0.0027270631612223,-0.0284823315993698,-0.11356121760637,0.0637683584335393,0.0373837464254545,0.325611787603135,0.191724489331966,-0.18796652840219,0.221760615692687,0.216258305440978,0.0993469649947496,0.133213354408567,-0.0893175976211954,-0.217115270342172,0.14575970210657,0.140873302548055,-0.0137854547201235,-0.0488649354724531,-0.129375088160745,0.0545018710289368,0.0240187396886733,0.339859535850684,0.193831892421003,-0.195606011282009,0.166039210029038,0.1862094989674,0.0713535127909851,0.122102027522882,-0.128248121523658,-0.259530158456888,0.127070355714591,0.108250109063036,-0.0411600827651026,-0.102926356723949,-0.109083716252006,0.0320178376508307,0.0333395832654577,0.25989736732208,0.163104099555341,-0.12440261571822,0.183150620645251,0.212830161889948,0.0796115238990881,0.132614620532853,-0.121445110877817,-0.259996061952747,0.145521211759095,0.121350096033476,-0.0373624617718695,-0.0991424610585176,-0.113062580855011,0.0435410610996544,0.0461720693901845,0.287018207201162,0.183777701144905,-0.138538272485149,0.169348948372021,0.149221877740266,0.0737860010193625,0.10685961593831,-0.114127882419731,-0.226471165898194,0.0998427789974903,0.103327092437291,-0.0291147465743208,-0.0708533381341913,-0.115218471124802,0.0231482943440057,-0.00216178586687154,0.258917222311672,0.139865189704568,-0.145930936099819
0.0257102681189392,0.189217615563601,-0.00348831217103792,0.139920367434093,-0.309152888625035,-0.513260917001616,0.13770949319966,0.0383513406405675,-0.157773695247591,-0.350306421702975,-0.0646790174752783,-0.0204640178832811,0.120600237824147,0.0721605291459254,0.139064459062947,0.102261600890762,0.00531054149885137,0.197862227815594,-0.0172682285391994,0.159193220054993,-0.395922514224079,-0.640209777792048,0.145450664151577,0.0280052193361595,-0.203042294124182,-0.444208778009126,-0.0736181549825605,-0.0422398450060559,0.133661115139306,0.0480626805067981,0.143317637726192,0.150920578140798,-0.0612844765831289,0.172031911944974,-0.0536754214118753,0.163431870701773,-0.503782646015207,-0.782860828689415,0.130680126769538,-0.0108454497280055,-0.264709850454815,-0.568415611873254,-0.0646052735468313,-0.0828461101811355,0.146831434857591,-0.044022905366667,0.115565670289636,0.25262426724435,-0.0515994317958979,0.189110450078083,-0.0491237681448198,0.170608003656295,-0.502290821608267,-0.787226803728291,0.142599177574963,-0.00312428802529051,-0.263887366999571,-0.569332290683358,-0.0670967160846012,-0.0762857737401802,0.15569596615956,-0.0283156486847253,0.128640638375075,0.245883715014586,-0.0330311527648387,0.153110975517488,-0.0365488914698784,0.144088449820355,-0.425892588243039,-0.665594227841532,0.115030580407815,0.00100037955484905,-0.220144566716246,-0.47288738268177,-0.0656977644564656,-0.0670050107301627,0.117101322492203,-0.0101574975741776,0.107053990643789,0.191358838282086
0.0296867416808835,0.320148507138483,0.02018171042554,0.0756597115610246,0.16756449139077,0.128335710927675,0.231434162556644,0.0779601380904571,0.0407009037455663,0.0164863413580757,0.0957516807444777,0.159382465798812,0.298175039520271,0.0793655569787883,0.202891159346101,0.0480038068149693,0.0379631935636968,0.383046775087177,0.0254206999506126,0.0903738841506956,0.203017167846509,0.157057853600877,0.276758120212505,0.0944862771294632,0.0504426537667874,0.0234558763359735,0.113625997846632,0.191453965176377,0.355210716440671,0.0982562129563152,0.243230300546737,0.0536358884025643,0.041617443454537,0.317133000458593,0.027136909413543,0.0703984668574958,0.195167129977949,0.168494744907828,0.22847410764871,0.08373598904694,0.0564833619516459,0.0497489173141099,0.0948527980493047,0.166319596899784,0.289647297404383,0.0945301416186331,0.202671478604353,0.025136436830622,0.0410109896360479,0.317506843026699,0.0268838334876131,0.0702462916189091,0.195917448261295,0.169481882338443,0.228778262747785,0.0835441330264792,0.0566220018979646,0.0498793007878542,0.0955561665689146,0.166649640561165,0.290548548442742,0.0937160286779425,0.202731673993373,0.025935780091999,0.0401764265205501,0.364990762841429,0.0263782766166244,0.0855300040717499,0.199063672213023,0.157519828542613,0.263469939419177,0.0920549880021704,0.051585354549537,0.0297738270678422,0.107150978819064,0.184084473696816,0.336113577915887,0.0989758225471113,0.232485793443463,0.0445803010490066
0.015184008712127,-1.0012811829077,-0.0139589178848109,-0.208483150195226,-0.563620386276572,-0.464723665049188,-0.729717969731979,-0.194633876802884,-0.118367117200294,-0.0220914149530492,-0.383862779510257,-0.507566468179772,-1.01922216165991,-0.0972646368925108,-0.607045159434887,-0.286583134672087,-0.00469461664251514,-1.21970813095409,-0.0281270055275996,-0.257233757973273,-0.690148066026523,-0.569903653585567,-0.887597690995031,-0.247993252904272,-0.151539708611661,-0.0440251852784024,-0.45290589404726,-0.619733654143133,-1.22442025809986,-0.150475966470694,-0.744867221386557,-0.31730164667352,-0.0393367856406117,-1.00693166605541,-0.0446930865426897,-0.195639587895252,-0.669780585567562,-0.612660873914459,-0.730440048640272,-0.224069474612074,-0.178935048882237,-0.147059154145739,-0.378238641133581,-0.540426882368211,-0.996063017864497,-0.169915446380821,-0.619194418121692,-0.193675253224164,-0.0289099661846262,-0.995521315957312,-0.0397792369985448,-0.190167426098752,-0.668695477031324,-0.615681345224104,-0.722697900812458,-0.217066103186427,-0.177366406805902,-0.145218292719678,-0.382557984412517,-0.535944410822963,-0.993128054992178,-0.153945721843645,-0.609516303324116,-0.203494871922715,-0.0365962102691657,-1.18946776196493,-0.043183181781317,-0.253440637909147,-0.686379221108125,-0.573144540610487,-0.863759300747693,-0.257131577443704,-0.161717731180217,-0.0740779341435084,-0.423771369378061,-0.608725020359561,-1.17141374273385,-0.190628658061613,-0.733496315103353,-0.263785728936962
-0.52970853984828,0.255493683103018,-0.195502340664911,-0.279482274846564,1.18821448444724,1.65537476242974,0.212015017130615,-0.165710612586228,0.370438712767331,0.623826357839488,0.750279728590108,0.413376502328141,0.785089426896908,-0.739053765076437,-0.0148821843012124,0.560260574982183,-0.499746338096786,0.47342914350208,-0.166846603835673,-0.27641758748362,1.52064993511979,2.05706960919459,0.368276897744998,-0.101931762984814,0.498913988348116,0.836140260038433,0.870771921061475,0.583481331723235,1.00712541453073,-0.678981245727913,0.116365787743037,0.534499146935162,-0.237058777418185,0.360331734121262,-0.0312172490972946,-0.321722577955917,1.75215899967202,2.41499580868658,0.270289930830667,0.00594871236798501,0.683092728158643,1.25417143916654,0.734328289243715,0.614097467117328,0.729972152212367,-0.338651408834055,0.0977882367126583,0.0913129833443392,-0.300998769714456,0.262748009827546,-0.0617650226563189,-0.361919756421339,1.73351940896946,2.42585714502977,0.202700858259867,-0.0424597672312561,0.671707891013286,1.24520304039335,0.751522195838952,0.57360536239494,0.684615232245853,-0.439965652498548,0.0214488927891793,0.14344777256647,-0.290630440516275,0.660869137604761,-0.0644888245214636,-0.198176588138009,1.61825785900168,2.12029441021207,0.493077348483136,0.0329848408092906,0.569982054074955,0.960416978043868,0.796811963153443,0.680270666147083,1.03633038468391,-0.366978013776744,0.281038477620824,0.305948268408506
