0.103984764709444,0.104470233084826,0.0486964401876871,0.0364130034517001,0.117586972535708,0.119959261140204,0.0716176303497439,0.0606625096950016,0.0493861827825284,0.105581352645204,-0.0162199824456188,0.0652287154859942,0.0406292166452536,0.160250390397912,0.0805937260438372,-0.113649757248232,0.119436295818467,0.115236784894903,0.0547705420715116,0.0491655107685277,0.133853158398041,0.138605021523438,0.08026515923804,0.0623584310172178,0.0548542428142253,0.120991792802065,-0.0309982905691544,0.0710469487647408,0.0463702280803089,0.193462024707326,0.0858463050150046,-0.13422254942064,0.121325463058451,0.117409687216113,0.0557223927874582,0.0494027706712426,0.136059174020693,0.140736991481871,0.0816815480448001,0.0638834506904762,0.0558595709567307,0.122926051464098,-0.0305782138836175,0.0724559077824396,0.0471254893575846,0.195830218953928,0.0876990447359448,-0.136074344646523,0.11727598802251,0.11521614812465,0.0542839311862333,0.045091262734005,0.131955507338361,0.135742047760756,0.0796785776219821,0.0644052602551069,0.0546734910085514,0.118924095847534,-0.0250721259376887,0.0714426493877345,0.0456600246661477,0.185885184555789,0.087210178458325,-0.13019614069061,0.11058978594635,0.114513809075999,0.0526219162899757,0.0334667309418595,0.125920298406653,0.126991201957106,0.0775954147335084,0.069758048154443,0.0538630224240457,0.11248717027162,-0.00839047444813924,0.0721473597983885,0.0434221676811576,0.163696208584538,0.0905290586871251,-0.118228902389366,0.195507676308836,0.390554155826142,0.138973294960864,-0.231148006826747,0.270320366930372,0.192057869098592,0.216043478662415,0.412703248708185,0.169184745768919,0.209868101286015,0.474235597993679,0.280749998951156,0.0884791578116586,-0.0822835916230777,0.425895851993245,-0.0632937455562362
-0.318669189694042,-0.320877758280837,-0.149409986144847,-0.110477962310163,-0.360537007174007,-0.367499917615997,-0.219779857432708,-0.187013730776723,-0.151631113915499,-0.323604228561671,0.0478333080566081,-0.200485398460821,-0.124556201964645,-0.489675240881617,-0.248004297765539,0.347729913244219,-0.370279984412105,-0.370749812304855,-0.173095975589984,-0.131606138518586,-0.418396878092956,-0.42738079912714,-0.254495869141125,-0.214076887667923,-0.175364584444788,-0.375891628254483,0.0610308175821282,-0.231248053219943,-0.144598428094975,-0.57312395414194,-0.285207531750289,0.405671306016481,-0.375823385932813,-0.376452786498063,-0.175724624331607,-0.133340976454868,-0.424699318482508,-0.43375273761018,-0.258369837847492,-0.217516458334943,-0.178049915588084,-0.381527965700699,0.0615479113052792,-0.234834263715066,-0.146772687184562,-0.581402705419406,-0.289692908980184,0.411626381007408,-0.361735169478341,-0.363093162255821,-0.169321082123969,-0.127181658056745,-0.40896970368532,-0.417363228143443,-0.248999872740949,-0.210519713455791,-0.171671238839215,-0.367269915565894,0.0572850877957545,-0.226643811923503,-0.141317569859003,-0.558121879066496,-0.279896458846276,0.395613363114091,-0.335860305982215,-0.339689781365075,-0.157836944552166,-0.114120174534325,-0.380367643458906,-0.387066259854667,-0.23226584925509,-0.199412739681721,-0.160401569739078,-0.341149440114537,0.0465092941373231,-0.212523993436643,-0.131369107988788,-0.513124291272251,-0.263505707420567,0.365325416937774,-0.425366279916429,-0.513867951343421,-0.220331679126564,-0.0154317903028706,-0.502951401090656,-0.47579018348695,-0.329235329601551,-0.381242396438738,-0.23603899831273,-0.436959338357243,-0.158583498385679,-0.337290170808259,-0.171588145998719,-0.484587429501603,-0.451953285355498,0.397883045978651
-0.545273729326904,-0.549236357675232,-0.25569973402305,-0.188755169701471,-0.616960159674774,-0.628796156437797,-0.376141496500641,-0.32028091015334,-0.259527636861466,-0.553728796573627,0.0813701787592137,-0.343199353536521,-0.213139109979667,-0.837518905552527,-0.424618696740474,0.594857240779016,-0.634669176799314,-0.638869997314027,-0.297520184346604,-0.220335846381061,-0.718003950327221,-0.731955741698604,-0.437635882942914,-0.372156702083749,-0.301914372223836,-0.64448634407019,0.0957802690907398,-0.39913040272181,-0.248056790404348,-0.975639774723979,-0.493651715391244,0.69270044785127,-0.644091803940562,-0.648384879512494,-0.301944622914029,-0.223560940481456,-0.72867138906368,-0.742817580519275,-0.444145782224103,-0.377727910970863,-0.306408500677473,-0.654056470649445,0.0971245675023823,-0.405080440795036,-0.251741431194998,-0.990065574594175,-0.501022963969602,0.702961484938584,-0.6195581309358,-0.623835078374254,-0.290479451866906,-0.214817949385948,-0.700953435664885,-0.714497986449952,-0.427289916708812,-0.363566877520298,-0.294795252536673,-0.62915186418466,0.0930418412044884,-0.389770836115494,-0.242161694837308,-0.952062410780288,-0.482147144990096,0.676071265324219,-0.573912588975357,-0.578378091639077,-0.269201583347085,-0.198214074346727,-0.649438890724811,-0.661770941285762,-0.396020769647573,-0.337556131287371,-0.273274435725257,-0.582828978662979,0.0848775785406628,-0.361464920267064,-0.224351955289052,-0.880924681754472,-0.447337080071851,0.625871997579075,-0.683589417178063,-0.705348734472498,-0.32466251462308,-0.210720684346611,-0.777718887533008,-0.785402164399674,-0.478594509847632,-0.427355733844446,-0.331962373053427,-0.695171677415738,0.0583542062634321,-0.443931920289138,-0.268250290963302,-1.01678878699285,-0.556059947179425,0.732742879257644
-0.0623770688291081,-0.0632105361075084,-0.0293438486442807,-0.021006107700558,-0.0706741214406941,-0.0718661203207097,-0.0431884206603727,-0.0372236395444774,-0.0298383665170908,-0.0633665364539032,0.0083200314013081,-0.0395702081820073,-0.0244059110735494,-0.0950575756305959,-0.0491119043455008,0.0677547283238751,-0.0748494332878318,-0.0823652972300021,-0.0368026269542596,-0.0151504341101402,-0.0864580879922651,-0.0851119895485384,-0.054555737002637,-0.0546901296818696,-0.0383664908722214,-0.0764179763718197,-0.00695676735585532,-0.0527889814210632,-0.0296916740943627,-0.101190299157295,-0.0681405117596762,0.0762549425834516,-0.0757975521675632,-0.0829495378475256,-0.0371566775705384,-0.0160508543567543,-0.0874368163139933,-0.0862692872456141,-0.0550543240211038,-0.0546766556995259,-0.0386719745020973,-0.0773591035464946,-0.00585131385618534,-0.0530837667944245,-0.0300391892310465,-0.103379155839703,-0.0683548334736774,0.0775764926739301,-0.0721058652886838,-0.076640584365462,-0.0347928005587011,-0.018770789592805,-0.0826027716957213,-0.0824589266264443,-0.0514216710141769,-0.0485232106318216,-0.0358963567539075,-0.0734586088053743,0.000332709047369182,-0.0486504415448276,-0.0284348437352468,-0.102827192885838,-0.0618189846462606,0.0755557909920263,-0.064044410746266,-0.0602326617965204,-0.0289881950811528,-0.0287710331157973,-0.0713794207662125,-0.0745921589295405,-0.0423859891451719,-0.031038325978286,-0.0288007463464707,-0.0647872359706134,0.0206775288921337,-0.036826538989111,-0.0247676097046226,-0.106820747297204,-0.0438281500217513,0.0731814888903239,0.0134531035085652,0.279534584313811,0.0712740789559446,-0.405840583496926,0.0826835837579872,-0.0303633359311492,0.120794638761896,0.417081641392337,0.110984615399326,0.0292241759470744,0.689528196085793,0.225094585836169,0.021822989252741,-0.50488097639999,0.386388059056017,0.19136777098767
0.240581630283832,0.242636935305733,0.112892909659462,0.0828074442447859,0.272288435861889,0.277379834135698,0.166087047971939,0.141784158187747,0.114627545279517,0.244330071328443,-0.0351035187660783,0.151673859399786,0.0940587723334076,0.368917404259102,0.187780911598486,-0.262220725698344,0.281837379963512,0.289371201708299,0.133504186788894,0.0890963915070356,0.320281506788172,0.32406171526041,0.196717332563464,0.173983536372067,0.136299769096927,0.286528537830793,-0.0277958384398243,0.181858264827238,0.11050751840128,0.422052258339544,0.227226827226096,-0.30321631482725,0.285889967379497,0.293162173754555,0.135333508475028,0.0909484672981277,0.324793059032242,0.328785262087349,0.199390863752886,0.175916164543521,0.138114188589818,0.290626935024366,-0.0291573472955096,0.184171938165133,0.11207348603187,0.428851976673321,0.22997132050095,-0.307862891720763,0.274350736052668,0.279504112889375,0.1294252878024,0.0900945878334285,0.311220647324836,0.315829500156101,0.190577687558139,0.166007767240344,0.131821868498861,0.278789710922085,-0.0327261274211282,0.175251702990495,0.107436248382232,0.415148975076746,0.218109421876689,-0.296850750561231,0.251918476008892,0.250398620918392,0.117315850180032,0.0923766344523845,0.284188053141681,0.291084061022936,0.172374010133844,0.142816516384554,0.118585310423559,0.255628707471268,-0.046304617825964,0.155830510923072,0.0982623937670799,0.393557123471101,0.191440034677353,-0.277421785808385,0.227606908898247,0.020361165893227,0.0557106951830742,0.40118869979063,0.204546544641986,0.298501885565232,0.0694263016997777,-0.187672902329911,0.0261946148477524,0.218913663868191,-0.577087686913111,-0.026878348758339,0.0759586119681197,0.762350302958631,-0.11799238753356,-0.410128126525782
0.471102357692661,0.474150442210116,0.220826217267398,0.16365912279622,0.532942329393856,0.543328338799489,0.324819056544654,0.276136706527138,0.224077494864318,0.478385344922299,-0.0712780541293852,0.296209498359109,0.18412327610289,0.724336588054599,0.366328816096012,-0.514232124625546,0.546119196421958,0.542799071499836,0.254315923370029,0.200296931960963,0.616068086061061,0.631028324050783,0.37366882760237,0.309564544583126,0.257064139989862,0.554160906743468,-0.100446880099945,0.337795145645381,0.213015667326356,0.853219291119949,0.414975767215592,-0.601425931310116,0.554388310146437,0.55151775756069,0.258288756037458,0.20255832728452,0.6255231134966,0.640496883473621,0.379536329401581,0.315020786612882,0.261153032742821,0.562581030199767,-0.100668251621294,0.343316993649931,0.21627219178133,0.865150770691026,0.421965585044455,-0.610145272761109,0.534066196223783,0.533765240753851,0.249422623376913,0.191329872039,0.603218465739723,0.616593245689846,0.366656928124802,0.307264224837301,0.25254895277266,0.542102785362765,-0.0905709094683921,0.332739160234216,0.208497811416965,0.828567858865187,0.409980536280369,-0.585870260850544,0.497434798567537,0.505562755215919,0.234368504836396,0.165229990491331,0.563976541270082,0.572851082759743,0.345033258690747,0.299124062515086,0.238532743325443,0.505412121387887,-0.0624978755951495,0.316764717415634,0.194720658337589,0.755123208781131,0.393743439591686,-0.539172178323403,0.681138904415505,0.965234327119425,0.387592215417067,-0.195023250917187,0.841487395948709,0.737325243527317,0.58689668983846,0.829512014948452,0.43395033555287,0.708033257740818,0.624110074800798,0.656060406113322,0.283630752230642,0.494652431730252,0.924933494996171,-0.526837148205838
-0.408813523228116,-0.411880257409052,-0.191731714459984,-0.141369460580324,-0.462584003343341,-0.471417104827194,-0.282048485365009,-0.240274772837651,-0.194615913930912,-0.415158230080452,0.060757422937923,-0.257388299274578,-0.159804880911024,-0.627732147045178,-0.318489003150846,0.445914058675733,-0.4764027904217,-0.481325084729712,-0.223760152809606,-0.162660896968916,-0.539405191828568,-0.549124044914134,-0.329245026756445,-0.282074014324759,-0.227322051261044,-0.483875371261268,0.0672963839080863,-0.301040685253853,-0.186309452980464,-0.728850791175173,-0.373050760013101,0.518592525918084,-0.483434605883975,-0.488331717391343,-0.227039008183346,-0.165212803119452,-0.547342122784153,-0.557246117944559,-0.334063741131963,-0.286086983204979,-0.230638909060746,-0.491011759391555,0.0685440622747536,-0.305404433330135,-0.189053330744002,-0.739802108988956,-0.378418803649578,0.526322861049694,-0.464817691688133,-0.469043671997008,-0.21817794800534,-0.159595230777633,-0.526141761717076,-0.535869975512279,-0.320996743523049,-0.274327534188297,-0.221567346716702,-0.472074818132312,0.0671590293081655,-0.293250402218129,-0.181742895676873,-0.712266000494069,-0.363164039503324,0.506428137006025,-0.429879826538052,-0.43213857890276,-0.201375772223972,-0.15014514187948,-0.486176107344732,-0.495876011119966,-0.296177539053375,-0.251170138587297,-0.204264715975817,-0.436494957871904,0.0663998250657271,-0.269864851908491,-0.167979522852574,-0.661988099319691,-0.333535599037878,0.469640486193803,-0.489419436636139,-0.438058283100151,-0.216094056878783,-0.254176092937586,-0.539833878491317,-0.573858656803529,-0.314587539406364,-0.202989768272404,-0.211350286846325,-0.49379522639671,0.215817107422533,-0.263317069190589,-0.187886465706147,-0.860238505283789,-0.303508706158312,0.576466052956391
0.0863467179923509,0.0872266278138839,0.0405529326153318,0.0295007422951091,0.0977626278075017,0.0995293604304199,0.0596696383201077,0.0511063188714204,0.0411966936292122,0.0877003867599851,-0.0122291177287148,0.05455283952782,0.0337673223105023,0.132126425526423,0.0675971393605135,-0.094002977324054,0.101994090187003,0.107330440567927,0.0489512776227709,0.0282151171296493,0.116568591748403,0.116824484669968,0.0722842311803773,0.0669779087676439,0.0503516991867793,0.103844477696425,-0.00327341142197195,0.0679382923488654,0.0401540866296371,0.147579584796647,0.0859196789113719,-0.107709123237104,0.103400033182306,0.108502386543605,0.04955092981425,0.0290787071399066,0.118097431828272,0.118487905619641,0.0731516932443453,0.0674280360980505,0.0509248475856097,0.10525793261982,-0.0041181548287553,0.0686243060617764,0.040688439441752,0.150221589020736,0.0866693775797786,-0.109432093755747,0.0989273174066104,0.102290593527639,0.0470366788184617,0.0301641911640127,0.112603853432428,0.11362443190939,0.069350832713206,0.0621755390816715,0.0481250174013488,0.10061601243274,-0.00788764923255719,0.0644192483945255,0.038833845284263,0.146723609699312,0.0807744782554962,-0.105874655694801,0.0898136307055227,0.0876507615509862,0.0414293610562433,0.0354357300285714,0.100907196587194,0.104056485299719,0.0607749325417348,0.0484230429317544,0.0416405107649844,0.0910415533750851,-0.0207229581995017,0.0542362674317137,0.034931424275656,0.143513328213157,0.0659609808103087,-0.100161752724622,0.0473962241336173,-0.127477018352942,-0.0205702771992661,0.286823647740899,0.00918664075142954,0.0848778623380807,-0.0407655619388663,-0.241709042838056,-0.0463347858753678,0.0378793259879398,-0.462624409313635,-0.112872307575063,0.007614613915603,0.419002907123084,-0.210724511321231,-0.187438444309903
-0.536569110656805,-0.541205448348761,-0.251797806251089,-0.184604551539657,-0.60729807423429,-0.618631092930705,-0.370445839879141,-0.316301746996846,-0.255674366679782,-0.544932322564504,0.0781551491637895,-0.3383208157794,-0.209782503830959,-0.822692816011673,-0.418881734250296,0.584790190967682,-0.628891310817944,-0.646663563995948,-0.298135742716957,-0.197325900482906,-0.714919266823473,-0.722944793978254,-0.439357651552538,-0.389705309577054,-0.304516976676954,-0.639415394971835,0.059524272251646,-0.406581051465346,-0.24664609974408,-0.93986709641709,-0.50839203761687,0.67585154845162,-0.637911907680097,-0.655049077732939,-0.302194718197527,-0.201529830861005,-0.72494808611059,-0.733467969487531,-0.445286508121961,-0.393925959499309,-0.308534923826929,-0.648534872393082,0.0626919998442647,-0.411688056712642,-0.250128479385383,-0.955106733412158,-0.514426405147571,0.686235166406097,-0.61205397948871,-0.624105079539651,-0.288872591739131,-0.200138110530438,-0.694448323890253,-0.704494085595117,-0.42539559076545,-0.371202481597142,-0.29430173089441,-0.621989402056468,0.0715680685082632,-0.39142364320171,-0.239715976126938,-0.925068005006325,-0.487367663945587,0.661820246846093,-0.561631952052466,-0.557646501249781,-0.261400410545793,-0.206867714268839,-0.633422942974137,-0.649051450168737,-0.384043654631022,-0.317479430906199,-0.264141643272961,-0.569868681040193,0.104784713187914,-0.346925308070116,-0.2190309103548,-0.878583603376936,-0.425956325286309,0.618952036631113,-0.495000412069762,0.00423285365688684,-0.109310404030911,-0.947379951257198,-0.432543865916087,-0.657550898850946,-0.130648803233279,0.482784549477103,-0.0378928930413338,-0.473255774442396,1.38118604519832,0.0979670836022179,-0.162173813509661,-1.75381973888046,0.325175165983904,0.929529948143865
-0.206235360952655,-0.208411797943447,-0.0968771788631292,-0.0703457762652738,-0.233520736836407,-0.237708622641098,-0.142549687098352,-0.122180294592383,-0.0984259163632417,-0.209472916738845,0.0290142109951289,-0.130358000988933,-0.080656431986805,-0.315430375808222,-0.16155854142978,0.22446404943991,-0.244050391052081,-0.258180497257378,-0.117462606817904,-0.0654118511577596,-0.27926938506768,-0.279301597982397,-0.173531698234272,-0.162358278847127,-0.12101628173583,-0.248557629854941,0.00429320504373147,-0.163670763225496,-0.0961650569154831,-0.350437073385209,-0.207511678601201,0.256670698409886,-0.247382883100141,-0.260880413821337,-0.118864920922678,-0.0675790877651728,-0.282873412088789,-0.283257829610735,-0.175555160164112,-0.163305318955241,-0.122344166429586,-0.251903367454019,0.00649811557618004,-0.165233341380822,-0.0974267743645705,-0.356853376085114,-0.209178537201097,0.260815009655173,-0.236525812599861,-0.245354948826621,-0.112652660239985,-0.0709037907783217,-0.269424936955976,-0.271529325071379,-0.166141562622708,-0.14986782312885,-0.11537212003376,-0.240609419029016,0.016810241332239,-0.154661964590269,-0.0928970976766648,-0.349245504311012,-0.194237577143554,0.25252592045713,-0.21419933222913,-0.208182779571634,-0.0985965507586164,-0.0858363451913269,-0.240439042600678,-0.248315594103487,-0.144584207053293,-0.114165313645083,-0.0989722977278982,-0.217077627414951,0.0516542315105607,-0.128650769823086,-0.0832555956325328,-0.343965209140057,-0.156099435695682,0.239543741230989,-0.0951675817058669,0.375361092580375,0.0704658475873057,-0.760186749652712,0.0118371123330671,-0.191021415297746,0.131911755084422,0.669008832358544,0.139982154405915,-0.0690725857571479,1.23933564400328,0.32388026389527,-0.00785387106860489,-1.07723510240358,0.591860854326501,0.468852134807061
-0.459165658679749,-0.462446697674402,-0.21530672763095,-0.159033643914211,-0.519517414290728,-0.529508090847106,-0.316718901517113,-0.269617188051186,-0.218521824692803,-0.466282259726862,0.0686655660735121,-0.288956827565017,-0.179477313826448,-0.705370607786635,-0.357485231219757,0.500962326362665,-0.534114246117126,-0.536618623058887,-0.250130261167179,-0.187017522747384,-0.603984264473927,-0.616164849487349,-0.367866070860607,-0.311607531688504,-0.253674707135821,-0.542315697361925,0.0832853542150893,-0.335053886623809,-0.208691276266456,-0.823099430330803,-0.413982205097615,0.583749800616553,-0.542067937323058,-0.544704982105758,-0.253878337417476,-0.189655276457798,-0.613002605660587,-0.625323936092857,-0.373384085405364,-0.316394514018209,-0.257489770243411,-0.550397099648557,0.0842776217902416,-0.340120973339573,-0.211804914148357,-0.835168060565844,-0.420281757348189,0.592368751443903,-0.521538524929521,-0.524546036050734,-0.244378234074217,-0.181746695798406,-0.589906019675431,-0.601560295156531,-0.359440325206558,-0.305135445276467,-0.247922946202355,-0.529579760934428,0.0798629872644381,-0.327622837159484,-0.203812644946792,-0.802608926488885,-0.40502940231856,0.569569979775834,-0.483518190752587,-0.487913240664058,-0.226955429533718,-0.166017515762799,-0.547309203805045,-0.557429206771642,-0.333910654399932,-0.285362791359078,-0.230481048758821,-0.49106722962369,0.0698634336085093,-0.305047649782054,-0.189054698611365,-0.740923691567197,-0.377773476878517,0.526803438980963,-0.589097209205765,-0.646857175358366,-0.289312229319168,-0.121390445407785,-0.680108973711804,-0.670108223171412,-0.428793030940799,-0.428291711177285,-0.301413017677286,-0.60136080761211,-0.0511307690640496,-0.414337368089661,-0.233599478786334,-0.799163729983363,-0.534326242098477,0.601238346242487
-0.84602120446431,-0.852458139795044,-0.396802258210669,-0.292418123004666,-0.957319740560459,-0.975560897876459,-0.583724586927292,-0.497377009560542,-0.402784453624373,-0.859156583145358,0.12549954854725,-0.532727191743687,-0.330714649496983,-1.29888470395138,-0.659226527266122,0.922729014279179,-0.986428611581536,-0.998289278165674,-0.463720170421194,-0.334226594137371,-1.11730315744003,-1.13671574596125,-0.682426743596054,-0.586622970030646,-0.471343890929527,-1.00199879765835,0.135003912997769,-0.624686921631924,-0.385871967485209,-1.50584454974298,-0.77478860851632,1.07249306248127,-1.00094975102981,-1.01266919897833,-0.470469421892147,-0.339634126710649,-1.13367078946804,-1.15350372340248,-0.692340287202601,-0.594772757731889,-0.478158332011301,-1.01673066635284,0.137812397543268,-0.633625675090877,-0.391532691042356,-1.52863598187212,-0.785747868963422,1.08852579885159,-0.962212247466228,-0.971920424816918,-0.451881437230485,-0.328894089011638,-1.08940179602846,-1.10913094395142,-0.66489312253388,-0.569358269240351,-0.459040771275803,-0.977291288824042,0.136528896537671,-0.60783522295677,-0.376283074850277,-1.47255444909339,-0.753137332130664,1.04760572351478,-0.889234117924879,-0.892879854294662,-0.416308007168818,-0.312169329765541,-1.0054262141597,-1.02592855336432,-0.612231900988149,-0.517982271349034,-0.422131064074229,-0.90285787560657,0.140021491682509,-0.557396700499291,-0.347412530931358,-1.37139352010635,-0.688488939478344,0.972276889329027,-0.991020772293186,-0.820819119603822,-0.421397503622535,-0.616847894868684,-1.0763138608489,-1.17341934838877,-0.609250397509596,-0.309190952703372,-0.401931801360825,-0.996007910112996,0.609123011994777,-0.479271708212084,-0.376326797355917,-1.87269203512208,-0.521010856799576,1.21856317927331
-0.638987238303676,-0.643276508301926,-0.299559027653981,-0.221742536144168,-0.722904176306965,-0.736925379912549,-0.4406385006438,-0.374780822512638,-0.30399202894811,-0.648874700918726,0.0962762702437724,-0.401894702101584,-0.249748208232092,-0.982159386416472,-0.497094956279698,0.697366956115951,-0.741652950319576,-0.740017216641762,-0.346073523984927,-0.267577534680026,-0.837375216361086,-0.856467573045984,-0.508662631145582,-0.424821662868351,-0.350233648403586,-0.752742037430984,0.128941190514785,-0.461080074446506,-0.289463206458157,-1.15303096678288,-0.567615201806254,0.814536159606316,-0.752815992959216,-0.751637426582832,-0.351400149093399,-0.270861445337833,-0.850101226035133,-0.869275657034091,-0.516520794061642,-0.431957061134516,-0.355694648246356,-0.764100177223474,0.129629349806021,-0.468412440221675,-0.29385008646216,-1.16943395413321,-0.576839607844567,0.826422992426256,-0.724890989044597,-0.726131698617127,-0.338945509887218,-0.257147850966155,-0.819170033653118,-0.836620952491239,-0.498356898402401,-0.419588490316503,-0.343434528526761,-0.735895588830909,0.11864461478867,-0.452971863173509,-0.283097932872019,-1.12136114637661,-0.558799632553075,0.793927380395228,-0.67404791409215,-0.683310525642612,-0.317152806665304,-0.226597124524493,-0.763771005471225,-0.776542623121027,-0.466802369696836,-0.402633476303217,-0.322534728116013,-0.684755108909291,0.0892404735881802,-0.427805115013751,-0.263746738727893,-1.02668804819708,-0.531066277634113,0.731960591449416,-0.886516212051293,-1.16238496922281,-0.481527629215938,0.108928826389403,-1.07140030055575,-0.975837641731657,-0.72449555850768,-0.935194150022407,-0.527879935106024,-0.916026504798545,-0.568192910887802,-0.777410744045308,-0.36330431002461,-0.829307540090801,-1.07113007363391,0.758419048723531
0.278168117939147,0.279646314262535,0.130310981165596,0.0971308237791987,0.314600718143291,0.320870293905295,0.191658539035438,0.162553567129242,0.132182840532517,0.2824496308565,-0.0429230815613602,0.174638592978527,0.108697801359287,0.428328748685595,0.215848817183041,-0.30388372709336,0.320562887196848,0.312651204610382,0.147822823346697,0.126773505805923,0.360109362838534,0.371431606792075,0.216837457806567,0.172536249282335,0.148547866983542,0.324934357950841,-0.0744635014735356,0.19342378584291,0.12466531427932,0.512607193909707,0.235156682447323,-0.357646121199113,0.325555278063711,0.318225788587323,0.150297283393441,0.127659184760013,0.365896557346602,0.377094548799292,0.220510191159841,0.176308473210366,0.151138683515177,0.330036102148597,-0.0737891796307498,0.197010645307891,0.126650760228853,0.519196667278445,0.239815917443962,-0.362669595599779,0.314304588580356,0.310704774243087,0.145952331553114,0.11788231930236,0.354133454215453,0.363463132251469,0.21434717976508,0.175563458218778,0.147282432372539,0.318833962095872,-0.0622008389988616,0.193033554059634,0.122490399516317,0.494385218963838,0.236441375908602,-0.34744331619797,0.295077358298148,0.303533149346193,0.139914605979586,0.0924052231179002,0.335471564375113,0.339187303904475,0.206196751695923,0.183030692604538,0.142926123804989,0.300022130519509,-0.0276247300149227,0.190864128825038,0.115734246610655,0.44075677961675,0.238704164440718,-0.317020579337781,0.479717360810648,0.874652998017742,0.320567717200091,-0.438069347855021,0.642069039985548,0.485680611177616,0.495035550631122,0.883966104560295,0.382238586825136,0.510059257427269,0.946148973145007,0.620748761408156,0.211892003697401,-0.0366191486482779,0.926799313812175,-0.220103434680752
-0.158178213813658,-0.158787700308149,-0.0740439220030952,-0.0555893425173262,-0.178836729824553,-0.182500342562877,-0.108888310250246,-0.092079383585529,-0.0750739235053595,-0.160599343810053,0.0250086741384391,-0.0991187267899306,-0.0617957987944649,-0.244022507568261,-0.122414229876867,0.172980207168462,-0.180920519984865,-0.172145204978576,-0.0823760946701506,-0.0782007608801889,-0.202146738739138,-0.210373412575505,-0.120572545034018,-0.0907461913832797,-0.0821433451691498,-0.183135528103416,0.0532318754410722,-0.105654965075076,-0.0700906766900936,-0.297823324679157,-0.126627236198006,0.205188508028365,-0.183838298690309,-0.175621641008589,-0.0838756235218092,-0.0783813349499066,-0.205584429019356,-0.213645422267802,-0.122810619983256,-0.0932868239467953,-0.0837434065045886,-0.186129996067992,0.0522699560869562,-0.107929158753633,-0.0712646618718344,-0.301242989673079,-0.129658962112389,0.207955271889189,-0.17797870630359,-0.173472678662862,-0.0820445427453928,-0.0705605407498379,-0.199906416242738,-0.206240927768397,-0.120342092494129,-0.0956188432710048,-0.0824302008285603,-0.180399141385215,0.0416374949156305,-0.107297844899691,-0.0692079721377275,-0.284827094375359,-0.130400320221757,0.198655422317476,-0.168771447643582,-0.176207242971616,-0.0806599893761041,-0.0488400000057293,-0.192534483130658,-0.193552067383324,-0.119025422955519,-0.108684513984099,-0.0827696136440522,-0.171751734293344,0.00904179176946213,-0.111283090669069,-0.0663568512747231,-0.246957629192455,-0.140202199287734,0.179308355154552,-0.32849870234345,-0.716325970726288,-0.248187719412475,0.481141628344358,-0.469445680859468,-0.312335512289289,-0.388202212103856,-0.785899151503835,-0.307901956425356,-0.356144181561125,-0.953091031184776,-0.520676305883128,-0.152408714466237,0.257011293513538,-0.800548392444656,0.0597891743990837
-0.0218833820351668,-0.0212443240395748,-0.0100670258962465,-0.00880698689657399,-0.0245579413531877,-0.0253730292713273,-0.0147610243865838,-0.0116260300714475,-0.0101017816087135,-0.0221760123779613,0.00534058326332626,-0.0131235699223706,-0.00850417553869246,-0.0351889168777984,-0.0159132223005484,0.0244915488663861,-0.0207561414762299,-0.00615510620539647,-0.00613026623908765,-0.0299519098852119,-0.0197433860114756,-0.0264798854312592,-0.00813326701696795,0.0105020768625283,-0.00407880661942498,-0.0202148693161966,0.0414510614105501,-0.00104959071045694,-0.0071945698547651,-0.0610281324528513,0.00468531630861478,0.0340711005478805,-0.0214067756641516,-0.00759550922891467,-0.00662711637465319,-0.0289655696736533,-0.0206786691504137,-0.0270947761283136,-0.00891121880385402,0.00891223210380949,-0.00469714965489469,-0.0209215243144313,0.039507113533426,-0.00209847114187922,-0.00749778186082266,-0.0604763570836895,0.00306916179064694,0.0341727675922586,-0.0222803861918348,-0.0139591777655159,-0.00837615873712421,-0.0208048738088021,-0.023057972909974,-0.0271563668026183,-0.0118129141757534,-3.68436494100789e-05,-0.00726907843520201,-0.0221295280178606,0.0253802877363194,-0.00711446641931448,-0.00818076576413018,-0.0509831912416598,-0.00536120566085801,0.0308778645174877,-0.0264102411661267,-0.0356641042290031,-0.0145981127409515,0.00484312538106534,-0.0321807521768388,-0.028892624959303,-0.0220175905291214,-0.0294532990728653,-0.0161332173227773,-0.0273499665014848,-0.0196191316528463,-0.0240031812621141,-0.0108876970489298,-0.0226600483516986,-0.0333734637953461,0.0217919857077626,-0.219846633083154,-0.784545750437894,-0.240629664646338,0.792941470987975,-0.391569784355556,-0.156397423683597,-0.387736736029178,-0.9953873588207,-0.326042364183754,-0.256202153964563,-1.43121012799401,-0.596984022630674,-0.121002321106598,0.774929279514164,-0.967025147337298,-0.196368371167964
0.0541389237146576,0.0539953711845753,0.0252566565483531,0.0195697994332463,0.0611202997033078,0.0625242865865986,0.0371210535205179,0.030973835649502,0.0255567392427367,0.0549469881660022,-0.00947518643603793,0.0336380957749365,0.0211286304842726,0.0842162653586375,0.0414004489428805,-0.0594779329339214,0.0598423532288173,0.0503217388442534,0.0256307816216075,0.0360798930062232,0.0651847219586862,0.0707258536847558,0.0371066652723781,0.0198348045727797,0.0245680933939279,0.0601877870830056,-0.0348136497554543,0.0295570894647302,0.0227714670262271,0.111586088064669,0.032530782558827,-0.0729960399108611,0.060961239040888,0.051978687120133,0.0262849035117975,0.0356493603857372,0.0665851134397321,0.0719247220406987,0.0381006718015749,0.0213072385274216,0.0253089989468908,0.061355028247431,-0.0336028412916455,0.0306929204202956,0.0232418242248234,0.112257586798164,0.0341510336346065,-0.0738061585390655,0.0597756453685516,0.0544858986214492,0.0266329897836987,0.0295264765113275,0.0661824478831046,0.0699191001807206,0.0388346548401629,0.0263049795723147,0.0262000585107201,0.060367617459472,-0.0238025268347509,0.0329612749822602,0.023008903276932,0.10312310194734,0.038458958043537,-0.0696454501330559,0.0592549497683026,0.0658041728951843,0.0292813585056651,0.0110690881719285,0.0685969911954019,0.0672759975645495,0.0434405748324587,0.0442175942081447,0.0306086529757437,0.0605317567560371,0.00706536155742271,0.0422787277555648,0.0235428896668493,0.0789238069692645,0.054790709367668,-0.0599034200389437,0.197336029973139,0.578865192625721,0.185375045771768,-0.518296763583339,0.319683583341347,0.162003864115145,0.295482520659395,0.700634871422258,0.243372419750172,0.22263496183344,0.958767847629548,0.433768440851536,0.100806384643642,-0.447911212727706,0.690854730851406,0.0791601076031314
-0.420373123180234,-0.423337127680636,-0.197106844110954,-0.145659192878575,-0.475615966824593,-0.484779557511078,-0.289944255433799,-0.246777341121086,-0.200044380910972,-0.426886148558113,0.0629679384639038,-0.264511912996854,-0.16431172150029,-0.645856198397258,-0.327226849579292,0.458669465533106,-0.488754346671138,-0.490309919295462,-0.228708039064167,-0.172271039105441,-0.552503918526231,-0.563963731081098,-0.336316254726233,-0.284011699468839,-0.231841832436765,-0.496216216218827,0.0781261556901763,-0.30599975744797,-0.190922230605713,-0.754651792402803,-0.377784226212028,0.534744813076344,-0.496049672224696,-0.497765940589002,-0.232155396735426,-0.174630249107006,-0.560785661834162,-0.572357947213853,-0.341393871229087,-0.288462450746419,-0.235356442277138,-0.503630963995011,0.078934867069875,-0.310679187551569,-0.193780566906818,-0.765644366580998,-0.383617465556125,0.54262011281364,-0.477347436316328,-0.479676939503938,-0.223568178383194,-0.166999998505205,-0.539814674719191,-0.550661778287551,-0.328806750802836,-0.278629661294932,-0.226749510929058,-0.484682561393233,0.0741962436097315,-0.299517995119421,-0.186516804573642,-0.735438265202396,-0.370112315509602,0.521636894377867,-0.442836822713621,-0.447313516578749,-0.207970528292051,-0.151352743009493,-0.50137520029206,-0.510451386536572,-0.306005953112852,-0.262047917594308,-0.211266751716818,-0.449777126941391,0.0628117199124038,-0.279749768023784,-0.17317647360997,-0.677693258793994,-0.346627060057683,0.482130518498221,-0.548931640496171,-0.629955001320874,-0.276230335715648,-0.0711331848453523,-0.640637249853156,-0.61972744627103,-0.410961579951597,-0.440935995764318,-0.2915575226873,-0.561950626311408,-0.118366410392042,-0.408241167732266,-0.219366303013849,-0.690929246040058,-0.536338700520039,0.539173295477161
0.576978086373613,0.581524790170134,0.270653504285007,0.199184307329288,0.652922349932339,0.665295833768189,0.398160119229992,0.339447377758448,0.274756653078829,0.585945457519557,-0.0851818408210891,0.363442356678963,0.225553880561835,0.885516740609035,0.449807537717114,-0.629170605567925,0.673660755051212,0.684650974593259,0.317393901153484,0.223792511637769,0.763771836353638,0.775797696164293,0.467260783074023,0.405068085398451,0.323030836795936,0.684463191948466,-0.0846837448397177,0.428970754379236,0.26370316779589,1.02267433056683,0.533210372183161,-0.730197756203434,0.683510502626498,0.694249996673426,0.321934103158004,0.227699578933299,0.774834770593774,0.787211772674805,0.473920222290485,0.410357770966474,0.327592180681685,0.694446812838505,-0.0869915729549308,0.434907761029609,0.26753321066193,1.03843998231331,0.54042511307883,-0.741192847459568,0.656726878497213,0.665016105446017,0.308823309297673,0.221909148549823,0.743957840975538,0.756714613069678,0.454498628044618,0.391155732750095,0.313957405025526,0.667115904689688,-0.0888591407292752,0.416212883145974,0.256923433078538,1.00175817345539,0.516380166638532,-0.713721020191638,0.60578538550423,0.606489106978332,0.283172585148156,0.215410450126209,0.684489108873299,0.699214647433808,0.41633306005126,0.350134146454738,0.286874403915569,0.614962347155801,-0.100016428822217,0.378273515064528,0.236561847860278,0.937770420669541,0.466513409087545,-0.663736583454995,0.638068672499574,0.41123423086461,0.242678912884645,0.578111759861912,0.663246313517048,0.775729396757251,0.343108404516083,0.0186992929847154,0.212682477881559,0.63441944231769,-0.697024477600138,0.213086176565948,0.234996131009925,1.43740152782276,0.169744546802206,-0.875399608910521
-0.430300950174545,-0.433486666816254,-0.201798912860858,-0.148865042568492,-0.486886926580753,-0.496202284653938,-0.296855388384599,-0.252838796556771,-0.204828420871435,-0.436976668275109,0.0640605944789413,-0.270882372198811,-0.168201670557279,-0.660809431411115,-0.335169281779049,0.469384202094401,-0.50119339384673,-0.505593323132179,-0.235213827632954,-0.172326776709801,-0.567276801617759,-0.577833126637609,-0.346051580832365,-0.295554692093885,-0.23884512462698,-0.509009276138668,0.0728223438563444,-0.316071914160575,-0.195955968054019,-0.768316261914148,-0.391362972175874,0.546181629445711,-0.508609214576104,-0.513024208104012,-0.238681906348259,-0.174953805249077,-0.575657722631089,-0.586391564515643,-0.351150893959019,-0.299850838136333,-0.242359480364577,-0.516537815498483,0.0740299430794065,-0.320707863903908,-0.198852280198065,-0.779783388370847,-0.397082987296381,0.554301873109289,-0.489112057495808,-0.493111017611874,-0.22947193555475,-0.168627953210066,-0.553527717555001,-0.563955244941181,-0.337586318329939,-0.287976629129141,-0.232971775462422,-0.496722282043243,0.0718336883717378,-0.308212772443683,-0.191214056554237,-0.750378586772943,-0.381512322870164,0.533244296031508,-0.452653125226077,-0.455510506223655,-0.212160834280557,-0.157360023880773,-0.512053237423374,-0.522062908346725,-0.312068639108944,-0.265212947525925,-0.215274161128619,-0.459646723573702,0.0686721397587787,-0.28455129322157,-0.176908228426507,-0.696111185892451,-0.351881890839375,0.494149110963687,-0.525319157292886,-0.501076039873551,-0.239488555379166,-0.225154223456645,-0.587265103725377,-0.610624979691704,-0.350611866956794,-0.26539246422868,-0.238996958257709,-0.531822998920118,0.151347988621832,-0.30778608607699,-0.20359166722877,-0.862313319057033,-0.369421642669465,0.594825372298439
-0.391394571419509,-0.394390643651698,-0.183576960441545,-0.135253302578693,-0.442889188993236,-0.451320355036296,-0.270055966285243,-0.230129325755133,-0.18634720592569,-0.397472450471338,0.0580126235350443,-0.246470228898427,-0.152999563510381,-0.600866824673795,-0.30500345568121,0.426867822292194,-0.456458466645468,-0.462281535106059,-0.214662906853078,-0.154142982317788,-0.517104039575308,-0.525944379069439,-0.315925423567557,-0.271967877862499,-0.218240543721004,-0.463682972658246,0.0616013591450833,-0.289339247801782,-0.178578646522713,-0.696150921693455,-0.358997497342581,0.496024537866664,-0.463170179473045,-0.468910034986582,-0.217778048402149,-0.156670048693517,-0.524664656163501,-0.533706925530557,-0.320499970282777,-0.275707133194297,-0.221383143890434,-0.470491035427136,0.0629460947202298,-0.293456153558355,-0.181193932081816,-0.706720637136157,-0.364037543137346,0.503448813392039,-0.445206788512834,-0.449891270881825,-0.209128440820905,-0.151879041202323,-0.504105075795062,-0.513151503480705,-0.30772070135308,-0.263733138398573,-0.212469684916215,-0.452194991470857,0.0626699310519758,-0.281396645800235,-0.174114724406545,-0.680956903586898,-0.348741937425883,0.484568371535171,-0.41130932089414,-0.412789521822323,-0.192510155477205,-0.144709938739278,-0.465000925417734,-0.474571971995135,-0.283097377430997,-0.23927217866639,-0.19517287326181,-0.417598839985941,0.0653018781955855,-0.25765226894043,-0.160680517477793,-0.634736185381251,-0.318164681968443,0.449879865099008,-0.454098795898919,-0.362532848483135,-0.189773697724004,-0.303601950381565,-0.489737584188854,-0.5400180566953,-0.273474250245373,-0.120788547336668,-0.178832027932642,-0.455589572439512,0.314408076195751,-0.208550756290815,-0.171592365774829,-0.884918944836633,-0.219545399509028,0.568879384316971
0.429278088988455,0.432177662502975,0.201251180390986,0.148941100842944,0.485658901617107,0.495070818596143,0.29603294700175,0.251809235161935,0.204231996229432,0.435921639447513,-0.0646325772728573,0.270011584064289,0.167784492955346,0.659789046237825,0.333978856068422,-0.468484231256431,0.498356284008422,0.497590466856992,0.232626722176386,0.179285238107034,0.562761734548296,0.575448878470624,0.341937372497746,0.28597316347677,0.235471777524583,0.5058271369697,-0.0857758781759533,0.31009583063062,0.19452656791085,0.774124584953016,0.381882089619265,-0.547072204342688,0.50584958402623,0.505373169086881,0.236198002267613,0.181516565447636,0.571299758861675,0.584049442590226,0.347204913376978,0.290735984320005,0.239130655082669,0.513450375342463,-0.0862832472421577,0.315003518960172,0.197470215098411,0.785169777874925,0.388049362847344,-0.555064893081438,0.487047377400059,0.488072429876481,0.227781028339304,0.172479761355504,0.550441125937892,0.56208466140515,0.334921529544413,0.282212016562125,0.230825669519731,0.4944524640629,-0.0792184847952824,0.304503405811305,0.190222736487995,0.753053673941549,0.375722718893784,-0.533283981348317,0.452756036021379,0.458774100225001,0.21298089400824,0.152518861404674,0.512971136546404,0.521636553903296,0.313464440712157,0.270134523700368,0.216565589767421,0.459936115081096,-0.0604719250124732,0.287189635767382,0.177145242524238,0.690025688759497,0.356427931061346,-0.491813536761789,0.59123126713465,0.76384726199886,0.318362284842264,-0.0551063167301129,0.711650753787722,0.652761364805086,0.478412352028477,0.606211657286789,0.347582608591972,0.610247171743052,0.349388213258793,0.509210982220766,0.241585447199204,0.575533705377798,0.69829089870769,-0.514605284612481
0.165907674621092,0.167014219060708,0.0777762467892913,0.0575845904291513,0.187694195401045,0.191337720815796,0.114405100598292,0.0972977294829394,0.0789261766423926,0.168474454238925,-0.0250158592805567,0.104342781326079,0.0648445826704926,0.255023528194283,0.129056459563444,-0.181071000590027,0.192521851551402,0.191965224945604,0.0898031911690655,0.0696628087362379,0.217336416121776,0.222348755400704,0.131985752613879,0.110074170156935,0.0908634337928262,0.195392686215523,-0.0338144044647263,0.119581872646971,0.0751320345307112,0.299570184104158,0.147157717746082,-0.21154349205749,0.195422675666912,0.194991769848055,0.0911890565299019,0.070505482520449,0.220645147770455,0.225675865529982,0.134030673753288,0.111939019824308,0.0922852486172072,0.198344613173219,-0.0339752340514526,0.121492895592566,0.0762724385800422,0.303818982523663,0.149564550497935,-0.214627038312131,0.188188780283692,0.188435062062879,0.087975046261609,0.0668751056635124,0.212645311062541,0.217208047240353,0.12934653081372,0.108812633457282,0.0891291467912734,0.19104124578822,-0.0309984226973921,0.117534170092404,0.073490266533782,0.291266111395226,0.144962688543698,-0.206170034523715,0.175041052675848,0.177527066678917,0.0823799555263853,0.0587197302710042,0.198361368991531,0.201643622223004,0.121256019153969,0.104682477650369,0.0837895778235022,0.177826283356031,-0.0229648766294074,0.11116083156639,0.0684964538067329,0.266457554421821,0.138024638949127,-0.190017717534517,0.231895118984916,0.308558211130062,0.127057528540349,-0.035440533408161,0.281398807624518,0.254483454897751,0.191400891425223,0.251552906445937,0.139852804036052,0.239877794002098,0.160330987230232,0.2070212943582,0.0953135479324843,0.208036603005611,0.286548061433526,-0.194900519302521
0.35390689046449,0.356147985505618,0.165879691424112,0.123021067545232,0.400350662489642,0.408173719985176,0.243993852501194,0.207367616757272,0.16831489657866,0.359375248592866,-0.0536729860917389,0.222482199529911,0.138316154923572,0.544240666558683,0.275128856653561,-0.386345068607369,0.409974058863321,0.406578219973142,0.190695417832431,0.151758023238326,0.462255862630039,0.473871531147076,0.280136060333633,0.231001683920682,0.192623961001379,0.415958148310962,-0.0777546932808355,0.252848518559762,0.159855528579239,0.6423004349414,0.310247341059557,-0.45219288928916,0.416202711074873,0.413192592859733,0.193699426251552,0.153388738726401,0.469389737909849,0.480995536463474,0.284575454985919,0.235183991611289,0.195722403563912,0.422303302359468,-0.0777990267381403,0.257046158563562,0.162311415065831,0.651194708750095,0.315578915072694,-0.458724199213001,0.401049541165165,0.400304981829553,0.187173774510239,0.144476796511622,0.452846947513021,0.46311151672085,0.275118484364076,0.229938037259731,0.189444212433555,0.407054164849172,-0.0693611738697427,0.249443483502484,0.156536221791252,0.623226045910607,0.307136273705674,-0.440352782178032,0.373894837052196,0.380554803017109,0.176296617294612,0.123344665472946,0.424050321139672,0.430486207859568,0.259573690482252,0.225682435737125,0.17950866057752,0.37992317551606,-0.0455447052010464,0.238543353571664,0.146395278868023,0.566497334799726,0.296733835837512,-0.40484003025648,0.523439333556534,0.771281203942619,0.305065984670386,-0.195431388731808,0.654150899580076,0.56152538217991,0.463393227299329,0.682874898194146,0.345088053976839,0.545834273094291,0.556366639195711,0.52821024517051,0.219802064308707,0.321799366835886,0.752511724812136,-0.381993468613109
0.311220300516078,0.322419356060689,0.148126027069794,0.0939406818606532,0.354402821634554,0.357350018615869,0.218433435714924,0.196552341011389,0.151641984488913,0.316569028733211,-0.0232064569352738,0.203163289212878,0.122207807744136,0.460363212819471,0.254986314892973,-0.332597260258086,0.415043460782462,0.58283769214081,0.234876111083305,-0.11063107015917,0.511401563208711,0.450196769518584,0.355389502194102,0.497275192394377,0.262332112653686,0.43112017803795,0.366473128204929,0.395432840721653,0.172495803088718,0.311913411381359,0.556083942679839,-0.325139467342992,0.417370198761763,0.57641437905581,0.23382591452027,-0.0962954211793206,0.511810618194277,0.454392039636632,0.353318963917587,0.485155093087765,0.259992483318341,0.432970047715906,0.343332538591934,0.389757166277752,0.172859318739469,0.33280940307385,0.545505587857304,-0.334469106250029,0.382558265356626,0.480105981054974,0.202542803739064,-0.0138279316061848,0.456888736705576,0.424811113291909,0.303628450835621,0.370492661070172,0.219343273555311,0.394035016395878,0.189299452280974,0.317967292331737,0.155437876257624,0.40034768834958,0.431841922032259,-0.343933853851112,0.289743518866945,0.19067044989552,0.111159360084804,0.256450287335589,0.302173629452778,0.351576445758792,0.157451837430732,0.0145388908261723,0.0981236647079148,0.288316435342565,-0.306294183616777,0.0999630076016511,0.106955287088616,0.644948720928072,0.0826360243409266,-0.394468890434342,-1.76454910481091,-8.06609213208736,-2.36345797753758,9.0946707095416,-3.5915487714478,-0.950150023723962,-3.8537866814083,-10.710790499111,-3.31249861126654,-2.15985769110175,-16.086833430764,-6.23238926701191,-1.08137083697226,9.7153006007088,-10.2618763303565,-2.9465496103322
-0.266455658210449,-0.267786463951743,-0.124803350213646,-0.0931724774489047,-0.301332642010477,-0.307374516489117,-0.183552925148511,-0.155578145686794,-0.126583711244955,-0.270551913028504,0.0413371590032821,-0.167215965590984,-0.104115702948622,-0.410461916429815,-0.20664001274109,0.291154455481472,-0.306562318860997,-0.297407955796057,-0.140978752059891,-0.123687812858914,-0.343978780966092,-0.355483287798777,-0.206701225733695,-0.162557473238674,-0.141435576681922,-0.310649940359037,0.0753405604148529,-0.183682503332592,-0.119121654784683,-0.49335719292163,-0.222641608510252,0.343256260805204,-0.311373572958794,-0.302860756695546,-0.143383088544098,-0.124417155223885,-0.349576412718728,-0.360926882943222,-0.210274443150332,-0.166316634295847,-0.143964034351037,-0.315571288813596,0.0744814707215575,-0.187204765928517,-0.121040075441439,-0.499548572331839,-0.227245531941768,0.348035129042,-0.300794859115066,-0.29644049414834,-0.139456785839072,-0.114218703277743,-0.338681141501236,-0.34799725863376,-0.20475269314166,-0.166618423020341,-0.140594285063945,-0.305076345702913,0.0618913214562385,-0.183995855304764,-0.117168777973544,-0.474931702764808,-0.224993357993494,0.333213561802824,-0.283013277116136,-0.29208122771314,-0.1344282273117,-0.0871489859933961,-0.321998933432785,-0.325154596674044,-0.198168096592499,-0.177021132134435,-0.137459287724609,-0.287811929064366,0.0240049241783394,-0.183840875498296,-0.111062165595572,-0.420844063253199,-0.230298618339287,0.303317347424685,-0.480047462362697,-0.918510014037839,-0.331353194330719,0.505127268419237,-0.653481722783903,-0.478554126657731,-0.513511033976263,-0.951116519389273,-0.399509001091069,-0.512941057731286,-1.05925987294181,-0.656404525946175,-0.214731564172138,0.122110120008839,-0.98856907894641,0.186747299774741
0.663660005916064,0.66822861806714,0.311153467515242,0.230129014017274,0.750846013859037,0.765360149384773,0.457700246001995,0.389426920632557,0.315774575383089,0.673935900077684,-0.099698046651146,0.417505402064338,0.259398643473834,1.01985811940143,0.516449660617493,-0.724205803037619,0.770961730601242,0.771367431707274,0.36026412257123,0.274901367746461,0.871000934070615,0.889950361130299,0.529647034461138,0.444849755177522,0.364902330322802,0.782612262944146,-0.128561088248806,0.481016390450484,0.301033425500859,1.19443536643843,0.593022819185186,-0.845093681022542,0.782516977400846,0.783285487755385,0.365750924514578,0.278471069462193,0.884146055403784,0.903227491816918,0.53773499336501,0.452065983230411,0.370511781954245,0.794363000882881,-0.129560508990858,0.488516442376892,0.305567558340841,1.21163283306203,0.602415261325363,-0.857483684774992,0.753248938735339,0.755747742158078,0.352500587581543,0.265340819290017,0.851522989027559,0.869141185849153,0.51835987757845,0.437863654125782,0.357345371544692,0.764754811802281,-0.120141278666569,0.471677364787633,0.294248133918535,1.16283922049483,0.582369492449105,-0.824049071185138,0.699593178984099,0.707920351303139,0.328858139997095,0.237170211418138,0.792390331518023,0.806194155118136,0.483954023616428,0.415913529315586,0.33425241696832,0.710630887626579,-0.095967267940895,0.442970443749558,0.273662173243685,1.06813965872915,0.549374620106131,-0.760697216490596,0.893328906885284,1.09950736575135,0.467688708000519,0.00106023232832177,1.06142044742638,0.995722660387299,0.699956496120373,0.831910599550208,0.503701667397281,0.918864424662594,0.385858501699941,0.724899992718367,0.361624177539443,0.977567097870512,0.977872811488484,-0.81987516635919
0.364112179972445,0.366702411932755,0.170732503445597,0.126129420198438,0.411967369901436,0.419894779467043,0.251148962848818,0.213784970802453,0.173280306191167,0.369754870716217,-0.0544809958084161,0.229129433003258,0.142322369729504,0.559372282623738,0.283464594327442,-0.397265350672532,0.423476942039555,0.4252484336753,0.198265568142338,0.148608867632346,0.478819661084849,0.488568380777844,0.291575915144459,0.246731233319276,0.201043919643534,0.429967002940114,-0.0665901950593042,0.265475882008175,0.165449286999651,0.653024337909268,0.327926629929328,-0.462996777598873,0.429788068186122,0.431676176813445,0.201242377914781,0.150684370478371,0.485978447884944,0.495834011627473,0.295959128345883,0.250547082969913,0.204075572481891,0.436380129690715,-0.0673480416676412,0.269505775461222,0.167920615275765,0.662578181673349,0.332941260257079,-0.469826986464501,0.413535500911665,0.415797105884841,0.193740999748228,0.144299579065371,0.467713863739247,0.477007160759373,0.284953867131864,0.241756979715662,0.196533319770935,0.419904312043202,-0.0636445625121871,0.259676671886259,0.161598352128919,0.636643536954394,0.320979750794324,-0.451715696879182,0.383472448898011,0.387089422368601,0.180027688000618,0.131463833825021,0.434097637368119,0.442067735920793,0.26487556820975,0.226519796276794,0.182843372011137,0.389467183600703,-0.0550664457402959,0.242036559794119,0.149945180255236,0.587358195129401,0.299793173220286,-0.41769973643566,0.469939851582875,0.523929117477504,0.232725306376795,0.0846251964446246,0.544549415301818,0.533199925436784,0.345377906529439,0.35383292240449,0.243556952643766,0.480185829773318,0.0613602704267811,0.336973095554359,0.186841804951907,0.621882105048881,0.437430079050295,-0.473495791910762
-0.0847709754936623,-0.0853598473278347,-0.0397457187339735,-0.0293867653206304,-0.0959088125208236,-0.0977604765960579,-0.0584654399049677,-0.0497506589904141,-0.0403367756526319,-0.0860838522793141,0.0127208750653513,-0.0533333495525887,-0.0331339772987589,-0.130258569215179,-0.0659749313545395,0.092500529205578,-0.0985082755571198,-0.0986583911132393,-0.0460561168878004,-0.0349733635150837,-0.111315534701856,-0.11369488693995,-0.0677159190517279,-0.0569910799755987,-0.0466633933784205,-0.100002651928053,0.016171152107826,-0.0615410621630243,-0.038470135419276,-0.152422690194217,-0.075911339864931,0.107904223912624,-0.0999824431504397,-0.100173669849053,-0.0467548351196967,-0.035436756218776,-0.112991219092414,-0.115389617407574,-0.0687455758871679,-0.0579037344202365,-0.047376988024009,-0.101501456668206,0.0163121070005519,-0.0624936715403411,-0.0390482579116993,-0.154626891370623,-0.0771022733315519,0.109488894527762,-0.0962315956121922,-0.0966072954728196,-0.0450476335729586,-0.0338115716881665,-0.10880095422551,-0.111027713311575,-0.0662469299034663,-0.0560262950364516,-0.0456749906285719,-0.0977048363396288,0.0152018907489067,-0.060305302120021,-0.0375952950954116,-0.14844738781369,-0.0744806293824465,0.105232952550133,-0.0893383329819185,-0.0903415905109772,-0.0419806325264888,-0.030379525479474,-0.101173317255865,-0.102961691460019,-0.0617759174067557,-0.0530198312863946,-0.0426605286471591,-0.0907443349529032,0.0124113810994517,-0.0565185368379786,-0.0349430262401878,-0.136520667657857,-0.0700703869729913,0.0971879197794499,-0.112826631005149,-0.13540997329953,-0.0582243484558776,-0.00546886543857351,-0.133179684629865,-0.126355103105661,-0.0869545937416954,-0.0997517243489942,-0.0622578890470668,-0.11584948890451,-0.0397461569368684,-0.0887388561687391,-0.0454575297575013,-0.130295982820725,-0.118618978766783,0.106227307162867
0.674682627924039,0.680216650631642,0.316538629534569,0.232578359709906,0.763542307247351,0.77791846549219,0.465675053968518,0.397263271801129,0.321368977019632,0.685181238423955,-0.0990412074426251,0.425164149503098,0.263762350076102,1.03503919654147,0.526284454166082,-0.735544945322023,0.789021660194193,0.805895966515196,0.372723446569254,0.255939350015431,0.89557884636101,0.907958741356424,0.548954643388816,0.480590527048806,0.379921753494627,0.801908115735186,-0.0887803466747439,0.505689202634371,0.309110198020421,1.18989450269855,0.630175957412236,-0.852140127686503,0.80046512949847,0.816832140391309,0.377945510760334,0.260811953170123,0.908377015128868,0.921256909370586,0.556601042580448,0.486403812098857,0.385136208708009,0.813494481433404,-0.0920231757119377,0.512410916700786,0.31354650278361,1.20863787642622,0.63825279445146,-0.865081586737071,0.768639859728615,0.780646094940038,0.362012811362438,0.256168254941945,0.871320349058718,0.885269055739023,0.532915988156817,0.461357737629211,0.368365036866506,0.780934112966106,-0.0980102954695733,0.489016639666132,0.300849326552749,1.16791478814281,0.607633469668761,-0.833561253321569,0.707448129223607,0.705799221703945,0.330091068984526,0.2553736943329,0.798733236700977,0.816982818644336,0.485166105250193,0.405092690144301,0.334046131418752,0.718020606131082,-0.123224847410215,0.439743023736022,0.27610772801765,1.10002859666705,0.541311715363859,-0.777038630179664,0.693708036298085,0.274884260096223,0.221778994567287,0.894296935305513,0.677403436923485,0.8730755756685,0.300828053185558,-0.244590848927553,0.163517695035772,0.679664774801372,-1.20553517420584,0.0914133872414848,0.244763210521058,1.90300279685752,-0.0588354618424139,-1.0851361494592
0.565657949121301,0.569456205028806,0.265182346279257,0.196293792678548,0.639945004277579,0.652356635603161,0.390071947539029,0.331773366697755,0.269106803693873,0.574410811422004,-0.0852245759864504,0.355774814355063,0.221087526024009,0.869445733710187,0.440050747961372,-0.617337149063824,0.65654907373586,0.655123568984308,0.306367463076719,0.236838529659123,0.741293027311547,0.758184956230194,0.450303588403905,0.376108494702663,0.310053573398776,0.666367018279339,-0.114086751098818,0.408189982405146,0.256249018636046,1.02067738981934,0.502513811008282,-0.721051560269694,0.666430645728654,0.665408646135876,0.31108232536709,0.239747284136387,0.752557844653253,0.769522929441529,0.457259171813956,0.382422961878392,0.314887208828437,0.67642122197342,-0.114698983723785,0.414679661178153,0.260132229584283,1.03519971673554,0.510677624337536,-0.731574749407216,0.641707443918537,0.642818717647316,0.300053595682115,0.227619347893531,0.725170950352811,0.740613807094443,0.441174285167726,0.371459283040782,0.304029412399941,0.651449987980079,-0.104996126422269,0.401002440493958,0.250612351042546,0.992655823898379,0.49469388580357,-0.702811666324964,0.596689961820363,0.604875775778547,0.280751006561567,0.200612661743632,0.676112379776682,0.68742411106934,0.413223441727484,0.356403570041691,0.28551321526796,0.606167526801903,-0.0790344600496046,0.378696317088431,0.233476657176101,0.908886102128474,0.470098341550779,-0.647966879326515,0.784487533404205,1.02783849453331,0.425921239347833,-0.095206676587828,0.947898569051167,0.863661508510515,0.640791677389329,0.826381370796112,0.466824464800331,0.810556555136573,0.500802614538049,0.687313298448031,0.321443969660292,0.735380841666973,0.946768584691708,-0.671728096266365
0.123328267873233,0.124062963182585,0.057793887728716,0.042941377941596,0.139501098870259,0.142246969164367,0.0850067462977521,0.0721915748380998,0.0586356076154998,0.125231155248276,-0.0188240876212967,0.0774921520113913,0.0481970608518592,0.189746564226294,0.0958105686273248,-0.134668059747384,0.142592988210771,0.140553263297808,0.0661160177227005,0.0541080475263473,0.16055933829434,0.164965249544557,0.0970740838579135,0.0790237775050652,0.0666588996524578,0.14462407604017,-0.0292761815362686,0.087243896801589,0.0555458453377182,0.22509487831589,0.106693583751235,-0.157942239344625,0.144779326175611,0.14291959263685,0.0671813567331437,0.0546116203449001,0.163074732887368,0.167458175724443,0.0986510671408309,0.0805604304625084,0.067764028841765,0.146853917077647,-0.0291757909882229,0.0887536456637098,0.0564106708530171,0.228128764314184,0.108628066010532,-0.160200265967215,0.139606541984502,0.138854658099743,0.0650354093817719,0.0510531978661249,0.157512409368453,0.161295482320749,0.0955629992851254,0.0792841643921189,0.065752371888747,0.141667941940823,-0.0254258125168498,0.08643074713551,0.0544600425229779,0.217920349552905,0.106218725213062,-0.153669787807551,0.13048942955822,0.133336427148369,0.0616552406531596,0.0422406897546405,0.148126275922976,0.1501496877437,0.0908104388436776,0.0795673013716177,0.0628540918717105,0.132623902583533,-0.014536226586216,0.0836773939372725,0.0511245533555652,0.196675056165965,0.104298892563294,-0.140884428921518,0.193562569887583,0.31262072739264,0.119504784544545,-0.114568968084164,0.248850101636138,0.202918919830936,0.182849317048369,0.294684832606774,0.138386848181312,0.203447652699193,0.276999227121662,0.217649510522453,0.082987483965473,0.0648425382234731,0.317007687301274,-0.120025146372777
-0.302616121241905,-0.304424125817267,-0.141812745521104,-0.105359089771333,-0.342301455984918,-0.349036884570787,-0.208587080022307,-0.177147791984639,-0.143878893378075,-0.30728562878419,0.0461758623640702,-0.190150256402831,-0.118263624235736,-0.465579311652985,-0.235102123417098,0.330437012283927,-0.349917846173121,-0.345010032203823,-0.16227006534078,-0.132628500336264,-0.394031348606888,-0.404801703391658,-0.238257078495008,-0.19407152257268,-0.163616813137682,-0.354907769710701,0.0715889140769967,-0.214172735916459,-0.13631349940767,-0.552181558629628,-0.261959982951535,0.387508731357247,-0.355280769745864,-0.350809438167054,-0.164882035441378,-0.133871478891541,-0.400200149498732,-0.410917531305483,-0.242123194685632,-0.197833090204123,-0.166325637438477,-0.360377109177401,0.07135572293904,-0.217871946088954,-0.138434538929087,-0.559633378855832,-0.266698024367216,0.39305139290868,-0.342575853500629,-0.340786786012488,-0.159601896474079,-0.125191388486451,-0.386528658408488,-0.395787972113813,-0.234522327323401,-0.194638855682498,-0.161369561037677,-0.34763752824133,0.062246076893928,-0.212135110001968,-0.133641173020182,-0.534636943548689,-0.260725680699271,0.377041839203489,-0.320165569615408,-0.327091684990928,-0.151261280900301,-0.103732063597924,-0.363423874033589,-0.368413694605662,-0.222785377570478,-0.195133241253231,-0.154193933727748,-0.325399194645378,0.0358196493254797,-0.20526052137357,-0.125434226151834,-0.482673934266978,-0.255821454123531,0.34571634152055,-0.473687550093403,-0.762117206173028,-0.291737172925068,0.275851638857389,-0.608244352338176,-0.497089876700297,-0.446241505730268,-0.716646845825133,-0.337509046266139,-0.497706942814185,-0.670255928833665,-0.530246780804715,-0.202905015402279,-0.164472757691584,-0.771641974245621,0.295996196707652
-0.0495647729470759,-0.0497008643354633,-0.0231880829991865,-0.0175035027332078,-0.0560241487997542,-0.0571955224844599,-0.0340968843812163,-0.0287684188319396,-0.0235026561759327,-0.0503202168113161,0.00797911839388647,-0.0310139166760278,-0.0193601505554025,-0.0765723354714354,-0.0382806372134966,0.0542454632588063,-0.0563667448648828,-0.0526012177430178,-0.0254127607835935,-0.0259558420250235,-0.0627182568613721,-0.0657208688178405,-0.0371325417685917,-0.0266855858581329,-0.0251866083119988,-0.0569964883915115,0.0192665689119295,-0.0320772454088717,-0.021772881469966,-0.0948265850114678,-0.0379935335795454,0.0647266403355154,-0.0572997640253016,-0.0537633537368023,-0.0259045939231976,-0.0259356856035012,-0.063830330323283,-0.0667584546129743,-0.0378693734994386,-0.027575653407959,-0.0257181065648336,-0.0579569837379804,0.0188277453410239,-0.0328455737000969,-0.0221514305022712,-0.0958203618520973,-0.0390343251131442,0.0655722691522677,-0.0555914760330847,-0.0535954142930611,-0.0254827681098536,-0.0229479265767881,-0.0622912853725743,-0.0645206771834977,-0.0373419600202531,-0.0289609592317676,-0.0255155596442664,-0.0563130576338665,0.0145357644718988,-0.0330349929095514,-0.0215803867482623,-0.0901284692191833,-0.0398985397714386,0.0625057935133824,-0.0531164305135313,-0.0560705419247182,-0.0255355766327619,-0.0144236971368863,-0.0607509301031896,-0.0608096031096529,-0.037717535231911,-0.0351500111753972,-0.026290959662166,-0.0540903163738439,0.00124961105923173,-0.0355234363298706,-0.0209223262233998,-0.0765105492433135,-0.0449926023486245,0.0559571004254414,-0.116167734107078,-0.27647045115305,-0.0934225673079277,0.205881946167613,-0.171883835876437,-0.106458200843295,-0.146988403190522,-0.313539300316907,-0.117988118386514,-0.127298815298023,-0.397243488932819,-0.202985815014056,-0.0553386029817107,0.136637320602672,-0.315823704249548,0.00320676182520411
0.123154385652135,0.123409859752613,0.0575956085704377,0.0436188266067903,0.13918313153852,0.142128891066171,0.0846864135999127,0.0713541681082923,0.0583649199168168,0.125026611926263,-0.0200407898621275,0.0769934426941245,0.0480993277244465,0.190423861344945,0.0949996700284205,-0.134848615545408,0.139566932780029,0.128680676808602,0.0625416276547311,0.0666796062925324,0.154897270957418,0.162997742365501,0.0912869334642318,0.0636709947703933,0.0617489233319755,0.141034782419756,-0.0517676871307428,0.0781522389179261,0.0538134505661098,0.237882960408738,0.0918654936369331,-0.161476942299635,0.141913446465321,0.131677909634016,0.0637967681615599,0.0665139400832465,0.157712995465735,0.165594388423109,0.0931712752691331,0.066024090814955,0.0631149161435317,0.143454756628573,-0.0504703722261635,0.0801452338700833,0.0547701288149354,0.240235081618662,0.0945883379782359,-0.163545962528599,0.137861329161844,0.132021905004432,0.0629774996728443,0.0582811860840606,0.154250612556364,0.160158262316796,0.092231466247759,0.0704520927803193,0.0629263521180139,0.139598742347069,-0.038359589506136,0.0811991431504951,0.0534618243176018,0.225266937986604,0.0976874443371845,-0.155697113974938,0.132329122496104,0.140609296390396,0.0638417081522312,0.0345130405011747,0.151582464028976,0.151336362674445,0.0943517672773498,0.088985525932912,0.0658607100857081,0.13480922999008,-0.000719708562461776,0.08924940414575,0.052181184423674,0.188792016503014,0.113391260664282,-0.138692959280129,0.308575878336574,0.765289512465641,0.255705712179344,-0.5945752812709,0.464412095150071,0.277454447497798,0.403400519694228,0.880391947812726,0.325561711786044,0.339951382635537,1.13553938723009,0.564358286251652,0.148920166860721,-0.424007288006861,0.882594920619477,0.0154202571165719
0.0599456808254068,0.0601534384569548,0.0280551664337173,0.0211028437809916,0.0677688639298954,0.0691671792543465,0.0412562746268823,0.0348601128826115,0.0284420529978813,0.0608618712286515,-0.00953805441293902,0.0375446637147652,0.0234176526605476,0.0925244570600287,0.0463591835389258,-0.0655732644774162,0.0684272640823314,0.0646718662799972,0.0310494668713045,0.0302504162400396,0.0763446961061762,0.0796421310438176,0.0454196469158761,0.0336504003447361,0.030896435487523,0.0692394837251426,-0.021267876032103,0.0396050932600522,0.0264823253861729,0.113504228583683,0.0472758163052647,-0.077943910434677,0.0695409595371361,0.0660201522381697,0.0316270422670016,0.0302863825753688,0.0776622544131838,0.0808873506321296,0.046282857389766,0.0346529934807309,0.0315155640663009,0.0703837003862416,-0.0208451970879161,0.0404905291516832,0.0269317571101924,0.114767296237988,0.0484631853283455,-0.0789834219785411,0.0673743876155944,0.0654195874512419,0.0309973900193556,0.0270952419594099,0.0756120280694002,0.0781160914716545,0.0454514635754142,0.0358137098256923,0.0311062911697771,0.0682760802804024,-0.0164094582462381,0.0404151107968796,0.0261833825392665,0.108314219547777,0.0490114923703642,-0.0753945328124778,0.0640585365526606,0.0671405762580052,0.0306785730254136,0.0181367697852629,0.0731438588120528,0.0734194190027627,0.0452859301453539,0.0416516172585482,0.0315179814706961,0.0652049241660185,-0.00275662031255943,0.0424499060354187,0.0252024418409579,0.0932215417827289,0.0535819187645275,-0.0678567072910884,0.130091813266945,0.293475125151775,0.100679808511133,-0.205660076291964,0.188394166392146,0.122001213337099,0.157842655063364,0.326301383699324,0.125786866707164,0.141613124900659,0.40291183356839,0.214176273697777,0.0609668564426336,-0.121137348750645,0.330877503312752,-0.0160890071940262
-0.108003365729267,-0.109127566959317,-0.0507297909438096,-0.036863409052206,-0.122288489448257,-0.12448828018642,-0.0746452940015608,-0.0639606177559159,-0.0515385290294144,-0.109697929460153,0.0152349461056374,-0.0682544760145211,-0.042237984903827,-0.165218464260933,-0.0845845542836519,0.117561611426321,-0.127714689400795,-0.134826216007463,-0.0614005771416059,-0.0346675222663842,-0.146073477073938,-0.146210898129555,-0.0906927332074008,-0.0845289004099793,-0.0632181192689019,-0.130056830601223,0.00298230616596244,-0.0854205668481159,-0.0503067833291761,-0.183947244989708,-0.108193640161592,0.134538235876197,-0.129465199755813,-0.136260795074991,-0.0621411864600625,-0.0357807049638948,-0.147970768130142,-0.148286229622919,-0.0917624842200645,-0.0850515216538894,-0.0639220673137896,-0.131815255369356,0.00409800139479223,-0.0862546840988424,-0.0509705637467738,-0.187285328670137,-0.109092326586649,0.1367025165025,-0.123815729904221,-0.128273699406655,-0.0589310061659424,-0.037369389896256,-0.140996087609792,-0.142167515474721,-0.0869025157370867,-0.0782001975567327,-0.0603301716502374,-0.125943814060726,0.00922583423295241,-0.0808284531077173,-0.0486192519387072,-0.183145647917107,-0.101447222685863,0.132318359177773,-0.11223993713832,-0.109266244317573,-0.0517080682669851,-0.0447018372235229,-0.12603487402294,-0.130085908374169,-0.0758368103933232,-0.0600976662556058,-0.051931614351778,-0.113758628083546,0.0266013957889678,-0.0675584522151669,-0.0436368780300528,-0.179883334865441,-0.0820486616302917,0.125381710519159,-0.0535937087402839,0.181812895013992,0.0324600586989201,-0.382460771255531,-0.000834317094041223,-0.102473267531636,0.0618880641847969,0.331260378801951,0.0672037161334474,-0.0406285218327566,0.621048104849668,0.158308882963632,-0.0062645402435431,-0.548215941584801,0.291513139121449,0.241126526605454
-0.327507249735456,-0.330337750623912,-0.153690707851935,-0.112676682222264,-0.370678446778036,-0.377595556178108,-0.226110359504825,-0.193062950081476,-0.156056945575784,-0.332611963182395,0.0477022104229279,-0.206502354511577,-0.128045595163809,-0.502148211242689,-0.255674919666553,0.356939621465582,-0.383861799609,-0.394720715494687,-0.181978392343901,-0.120426356808276,-0.436374241757775,-0.441268116498632,-0.268179168564509,-0.23788487792163,-0.185875016176314,-0.390286125591798,0.0363034497056123,-0.248177424816503,-0.150548193808557,-0.573652807836612,-0.310327327220681,0.412516715298247,-0.389367520688616,-0.399838202209967,-0.184455638601211,-0.122993169190003,-0.442495176301696,-0.447691041873494,-0.271797589701589,-0.240460010954778,-0.188327129730892,-0.395852162646184,0.0382384617404199,-0.25129398740514,-0.152673626064428,-0.582955527937038,-0.314009539222784,0.418854829885269,-0.373583130930307,-0.380945244228287,-0.176322496164923,-0.122149630482155,-0.423876296555401,-0.430005258337567,-0.259653995821886,-0.226582989431,-0.179637267702241,-0.379647850593416,0.0436667751338193,-0.238920863403554,-0.146317305676281,-0.564626751631162,-0.297486640590132,0.403954306684268,-0.342802364781217,-0.340362863555689,-0.159548848528203,-0.126276165863889,-0.386619560917963,-0.396161650657492,-0.234405193396191,-0.193768767300394,-0.161220981287418,-0.347829399223831,0.063975232711477,-0.211746599634077,-0.133689103927648,-0.536273269093741,-0.259980493780464,0.377794081359341,-0.301988751248485,0.00315780063303289,-0.0665473018229999,-0.578863527916534,-0.263739453100211,-0.401256441778827,-0.0794646806196727,0.295421346437953,-0.0228913597625348,-0.28868916312221,0.844126985183765,0.0602361929368163,-0.0989028042419156,-1.07110341417473,0.199195392243392,0.567531322081989
0.203557398285181,0.204231823222386,0.0952592728397855,0.0717068048359845,0.230114684501729,0.234876174174689,0.140080807664318,0.11832662087704,0.0965683968718093,0.206666686618699,-0.0324690934770545,0.127465026478924,0.0795173303944627,0.314246431465087,0.157377870773539,-0.222691028400377,0.23217481075634,0.218847865491446,0.105208502106587,0.103542713688276,0.258890456626549,0.270327905546924,0.153864407236972,0.113276685554661,0.104602160016271,0.23489646781754,-0.0736827301834902,0.133904420981456,0.089818536997557,0.386277195967891,0.159581087847289,-0.264917975939347,0.235967186904605,0.223467429284145,0.107182198193362,0.103621424929579,0.263384222203562,0.274563259252444,0.156815715576689,0.116734355528928,0.106721577121908,0.238794434406591,-0.0721696934406661,0.136942617487143,0.0913507160120861,0.390522190266944,0.163664413466113,-0.268435773888268,0.228682475334106,0.221714071428027,0.105130058125731,0.092481362888892,0.256558151116599,0.265199526152992,0.154131795795058,0.121046160448212,0.10545003201078,0.231723497363812,-0.0565639061362927,0.136905623417797,0.0888510013154267,0.36829942474211,0.165883839738133,-0.25616276854906,0.217654845402704,0.228473653979932,0.104322805897988,0.0610889572149307,0.248612454431825,0.249400958663613,0.1540156370303,0.142055272348707,0.107226559896391,0.221570274637909,-0.00846462602628981,0.144516592388368,0.0856531761434272,0.316058178906027,0.182548068304771,-0.230291420624797,0.449240041575871,1.02598125938947,0.350735080396376,-0.729545296973316,0.653752684281254,0.419138721762557,0.550326988635723,1.14608822044652,0.439303433941421,0.489759593468976,1.4239524457306,0.749815771887209,0.211314789982868,-0.443089621370175,1.16032263850705,-0.0458474984062241
0.0482285707343426,0.0482157910260431,0.022527497215156,0.0172557242421764,0.0544769823155529,0.0556786497481568,0.0331168000108297,0.0277694856227988,0.0228119632210904,0.0489551531557975,-0.00814152557848168,0.0300595634185181,0.0188291833184458,0.0747949424131868,0.0370434280153452,-0.0528955565663495,0.0539893480210045,0.047638188798221,0.0236705984452436,0.0290966581503706,0.0593768912924405,0.0634223059667204,0.0344157726417286,0.0213380957900947,0.0230452208693399,0.0544319552654167,-0.0255893062066483,0.0284891295453868,0.020683646979179,0.0962496863816459,0.0325123662706945,-0.0641226345617382,0.0549467879965137,0.0489615837050939,0.0242072622235261,0.0288740445079891,0.0605512575664881,0.0644644818872277,0.0352267457153497,0.0224527412534274,0.0236420756785589,0.0554252459885435,-0.024798820520981,0.0293841300141085,0.0210802523973187,0.0970109514787992,0.0337653158427222,-0.0648890407420317,0.0536226321161724,0.0501352146407734,0.0241987391081166,0.0245459350084281,0.0596889744425354,0.0625050177319987,0.0353645530313452,0.0255322707218298,0.0239977149191088,0.0542272639033238,-0.0180821600952612,0.0305928248737681,0.020718811467175,0.0900228301665272,0.0362778554646261,-0.0615021108056132,0.052298973499906,0.0568244631307597,0.0255374932322085,0.011706415994993,0.0602260606465362,0.0595948744884199,0.0378149311266739,0.037096345819082,0.0265220663056585,0.0533524712974347,0.00297327582830774,0.0362935503669895,0.0207010238253761,0.072138419176553,0.0465852344680613,-0.0538434397765268,0.14804296671235,0.406605081267752,0.132312950981721,-0.346135873242238,0.232812578881901,0.126308010236701,0.210075024928091,0.483064364736836,0.171702701104428,0.165403823794727,0.647350901785102,0.302885798956839,0.0739029085231236,-0.281366539060465,0.479187285611949,0.0379566582306169
-0.0651611525051562,-0.065817566902943,-0.0306012259604095,-0.0222743368116211,-0.0737741872062114,-0.0751106846254412,-0.0450262287412944,-0.0385554478271788,-0.0310859044650106,-0.0661822474071654,0.00924842094454602,-0.0411618545572971,-0.0254818804091414,-0.0997236249847427,-0.0510011207085051,0.0709448048908432,-0.0769244382352706,-0.0808107414941492,-0.0368854881958683,-0.021493570766834,-0.0878814959989253,-0.0881334648279631,-0.0544590944727614,-0.0503021575265225,-0.0379210796765353,-0.0783119119336172,0.00282864651881736,-0.0511266734732962,-0.0302757883077244,-0.111578693870465,-0.0646054426738726,0.0813419539848279,-0.0779880232391997,-0.0817052326413802,-0.0373410556204371,-0.0221346420967976,-0.0890400612385336,-0.0893904633331606,-0.0551186445887756,-0.0506548639460639,-0.0383577772646053,-0.0793816432252787,0.00344708901961011,-0.0516520903947632,-0.0306805154949657,-0.113561694805038,-0.0651837815175425,0.08263923024758,-0.0746304170062309,-0.0770875641320724,-0.0354647402768542,-0.0228793730309575,-0.0849276322543032,-0.0857316831136161,-0.0522844413150442,-0.04678178849856,-0.0362738493317295,-0.0758996761677638,0.00615865872705374,-0.0485324187254071,-0.0292911269226861,-0.110846028904792,-0.0608227802106369,0.0799335110274268,-0.0678096284952117,-0.0662639072393994,-0.0313006343910501,-0.0266194499655916,-0.0762074425193012,-0.0785479877123688,-0.0459218834131466,-0.0366938062173074,-0.0314730488449641,-0.0687418198214198,0.0154190604416306,-0.0410196477823142,-0.0263787902848529,-0.108180702636201,-0.0499241020326921,0.0755549089110779,-0.0376009578470226,0.0889932811639149,0.0133543226403641,-0.208813120658383,-0.0103667286986884,-0.065242717949474,0.0272515978412491,0.173082392274831,0.0319862314353268,-0.030761099258454,0.335456168617335,0.0796593167296791,-0.00679684705664124,-0.308424957161912,0.150019562625129,0.139298003246269
-0.0149344240460653,-0.0146086424412267,-0.0068972441414503,-0.00584007230761846,-0.0167876778894094,-0.0172969186308236,-0.0101199984459045,-0.00810399602742188,-0.00693739859376807,-0.0151405873821694,0.00335781545094062,-0.00904611676272991,-0.00581058927809843,-0.023796824365563,-0.0110160103281187,0.0166289005397641,-0.0148170367833967,-0.0068945886792793,-0.00498695127641883,-0.0175221962864183,-0.0147283211865664,-0.0184716836032742,-0.00685445663994468,0.00365007570596481,-0.00389494751489281,-0.0145769557060228,0.0230887880530039,-0.00278591730877451,-0.00529166820279992,-0.0386247241198117,-0.000189520472569806,0.0223849335902672,-0.0152233916431683,-0.00773124087639259,-0.00528188367154734,-0.0170033341683078,-0.01529648691118,-0.0188665732194908,-0.0073139341769427,0.00275398169104047,-0.00425638200642364,-0.0150146150712187,0.022038367694087,-0.00338972526894717,-0.00547711931775765,-0.0384045001779516,-0.00110992029258544,0.0224971975040685,-0.015562667828525,-0.0110580700189415,-0.00617007830140408,-0.0125138394379252,-0.016437479142648,-0.0187429474309342,-0.00879948019861371,-0.00203745021640039,-0.00559156269595199,-0.0155338068762032,0.0143280156523275,-0.00603443521716026,-0.0057956361925874,-0.033027524629672,-0.00559291366904748,0.0205549280954503,-0.0175568164151531,-0.0226174679504502,-0.00943794327411516,0.0015357150242955,-0.0211161677034408,-0.0193952265416515,-0.0141792677781136,-0.0179013014811338,-0.0102959339077727,-0.0181176831297367,-0.0102055849440769,-0.0150680618837966,-0.00716990030755284,-0.0172195764267595,-0.020643786184875,0.0153319195603195,-0.123431827704786,-0.430856981428416,-0.132750121703075,0.430342672890593,-0.217404408882769,-0.0894682623592087,-0.213658682352939,-0.544052616792349,-0.179271486012518,-0.143280459082445,-0.77852846619314,-0.327336920262876,-0.0673369216301823,0.416067792776786,-0.529332312933402,-0.102796057316614
0.348987725481786,0.352111007516943,0.163797108505275,0.119901553250859,0.395017598564193,0.402342734378952,0.240985354191254,0.205890334076161,0.166334499383704,0.354433514151041,-0.0505523510247221,0.220133641602088,0.136450494310341,0.534871318573767,0.272595484330975,-0.380267509353845,0.409671374235091,0.423225164421457,0.194693890297437,0.12549117305291,0.466212900276389,0.470598615335889,0.287034362579965,0.256901966748715,0.199145144495849,0.416642606443221,-0.0336361638591743,0.266464211054932,0.160792904395187,0.608341221205198,0.333969460985671,-0.438730951211165,0.415501626238998,0.428536197746692,0.197290753126726,0.128376117314278,0.472667211496835,0.477418780816877,0.290820747784401,0.259462591971079,0.201699292567735,0.422530404865485,-0.0359662852300741,0.269676436493571,0.163036886753884,0.618405873511049,0.337715941767105,-0.445526401300668,0.398432527893304,0.407417579464385,0.188327618479381,0.128525635663408,0.452358437273987,0.458412189073923,0.277400352083248,0.243397799880625,0.192031662999448,0.404966955429873,-0.0436250074851379,0.255735964800637,0.15612037634789,0.599944569663119,0.318875965878409,-0.429946022427152,0.364832620493352,0.361014944520277,0.169503962258956,0.136276335266023,0.411155951316346,0.42183171866839,0.24895721017477,0.204342395359478,0.171101637449683,0.370111255210874,-0.0712621514764723,0.224359779268265,0.142204594486357,0.573150272288051,0.274961996538866,-0.403019243019801,0.295966268491431,-0.104881673186668,0.0403591568938418,0.724408930001701,0.232663426783099,0.410810580815615,0.0352055228525576,-0.446114995155422,-0.0175864826370681,0.27697645387951,-1.09193021277846,-0.141933940652529,0.0905915427856749,1.25085840948801,-0.339077093626453,-0.635062346056957
-0.0821852696012492,-0.0830463056571718,-0.0386042467843834,-0.0280426456749562,-0.0930569625809745,-0.0947285204014827,-0.0568037483393653,-0.048679471145367,-0.0392204870444669,-0.0834750757036088,0.0115785555926887,-0.0519428517350159,-0.032141384151046,-0.125712142880101,-0.064372579188944,0.0894543083638037,-0.0972175510877577,-0.102732228131731,-0.0467634093577213,-0.0262328553707575,-0.111218120587188,-0.111279552967929,-0.0690785893366486,-0.0645000136964172,-0.0481620292971686,-0.099006337831038,0.00200673391324997,-0.0651054098315236,-0.0383002781874796,-0.139822076226915,-0.0825011503100252,0.102333207428748,-0.0985477006687019,-0.103816479452912,-0.0473247468192347,-0.0270877256177472,-0.112658323964925,-0.112857528563045,-0.0698890087804119,-0.0648881606761612,-0.0486946403311541,-0.100342159976501,0.00286967700048139,-0.06573447438675,-0.0388042976617485,-0.142370091533269,-0.0831757852569575,0.103982285000708,-0.0942357527936594,-0.0976873647897271,-0.0448665276439583,-0.0283511821670816,-0.107326547130013,-0.108193118887732,-0.0661658203052187,-0.059608167499754,-0.0459401657698451,-0.0958588632653229,0.0068692264784213,-0.0615660546447794,-0.0370076093457034,-0.139275647193491,-0.0772940657635338,0.100661631085921,-0.0853855037971076,-0.0830592902690632,-0.0393208064688115,-0.034105291591375,-0.0958636422248495,-0.0989727023673005,-0.057665324828187,-0.0456202876190485,-0.039481334239381,-0.0865370892048844,0.0204031731482814,-0.0513423463053918,-0.0331923692403331,-0.136971061189655,-0.0623273115020385,0.0954325681371689,-0.0394383446357261,0.143632408291865,0.0262901139526851,-0.296631018074398,0.00188192884699608,-0.0771049722989278,0.0496676602216217,0.258905096992975,0.0533228265442395,-0.0293218055764116,0.482599364966059,0.124510315616355,-0.00399709537009388,-0.422862717821275,0.228425233103946,0.185062328797978
-0.625043014327895,-0.629562628279909,-0.293101058407248,-0.21640363376012,-0.70721084768987,-0.720788037822729,-0.431158533970333,-0.367100558754538,-0.29748557015879,-0.634733662742069,0.0933330595721398,-0.393388235952628,-0.244318281319304,-0.960086259145277,-0.486704989255376,0.681897802891446,-0.727382116343123,-0.731777097461846,-0.340879690713872,-0.253170088225096,-0.822784096855409,-0.838952729574241,-0.501390178361315,-0.425876285602978,-0.34585330394493,-0.738608838150315,0.110862582338964,-0.457094009965962,-0.284266983915557,-1.11899081624658,-0.565171848315498,0.794215602369726,-0.738190955693971,-0.742714061803897,-0.345960477842115,-0.256835230252439,-0.835026534002548,-0.851408664653154,-0.508867131562436,-0.432301406445698,-0.351017354480514,-0.749588180981457,0.112346675090829,-0.463937549586926,-0.288495080197832,-1.13549481420194,-0.57365903325958,0.80596892157065,-0.710121088327865,-0.714781988359372,-0.33288092135689,-0.246590917798996,-0.803353044720947,-0.81898023775629,-0.489647229780481,-0.41633961736887,-0.337791649273974,-0.721103057009918,0.107269250897263,-0.446548527363704,-0.277544285903268,-1.09170529228884,-0.552283344117239,0.775081807074627,-0.657967648821189,-0.663344710605051,-0.308691667571825,-0.226846975366379,-0.744620830292974,-0.758649286914793,-0.454129824389009,-0.387390692316904,-0.313399387562743,-0.668204998785865,0.0966391318032849,-0.414614713076753,-0.257226511826737,-1.00943577074205,-0.513217912720139,0.717337510699402,-0.789069819726524,-0.830060482172427,-0.378636263493103,-0.218737342550522,-0.901749913437729,-0.903854726274027,-0.559098566420395,-0.51771799560664,-0.389426789915114,-0.803368027811458,0.0260879011742185,-0.525360493537895,-0.310630869093222,-1.14231881863628,-0.6642963397562,0.833511209182761
0.970312662018937,0.976964833041931,0.454919236989608,0.336505418803995,1.09777713179966,1.11900939772233,0.669175042578766,0.569324453503736,0.461671502223079,0.98533506072638,-0.145836122131505,0.610396814319397,0.379255420638726,1.49115089512409,0.755043117468515,-1.05885567125016,1.12703249710423,1.12711808302176,0.526529132654913,0.402648527806214,1.27314636282498,1.30106388163879,0.774053187692202,0.649524118230851,0.533233922860163,1.1440341666676,-0.189256806129034,0.702761796795359,0.440034925256842,1.74709130407794,0.866194787830525,-1.23579561638716,1.14393635855083,1.14457940844891,0.534562154705264,0.407829311432672,1.2923827862382,1.32048203226729,0.785896048872333,0.660121650344015,0.541450345588703,1.16122557023756,-0.190649362103299,0.713755183934508,0.44666945091745,1.77219622314663,0.879972503319776,-1.25389992278257,1.10120850521312,1.10457004657139,0.515265249537019,0.388363667039231,1.24480580802177,1.27068688475744,0.757691378970378,0.639684028062458,0.522304629910762,1.11801239899107,-0.176398001924404,0.689328889000015,0.430156424569797,1.7005830643875,0.850980081325368,-1.20494026946618,1.02296529220859,1.03545200220388,0.480941675446793,0.346317945094173,1.15873470806296,1.17878675757418,0.70778167865916,0.608638368729507,0.488875585848229,1.03912311347079,-0.139518883278039,0.647977004485602,0.400176045606737,1.56125110759262,0.803750185869782,-1.11207286309579,1.31271549840942,1.6335378724503,0.691612029210876,-0.0259908162999333,1.56424753351454,1.46010068123279,1.03604533476445,1.24992378953216,0.747190474759134,1.35128345467082,0.613415002563868,1.07975311779358,0.532505693655264,1.4012308995915,1.4621775130335,-1.19095002673587
0.535305730749915,0.538986849527605,0.250974293313103,0.185627249908824,0.605628654569271,0.617337367984529,0.369177704490894,0.31410431780681,0.254701080075068,0.543594000756737,-0.0804262374018689,0.336755146537522,0.209229752710374,0.822621544613438,0.416560883452626,-0.584144775616101,0.621831826986587,0.622086759161293,0.290559278920732,0.221837776994185,0.702501751410463,0.717816527374362,0.427165192527677,0.358689652775863,0.294289534039916,0.63122452512636,-0.103881009116358,0.387912780122972,0.242798943956649,0.963534272283476,0.478210109460042,-0.681680168828883,0.631153580661015,0.631705001642916,0.294986476340276,0.224711623052609,0.713107040995029,0.728526688541747,0.43369144003132,0.364516924422289,0.298816241326472,0.640704206508927,-0.104677357495998,0.393966260341448,0.246456919356859,0.977400150423827,0.485792482565584,-0.691672382207856,0.607555184756824,0.609529133594415,0.284309618111398,0.214082578314418,0.686810488778011,0.701038664445163,0.418081059543203,0.353107970286813,0.288211135465608,0.616833156428084,-0.0970114849249529,0.380411485758763,0.237331938756506,0.938004393807623,0.46966861828192,-0.664693298218269,0.564305831162625,0.571066922903262,0.265274346573432,0.191237971292251,0.639169085503708,0.650284679129949,0.390385524282327,0.335552198886834,0.269632065550628,0.573211655163931,-0.0772941253200481,0.357344828516374,0.220744129153835,0.861495394285755,0.443199048509391,-0.613559306862718,0.721497781416725,0.890560786497092,0.378350217658099,-0.00306807380525311,0.857901981257875,0.803757588612311,0.566386486103095,0.675805009374633,0.407814843358268,0.742270339796529,0.318250022976251,0.587537001488634,0.292224402244787,0.784508598508945,0.79337346097976,-0.66020302134396
0.107944128963686,0.108368190274754,0.0505311114698579,0.0379227778217647,0.12204399662855,0.124540656357958,0.0743110761182724,0.0628494161101367,0.0512352177209259,0.109596834795505,-0.0170452932811106,0.0676473223754849,0.0421712551213828,0.16651000110072,0.0835495336461944,-0.118039017782885,0.123512014898013,0.117674103230498,0.0562743959847825,0.0531506717411194,0.138041644775943,0.143592741444941,0.0823773556317086,0.0621863913720669,0.0561382709899016,0.125033116034441,-0.0359432170970377,0.072253738843139,0.0478594864899832,0.203017928429783,0.0866627787044061,-0.139961018037001,0.125500390880748,0.120035706284052,0.0572944514271765,0.0532852723735066,0.140382427102287,0.145823805159118,0.083899398245734,0.0639062459997992,0.0572257220342543,0.127073315691774,-0.0353071478042494,0.0737974390259392,0.0486590552341112,0.205363105007925,0.08871823390494,-0.141852276935596,0.121482741345952,0.118494301548647,0.0560223653613019,0.0480278041455261,0.136472041112723,0.140758610253662,0.0821783509536878,0.0654006537430871,0.0562985965120561,0.123139959245355,-0.0281936584373172,0.0733092262454922,0.0472446465370236,0.194241771908562,0.0891304995980094,-0.135528449561342,0.1151387468285,0.1201205912545,0.055005392302705,0.0334598904196946,0.131327217329907,0.132060198872457,0.0811630200496289,0.0740064581544353,0.0564310628621521,0.117166625738722,-0.00640500796514556,0.0758451150676012,0.0452641045364337,0.16865845299111,0.0955197376134705,-0.122397682722452,0.222213136817667,0.481127500637737,0.16704856834419,-0.320172456129348,0.316686436334666,0.21187142589215,0.261160896169203,0.526342862674915,0.206931187408106,0.240713156448858,0.635797059539466,0.34941695123271,0.102883255878135,-0.167075073560645,0.536681558371684,-0.0431027216977012
-0.0805975138552991,-0.0814868002141972,-0.0378694055767897,-0.0274316118592296,-0.0912705583555344,-0.0928906969847166,-0.055725162020295,-0.0478080706848446,-0.0384804257832282,-0.0818650280751367,0.0112381699430037,-0.0509759119813347,-0.0315232327518472,-0.123194795840624,-0.0631923860791623,0.0876913503813618,-0.095604552931845,-0.10184333997928,-0.0461867366276776,-0.0245388672276994,-0.109579693752229,-0.109292566452212,-0.0682744082545715,-0.0646845537243249,-0.047683629227911,-0.0974113812381246,-0.000147073531201337,-0.0646894659302918,-0.0377156066394994,-0.135890679715689,-0.0822850102029218,0.100003522038159,-0.0968936808211638,-0.102847111505871,-0.0467192727843647,-0.0254399734998517,-0.110963550167418,-0.110829991200588,-0.0690401121243732,-0.0649883632381335,-0.0481813184193582,-0.098703254389988,0.000811560715918478,-0.0652608177645355,-0.0382011526417741,-0.138453061660854,-0.0828723561316205,0.101638182957223,-0.0925605296518043,-0.0964231004865172,-0.0441842998287043,-0.0271182479514414,-0.105538404399675,-0.106188310671293,-0.0651876151999562,-0.0592751134080512,-0.0453091998398908,-0.0941824210854735,0.00551912489447285,-0.0608562721231019,-0.036379141395536,-0.135866522382316,-0.076587535544183,0.0985062945515638,-0.0835459701193144,-0.0807543355405505,-0.0383477666979927,-0.0341661691274232,-0.0936676126756892,-0.0969293681840115,-0.0562068507520264,-0.0438443676000914,-0.0384280511182561,-0.0846425823414488,0.0213039629194329,-0.0498163613951239,-0.0324451718366509,-0.135038799378122,-0.0602559382133547,0.0937759422143412,-0.0278550895245152,0.183388655003756,0.0385825204298674,-0.335971275885946,0.0221122241913722,-0.0685922344701216,0.0694343495623401,0.308919629546833,0.0698801476874346,-0.0159154882382152,0.553899421943564,0.154677484859843,0.00227987725399663,-0.460570629452457,0.277143015194861,0.194184762071258
0.116430537911624,0.120250257559585,0.0553250256077989,0.0357150813921927,0.132491706167956,0.13375192393056,0.0815629653763731,0.0729630137664244,0.05658527754775,0.118409903318208,-0.00964361571433869,0.075704054326627,0.0456960887830681,0.172957328227691,0.0948700031817536,-0.124714452405884,0.153086174888234,0.209013140216354,0.0851761698150026,-0.0316029472080554,0.187114881626254,0.16708073589033,0.128583231543566,0.174243751206155,0.094415021012985,0.158667088181042,0.119668306013385,0.140996525060245,0.0632526500469068,0.12682907798105,0.196680795237456,-0.124544797342344,0.154082937569601,0.207100806270904,0.0849312861493856,-0.0267570599512882,0.187503011964361,0.168733191049113,0.128048136126959,0.170342834890304,0.0937427697864229,0.159508674317667,0.111937316018006,0.139248718101282,0.0634606514897961,0.134122322494951,0.193335369140627,-0.127891341103081,0.141920834658662,0.174477504820186,0.0742520362413947,0.000474575366257099,0.168574788147166,0.1582220773825,0.111117099153522,0.131858312180142,0.0799437765105531,0.145965989694665,0.0607846038894896,0.115001416962207,0.0574379370778165,0.155695474578773,0.155071758615596,-0.130405093095007,0.109961511644849,0.077103884265105,0.0433446461449745,0.0900079993485628,0.115881602715083,0.132610037818651,0.0617431242837839,0.012812494240022,0.0391036964354642,0.109697359818443,-0.103914113300007,0.0417992835903753,0.0408862584701903,0.235397274698384,0.0380631666117421,-0.146032855330095,-0.57094191826524,-2.66704789574983,-0.778688184165323,3.03091504886918,-1.17658881894842,-0.29757339386624,-1.27090658019937,-3.553547557199,-1.0942760987298,-0.702193506050439,-5.3537150406266,-2.06312310900245,-0.35345092638617,3.25645249621192,-3.40114612761542,-0.99767423203442
-0.244412836936322,-0.273174371962945,-0.121205593190134,-0.0429604277049236,-0.283389802761316,-0.277196373278408,-0.179914883430458,-0.185075573324326,-0.126940651596336,-0.249781613458035,-0.0336863711144234,-0.175813127976111,-0.0972177529604476,-0.322089444673338,-0.228468635183226,0.245733910884289,-0.443906618119111,-0.945186268030559,-0.329812330063973,0.61499012957314,-0.628588491014375,-0.425997347070013,-0.51502666000718,-1.02692780633405,-0.407109633147522,-0.479930548891502,-1.22865524394975,-0.685031714159346,-0.204533012701473,0.302257253430791,-1.04957516006739,0.0984553468701595,-0.438917086304408,-0.91365928848982,-0.320999743881446,0.57581756188319,-0.616221458950075,-0.424814492407031,-0.500474078667295,-0.983228616486934,-0.394314885064505,-0.473313088315163,-1.16049891442841,-0.660307705477078,-0.20093229589026,0.257558556658377,-1.00823585373485,0.11354123825164,-0.365089362978755,-0.654170348483587,-0.241163169150883,0.31566783541952,-0.48573426778291,-0.371608672443737,-0.371932099587787,-0.655074905268596,-0.286387223237842,-0.387509106225997,-0.690207111347282,-0.463067499031129,-0.160545365961525,0.00517605525611575,-0.689109663890392,0.17640691195472,-0.143048449732388,0.161785732941523,0.00762748021334061,-0.521579112351048,-0.084275661108531,-0.217717320771659,0.0295605215911981,0.38652169342035,0.0521806460167762,-0.127370175588932,0.816593438093161,0.159079279019991,-0.0368668713959482,-0.824077976924298,0.320892404016077,0.393001322626402,6.19951092286816,25.2540694712987,7.55017981344947,-27.1916621143891,11.8359597704633,3.8703450297728,12.2463425112314,32.8849731610855,10.4250112757559,7.4078701562456,48.498008677806,19.384071752525,3.60712768029676,-28.0377622374572,31.6936380915663,7.96245531119628
0.219622974584994,0.252766572949196,0.110694979649954,0.0273380689588614,0.256497970742882,0.247822422669511,0.164727027383806,0.177532941116405,0.116935514335812,0.224874288299124,0.0492471046046681,0.163925844036516,0.0878118934546807,0.274998930801958,0.215611860566079,-0.21515570578175,0.442005109398179,1.02752320071177,0.349498899992483,-0.745676439536303,0.647806010949155,0.409272665111381,0.54903794912708,1.15542149688662,0.439331537636926,0.482929078973625,1.44798794848462,0.752453087620395,0.209036628457435,-0.471647879187216,1.16716717448605,-0.0311149383130252,0.435029599167431,0.989512560970516,0.338659997705139,-0.700272268330858,0.632054813743534,0.406572904389244,0.53123578283794,1.10365892377589,0.423828788366284,0.474032534337176,1.36847190359454,0.722827763164739,0.204380424814146,-0.4211413305468,1.1179452100816,-0.0475072075564951,0.351694903549916,0.689130190395375,0.246716103925097,-0.395080856293751,0.482867713255237,0.347805528802183,0.383005798048655,0.721743547938091,0.299062601765687,0.376741812900197,0.818176225013922,0.494097758815011,0.158327048030173,-0.121482681801397,0.747155212011056,-0.124261400096185,0.0976493549185795,-0.259262376246214,-0.041555993686437,0.585726558266217,0.0197831848003233,0.174289688079395,-0.0825731219915159,-0.492794697734631,-0.0941352521058182,0.0782394112498155,-0.944358179121427,-0.229799010922001,0.0158984334845886,0.856592397116418,-0.429380179825322,-0.383560222125951,-7.33049877906457,-29.6091134074297,-8.86599797886395,31.7632133522343,-13.9312743141488,-4.61990162282399,-14.3747705894945,-38.4964144999696,-12.2277416920643,-8.74455093943085,-56.690144978805,-22.7150220315224,-4.24948260411812,32.6546269091374,-37.119273505019,-9.21977022707287
