0.104078594877549,0.104839497730355,0.0488075479120504,0.0360214534948621,0.117762824315285,0.12002007417959,0.0717975471852553,0.0611402926468809,0.0495388713548249,0.105692713279452,-0.0155196504065563,0.0655115416989159,0.040683003882072,0.159851639413054,0.0810550987498026,-0.113539282680408,0.121168685648258,0.122054531567767,0.0568219280551915,0.0419363095768868,0.137099916244044,0.139727814896589,0.0835869703606342,0.0711797551541546,0.0576733375159841,0.12304784827021,-0.0180680344858165,0.0762687794909976,0.0473633038033739,0.18609987067165,0.0943646461806902,-0.132182853429343,0.12296567046331,0.123864653866793,0.0576646221995642,0.0425582434627402,0.13913316820446,0.141800039747971,0.0848266018353063,0.0722353821791304,0.0585286584365263,0.124872701892112,-0.0183359913711712,0.0773998789815516,0.0480657223966762,0.188859813472803,0.095764115320404,-0.134143183189066,0.118272258759641,0.119136929340598,0.0554636517034953,0.0409338603548124,0.133822667822045,0.136387748954725,0.0815889000902889,0.0694782680442574,0.0562947089978657,0.120106501713469,-0.0176361346048431,0.0744456438970288,0.0462311272353448,0.181651323041561,0.0921089454023056,-0.129023142908109,0.109525796249405,0.110326522766899,0.0513620072824541,0.0379067221336661,0.123926222456069,0.126301610872994,0.0755552429725927,0.0643402156125353,0.0521316062809799,0.111224393385705,-0.016331908307278,0.0689402444041602,0.0428122458728804,0.168217856025879,0.0852973105669898,-0.119481631701394,0.129384913073834,0.130330826588364,0.0606749192893823,0.0447799341902071,0.146396411339802,0.149202503003728,0.0892548502639574,0.0760063244390691,0.0615840612717809,0.13139149828347,-0.0192931949278432,0.081440426228078,0.050574922990239,0.198718963246007,0.100763340610745,-0.1411459314699
-0.31871057205417,-0.32104061680334,-0.149458988506832,-0.110305275192052,-0.360614563911019,-0.367526738276635,-0.219859207000449,-0.187224449638012,-0.151698454874316,-0.323653342465692,0.0475244373252126,-0.200610134635051,-0.124579924002549,-0.489499377860267,-0.248207779138929,0.347681190126239,-0.371044028442571,-0.373756675169698,-0.174000707993776,-0.128417809933111,-0.419828810968541,-0.427875989966668,-0.255960903116104,-0.217967397720411,-0.176607903033455,-0.376798420062959,0.0553281259575419,-0.233551061772574,-0.145036408949492,-0.569876988738659,-0.288964415798666,0.404771729304984,-0.376546774315068,-0.37929965078432,-0.176581214899502,-0.1303223024445,-0.426055056587988,-0.434221578784288,-0.259756915705378,-0.22119994994118,-0.179227075786476,-0.382386506090022,0.0561486663608569,-0.237014726574244,-0.147187362581756,-0.578328514722719,-0.293249884973333,0.410774671791582,-0.362174559444931,-0.364822362826785,-0.169841379809474,-0.125348099341817,-0.409793186250818,-0.417648004776411,-0.249842391239427,-0.212757085928864,-0.172386252230265,-0.367791397583347,0.0540055575821992,-0.227968236708787,-0.141569445909806,-0.556254599219814,-0.282056985060311,0.395096030387902,-0.335391049604436,-0.337843042800058,-0.157281280959842,-0.116078364721709,-0.37948818676842,-0.386762126257125,-0.231366062712681,-0.197023287526944,-0.159637955138246,-0.340592511688324,0.0500117420442965,-0.211109544257921,-0.131100111306487,-0.515118494699227,-0.261198324953093,0.365877914035244,-0.396203846808809,-0.399100433159578,-0.185799378429454,-0.13712558724587,-0.448296636399444,-0.456889479918311,-0.273317144795267,-0.232747369141663,-0.188583362606312,-0.402348433222481,0.0590798251978696,-0.249387733011037,-0.1548710631305,-0.608519307247182,-0.308558565437234,0.432218561509367
-0.545281852331356,-0.54926832541461,-0.255709352768896,-0.188721272692577,-0.616975383400973,-0.628801421104798,-0.376157072144226,-0.320322272469148,-0.259540855317509,-0.553738437214223,0.0813095500681818,-0.343223838183977,-0.213143766413445,-0.837484385140906,-0.424658638399116,0.594847676846387,-0.634819152127985,-0.63946021885682,-0.2976977756034,-0.219710004664549,-0.718285026541533,-0.732052943438231,-0.437923456620805,-0.372920376035189,-0.302158425061818,-0.644664339570566,0.0946608793479976,-0.399582463664426,-0.24814276231171,-0.975002423100089,-0.49438915969742,0.692523868612912,-0.644233798912134,-0.648943694698516,-0.302112764338913,-0.222968400511502,-0.728937508894284,-0.742909610044247,-0.44441805378089,-0.378450948966416,-0.306639567187533,-0.65422499480765,0.0960647417556627,-0.405508447062895,-0.251822828439798,-0.989462137172052,-0.501721168029022,0.702794301681491,-0.619644379439847,-0.624174505702559,-0.290581581866329,-0.214458037443777,-0.701115078271189,-0.714553885674898,-0.427455295906453,-0.364006054660134,-0.294935603568879,-0.629254226658346,0.092398097386001,-0.390030809408331,-0.242211135958497,-0.951695879667472,-0.482571237864501,0.67596971732103,-0.573820477949445,-0.57801559260471,-0.269092511321696,-0.198598450384289,-0.649266260875027,-0.661711242453715,-0.395844149221196,-0.337087102202702,-0.273124544689962,-0.582719658361482,0.0855650792016931,-0.361187275953375,-0.224299153533878,-0.881316126883904,-0.446884160567045,0.625980448048523,-0.677865080208247,-0.682820849201428,-0.317884118430836,-0.234608139082203,-0.766990623229962,-0.781692117443228,-0.467618246948363,-0.39820742610711,-0.322647236387778,-0.688377851842593,0.101079660808464,-0.426677421236792,-0.264968870132027,-1.04111555790732,-0.527912786293527,0.739482648199584
-0.0622481688777468,-0.0627032558179266,-0.0291912135104487,-0.0215440026165626,-0.0704325436380342,-0.0717825779166277,-0.042941258454286,-0.0365672813549759,-0.0296286093575356,-0.063213553883074,0.00928211819699825,-0.0391816733874385,-0.0243320204224963,-0.0956053630170103,-0.0484780898638796,0.0679064936537959,-0.0724695487655394,-0.0729993626668718,-0.0339845188888279,-0.0250816076420207,-0.081997828175187,-0.083569543082654,-0.0499923721405884,-0.0425717643932974,-0.0344937367540564,-0.0735934535643855,0.0108062763845466,-0.0456154492808141,-0.0283274282980968,-0.111304117732613,-0.0564383717752468,0.0790569914274189,-0.0735443039961388,-0.0740819752702767,-0.0344885242270333,-0.0254535788970414,-0.083213891973434,-0.084808916103141,-0.0507337809717927,-0.0432031223531154,-0.0350052940168079,-0.0746848767966742,0.0109665382085186,-0.0462919464240392,-0.028747536498733,-0.112954806673804,-0.057275377611563,0.0802294413253334,-0.0707372303160367,-0.0712543794994052,-0.0331721499687583,-0.0244820546932086,-0.0800377448990154,-0.0815718893954899,-0.0487973500924487,-0.0415541252035601,-0.0336691954454763,-0.071834269196001,0.0105479622061054,-0.0445250535805847,-0.027650286967653,-0.108643494340606,-0.0550892639865055,0.0771672061707867,-0.065506075186967,-0.0659849801870252,-0.0307190052573234,-0.0226715593514153,-0.0741187987107486,-0.0755394902516068,-0.0451886915814969,-0.0384811171960169,-0.0311792932587586,-0.0665219859178919,0.00976791998012087,-0.0412323396678465,-0.0256054947154704,-0.100609097600434,-0.05101530626195,0.0714605418788322,-0.0773835766012049,-0.0779493162162089,-0.0362889470886183,-0.0267823456791084,-0.0875579512473012,-0.0892362412740643,-0.0533822636530165,-0.0454584780379329,-0.0368326940879007,-0.0785836913331917,0.0115390302633566,-0.0487085496425608,-0.0302482595098383,-0.118851446811918,-0.0602653547581335,0.0844177017270673
0.240480389066198,0.242238504789221,0.112773026241045,0.0832299202479237,0.272098694666205,0.277314217860253,0.165892920647349,0.141268638192527,0.114462796805863,0.244209915024394,-0.0358591655885729,0.151368694539131,0.0940007367840887,0.369347650053765,0.187283097990365,-0.262339925951204,0.279968159654876,0.282014964491422,0.131290774844535,0.096896581424022,0.316778308143961,0.322850239564002,0.193133152660634,0.164465471822008,0.133258011994758,0.284310087589024,-0.0417473733952943,0.176223994829849,0.109436005928946,0.429995902201992,0.218035676349446,-0.305417113460911,0.284120210400547,0.286197370251599,0.133237874687121,0.098333600275203,0.321476269555582,0.327638250384854,0.195997402122097,0.166904566988249,0.135234286828122,0.28852653103256,-0.0423665052746101,0.17883747405563,0.111058989951774,0.436372930248945,0.221269241172265,-0.309946583366521,0.273275776212383,0.275273654046604,0.12815238864803,0.0945803570435219,0.309206011683616,0.315132799122465,0.188516480841039,0.160534074759427,0.130072600788881,0.277513914320392,-0.040749440520275,0.172011521002028,0.106820038045333,0.419717242443739,0.212823732419562,-0.298116395994683,0.25306650349988,0.254916634400371,0.118675271404628,0.087585956532688,0.28633962849712,0.291828118530612,0.174575322115148,0.148662269137178,0.120453480140133,0.256991223089771,-0.0377359405029294,0.159290936009815,0.0989204894284063,0.388678339792913,0.197085005380628,-0.276070111357867,0.298952289583643,0.301137884520476,0.140193362664413,0.103466961761824,0.338258467058578,0.344742125066167,0.206229159250032,0.175617575295895,0.142293994575334,0.303588635726436,-0.0445781865909734,0.1881734222881,0.116856661756385,0.459153139533204,0.232820277619915,-0.326126890499694
0.471237621921702,0.474682768844483,0.220986388574558,0.163094669975638,0.533195834805497,0.543416006007747,0.325078422082821,0.276825471600674,0.224297608527461,0.478545880820734,-0.0702684654730994,0.296617216584664,0.1842008150146,0.723761754334961,0.366993924393621,-0.514072866067803,0.548616584836122,0.552627437643941,0.257273172079598,0.189875418864319,0.620748565759548,0.632646926927219,0.378457503031507,0.322281239358356,0.261128106613039,0.557124886915091,-0.0818068077678484,0.345322862174431,0.214447271092738,0.842606115103902,0.427255686070599,-0.598485534726459,0.556752809694563,0.560823145210744,0.261088646193836,0.192691354703065,0.629954539569258,0.642029358657786,0.38407019398752,0.327060811656302,0.265000751099165,0.565387293629479,-0.0830200386495748,0.350444151856643,0.21762761828988,0.855102333791185,0.433592075509056,-0.607361338009937,0.535502405876769,0.539417382907306,0.251123291610526,0.185336620199104,0.605910137601996,0.617524079300791,0.369410821687107,0.314577400347638,0.254886077450791,0.543807324756638,-0.0798512906602469,0.337068234191093,0.209321104716825,0.822464384629205,0.417042528679077,-0.584179284015262,0.495900966230123,0.49952642312986,0.232552238021516,0.171630618323891,0.56110190988498,0.571856978110571,0.342092176244408,0.291313792570435,0.236036758564144,0.503591720280512,-0.0739461331239123,0.312141385708938,0.193841403777591,0.761641551095747,0.38620142628939,-0.540978094991893,0.58581727415895,0.590100095575352,0.274718396322118,0.202750524470766,0.662840393058772,0.675545560381204,0.404120015579089,0.344134541995074,0.278834726930527,0.594902508673164,-0.0873539780947775,0.36873857520042,0.228988549152044,0.899741697905977,0.456227114347183,-0.639067746524188
-0.408786898744455,-0.411775477883233,-0.191700187437794,-0.141480563604425,-0.462534105075793,-0.471399849014845,-0.281997433630325,-0.24013920104179,-0.194572588266251,-0.415126631294614,0.0609561434486927,-0.257308046813808,-0.159789618683142,-0.627845293374292,-0.3183580877926,0.445945406038585,-0.475911221604872,-0.479390536507496,-0.223178068244393,-0.16471219617148,-0.538483918287568,-0.548805450218824,-0.328302456709462,-0.27957094729315,-0.226522127927833,-0.483291961721206,0.0709653679755623,-0.299558981131815,-0.186027665908171,-0.730939815993019,-0.370633664959701,0.519171293426347,-0.482969194000638,-0.486500108671084,-0.226487896997112,-0.167154950368164,-0.546469871251696,-0.556944476033824,-0.333171326304728,-0.283717107205074,-0.229881550554081,-0.490459393733884,0.0720178155445392,-0.304001572362596,-0.188786537880975,-0.741779974430233,-0.376130324961551,0.526870831683336,-0.464534998024693,-0.467931143078736,-0.217843200127648,-0.160774901388411,-0.525611951478059,-0.535686756604799,-0.320454685991104,-0.272888058849788,-0.221107323115131,-0.47173930828197,0.0692690055955846,-0.292398296974559,-0.181580844267081,-0.713467366525761,-0.361774005326746,0.5067609772953,-0.43018173558153,-0.433326729133894,-0.201733273734017,-0.148885286170708,-0.486741930082107,-0.496071683864912,-0.296756441562148,-0.252707458586869,-0.204756008507236,-0.436853273147746,0.0641464285270738,-0.270774876830514,-0.168152589293219,-0.660705073499158,-0.335020117238764,0.469285021935627,-0.508181892943507,-0.511897133839486,-0.238311365723741,-0.175881029573202,-0.574997529985142,-0.58601894615855,-0.350564047105273,-0.298528142976631,-0.241882179990981,-0.516063107576341,0.0757774000571803,-0.319871528909196,-0.1986418624093,-0.780503510857556,-0.395765657327132,0.554375351280073
0.0862618035191097,0.0868924505072162,0.0404523822904435,0.029855087374136,0.097603485374607,0.0994743258151155,0.0595068170908259,0.050673934612695,0.0410585134474192,0.0875996075565807,-0.0128629045735168,0.0542968873178441,0.0337186459095777,0.132487287395449,0.0671796060544792,-0.0941029546546147,0.100426311157987,0.101160512717364,0.0470948132922116,0.0347574032998239,0.113630339182079,0.115808378552237,0.0692780568616421,0.0589947823649038,0.0478004734301833,0.10198378757344,-0.0149750411467958,0.0632126373231227,0.0392553724568379,0.154242190699218,0.0782107461920096,-0.109555008352413,0.101915677451077,0.102660767541978,0.0477932500533353,0.0352728708532289,0.115315527008842,0.117525867659268,0.0703054808658773,0.0598697008928208,0.0485093754410186,0.103496251925681,-0.0151971275827557,0.0641501084921899,0.0398375468679635,0.15652967011722,0.0793706459014847,-0.111179757233436,0.0980257118083573,0.0987423629492674,0.0459690547449087,0.0339265592830094,0.110914109588526,0.113040084914559,0.0676220281145141,0.057584565913222,0.0466578467210538,0.0995459581709798,-0.0146170764498638,0.0617015968966002,0.0383170085908079,0.15055517184521,0.0763411896557031,-0.106936195824432,0.0907765206424608,0.0914401740440648,0.0425695541504841,0.03141762454225,0.102711796454862,0.104680551789649,0.062621248219275,0.053326075780284,0.0432074086264928,0.0921843418433722,-0.0135361153477527,0.057138644351874,0.0354833916238319,0.139421325412612,0.0706956108842061,-0.0990280571148595,0.107236036026844,0.108020022453951,0.0502882266275439,0.0371142393809118,0.121335405092222,0.123661133336872,0.0739756754561821,0.0629951108841013,0.0510417362915523,0.108899122075437,-0.0159904713556091,0.0674989708889163,0.0419172076170983,0.164701072138954,0.0835140741467499,-0.116983733516993
-0.536325419950118,-0.540246413911966,-0.251509243197061,-0.185621464198042,-0.606841361374212,-0.618473152549238,-0.369978569472663,-0.31506087460434,-0.255277812065875,-0.544643102666416,0.0799740141723493,-0.337586274628212,-0.209642810489087,-0.823728430795852,-0.417683481672978,0.585077109621323,-0.624392040376439,-0.628956876069607,-0.292807992483281,-0.216101196133977,-0.70648696056305,-0.720028734931459,-0.430730420926305,-0.366795037153536,-0.297195374318579,-0.634075517402227,0.0931060435114408,-0.393019191292097,-0.244066936457546,-0.958987690101544,-0.486268656401894,0.681148938060747,-0.63365204851462,-0.638284582725602,-0.29715046358795,-0.219306071765743,-0.716964472416641,-0.73070707724532,-0.437118342208478,-0.372234768619425,-0.301602912222427,-0.643479135756853,0.0944868470208993,-0.398847838479259,-0.247686556298464,-0.973209898650842,-0.493480234103796,0.691250675914345,-0.609466518282101,-0.613922235742509,-0.285808684550763,-0.210935494188824,-0.689599034296583,-0.702817104902834,-0.420434203168047,-0.35802713641632,-0.290091190025883,-0.618918520623793,0.0908804284816454,-0.38362442607441,-0.238232739003014,-0.936063964251067,-0.474644847791946,0.664866694106402,-0.564395289328642,-0.568521497856588,-0.264672579002941,-0.195336406022679,-0.638601850647392,-0.65084241934214,-0.389342279883623,-0.331550336538197,-0.268638384907249,-0.5731482977981,0.0841596448510198,-0.355254657069748,-0.220614966735425,-0.866840221875913,-0.439543942385837,0.615698514896057,-0.666730925039632,-0.671605293909749,-0.312662768041817,-0.230754623831707,-0.754392551930446,-0.76885256930332,-0.459937464631623,-0.391666739175414,-0.317347650231838,-0.677071020968964,0.0994193943916033,-0.4196691053437,-0.260616669965592,-1.02401489509306,-0.519241646490482,0.72733640436737
-0.206006997572033,-0.207513083548068,-0.0966067654549353,-0.0712987285367153,-0.233092749679576,-0.237560616178566,-0.14211180642929,-0.121017468901055,-0.0980543037011738,-0.209201887799874,0.0307186755104041,-0.129669660006333,-0.0805255248864324,-0.316400853904628,-0.160435654910569,0.224732921874973,-0.239834109592995,-0.241587500464617,-0.112469954159893,-0.0830062438424529,-0.271367442518241,-0.276568949244686,-0.165447091406219,-0.140888985525523,-0.114155183547633,-0.243553612629651,0.0357627958066706,-0.150961898456731,-0.0937481143274909,-0.368355046018017,-0.186779783676965,0.261634900024548,-0.243390954752817,-0.245170349181004,-0.114137932967236,-0.0842372628878551,-0.275391940852078,-0.280670588207332,-0.167900744421937,-0.142978431047218,-0.115848155046804,-0.247165619652794,0.0362931737724343,-0.153200729700354,-0.0951384400290938,-0.373817913100388,-0.189549809886546,0.265515060479507,-0.234101094003065,-0.235812571665514,-0.10978146251168,-0.0810220553097298,-0.264880651372492,-0.269957820825959,-0.161492229623006,-0.137521162859106,-0.111426408028335,-0.237731685712921,0.0349079187991964,-0.14735329199618,-0.0915071511805969,-0.359549854692086,-0.182314983346766,0.255380756428144,-0.216788864882082,-0.218373775457974,-0.101662910822153,-0.0750303174609668,-0.245292214394851,-0.24999391733784,-0.149549566593608,-0.127351206624858,-0.103186209433239,-0.220150967306173,0.032326410622304,-0.136456230777254,-0.0847400201930495,-0.33296044684949,-0.168832437366669,0.236494855073424,-0.256096822836801,-0.257969107943267,-0.120096336479532,-0.0886347457404778,-0.289768373515373,-0.295322584919528,-0.176665756712531,-0.150442410493726,-0.121895838196297,-0.260068538585808,0.0381878057186789,-0.161198349266454,-0.100105002857829,-0.393332529393781,-0.199444979911285,0.279375885078308
-0.459191562993763,-0.46254864300313,-0.215337401873993,-0.158925546132453,-0.519565962852561,-0.529524879904402,-0.316768572345777,-0.26974909274523,-0.218563978435069,-0.466313003792408,0.0684722207836092,-0.289034909264953,-0.179492163224041,-0.705260521969528,-0.357612605428864,0.500931826919328,-0.534592518415383,-0.538500843396419,-0.250696600839783,-0.185021709444262,-0.604880618348898,-0.616474826467016,-0.368783145189178,-0.314042892884981,-0.254452993222953,-0.542883326169936,0.0797156130473177,-0.336495511909072,-0.208965441238015,-0.821066911858219,-0.416333919784802,0.583186688277327,-0.542520760210638,-0.546487047367344,-0.254414541514669,-0.187765662640976,-0.613851263530668,-0.625617418846359,-0.374252361170242,-0.318700286887153,-0.258226642846367,-0.550934524284802,0.0808978305930654,-0.341485888110634,-0.212064490491263,-0.833243694703199,-0.422508334633338,0.591835602950024,-0.521813571969708,-0.525628472007624,-0.244703927306415,-0.18059893427471,-0.59042149899792,-0.601738558148334,-0.359967720543114,-0.306535984030892,-0.24837052655661,-0.529906195528565,0.0778100840417203,-0.328451893680664,-0.203970313003724,-0.801440056386965,-0.406381837252449,0.569246142533408,-0.483224448092056,-0.486757228886526,-0.226607598135576,-0.16724329344576,-0.546758686091662,-0.557238826808089,-0.333347410711847,-0.283867054558485,-0.230003045272687,-0.490718606471425,0.0720558776865994,-0.30416224026048,-0.1888863134708,-0.742172012630096,-0.376329113632848,0.527149288233167,-0.570842261389923,-0.575015602754734,-0.267695879789609,-0.197567693873571,-0.645896469095224,-0.658276859304931,-0.393789657188403,-0.335337568283368,-0.271706986284389,-0.579695253686535,0.0851209832769434,-0.359312658424602,-0.223135006419908,-0.876741960599984,-0.444564763023157,0.622731513219677
-0.845935210697376,-0.852119714973841,-0.396700429854754,-0.292776971937915,-0.957158575369635,-0.975505163751272,-0.583559696181247,-0.496939129541371,-0.40264451712245,-0.859054523001797,0.126141391052271,-0.532467986288472,-0.330665354401382,-1.29925015250539,-0.658803686960626,0.922830262357801,-0.984840905513547,-0.992040928298702,-0.461840109756979,-0.340852035132985,-1.11432755861998,-1.13568672476695,-0.679382359713534,-0.578538375201546,-0.468760238170056,-1.00011445749036,0.146854274672222,-0.619901201820183,-0.384961830329952,-1.51259183977834,-0.766981692471568,1.07436240946458,-0.999446528599918,-1.00675333088461,-0.468689401385215,-0.345907020486968,-1.13085352563135,-1.15252945759139,-0.689457898434513,-0.587118353350189,-0.475712158341385,-1.01494659405938,0.149032188051406,-0.629094608850584,-0.390670983315943,-1.53502424096277,-0.778356367763458,1.09029567576471,-0.961299182134452,-0.968327094943486,-0.450800243268493,-0.332704278191352,-1.08769057492864,-1.10853916969476,-0.663142344202935,-0.564708943141062,-0.457554952325067,-0.97620763378527,0.143343857210868,-0.605083029124554,-0.37575966897536,-1.47643471178113,-0.748647694827979,1.04868075620372,-0.890209246541468,-0.896717431592242,-0.417462692530021,-0.308100152703991,-1.00725375114493,-1.02656055196524,-0.614101684006292,-0.522947623519898,-0.423717877774752,-0.904015189329962,0.132743301456577,-0.560335967680726,-0.347971513984334,-1.36724950646897,-0.69328374841435,0.971128784037682,-1.05162116985675,-1.05930941304601,-0.493156644682773,-0.36396458953712,-1.18988807658076,-1.21269556880096,-0.725450037566662,-0.617768006517989,-0.500546014373429,-1.06793039351694,0.156812195010053,-0.661935570917226,-0.411065389440418,-1.61515793176159,-0.818989321199116,1.1472129636026
-0.63911778810662,-0.643790281512411,-0.299713616437248,-0.221197756456143,-0.723148846178442,-0.737009991615464,-0.440888826396131,-0.375445581741755,-0.304204470888986,-0.649029641586001,0.0953018692431047,-0.402288209937175,-0.249823044644616,-0.981604587639619,-0.49773688325333,0.697213248269628,-0.744063296112059,-0.74950303024131,-0.348927702351419,-0.257519247350214,-0.84189256515796,-0.858029762015386,-0.513284404677774,-0.437095136858992,-0.354155971737598,-0.755602712644802,0.110950789156936,-0.468345424025249,-0.290844913883093,-1.14278769664913,-0.579467123027772,0.811698246010877,-0.755098081522144,-0.760618489297196,-0.354102453396392,-0.261338370868771,-0.854378201586215,-0.870754720159109,-0.520896637789605,-0.443577449673283,-0.359408260313375,-0.766808632669189,0.112596238080198,-0.475291192320659,-0.295158271670105,-1.15973574000472,-0.588060874914504,0.823736087427427,-0.726277141825064,-0.731586844072607,-0.340586903952335,-0.251363484676292,-0.821767891443752,-0.837519343332215,-0.501014809251672,-0.426646776372873,-0.34569019632857,-0.737540719132965,0.108298611762189,-0.457150053933957,-0.283892531553602,-1.1154703993223,-0.565615490097795,0.792295339949699,-0.672567541115366,-0.677484580602126,-0.315399843029194,-0.232774668345055,-0.760996564929768,-0.775583166456285,-0.4639637941434,-0.395095421272417,-0.320125737054239,-0.682998155075075,0.100289719756384,-0.423342922403548,-0.26289812922959,-1.03297920374297,-0.523787129574107,0.733703565677527,-0.79451687021145,-0.800325462783801,-0.372587853010519,-0.274981157507716,-0.898979763440519,-0.916211194164415,-0.548089283349779,-0.466733760335291,-0.378170641801519,-0.806838753518379,0.118474159670394,-0.50010307243855,-0.310566576664618,-1.2202780446263,-0.618759731039228,0.866738022620538
0.278357810851821,0.280392842672026,0.130535603462248,0.096339241996179,0.314956231054972,0.32099323733386,0.192022270117417,0.16351948290663,0.132491525261488,0.282674764451529,-0.0415072466863833,0.175210372068269,0.108806540987733,0.427522608855766,0.216781556985068,-0.30366038482541,0.324065194390101,0.326434385972642,0.151970033035434,0.112158502358341,0.366673210745777,0.373701515815842,0.223553038092957,0.190369987652024,0.154247124438557,0.329091007760243,-0.0483228903290273,0.203980564115339,0.126672978021351,0.497723404710777,0.252377891569034,-0.353522544727167,0.328871223524528,0.331275551258583,0.154223815357546,0.113821862198704,0.372111135472543,0.379243673393025,0.226868427813184,0.193193258163064,0.15653467702608,0.333971571913855,-0.0490395400118731,0.207005685451928,0.128551593909308,0.505104861360042,0.256120766523714,-0.358765439302233,0.316318711561845,0.318631269781011,0.148337328037497,0.109477455681308,0.357908222157697,0.364768522006961,0.218209206664066,0.185819366771133,0.150559987648011,0.321224387448407,-0.0471677757205301,0.199104594820978,0.123644976045103,0.485825780792636,0.246345028314619,-0.34507191081295,0.292926330449175,0.295067870510924,0.137367495448223,0.101381385885443,0.331440216219217,0.337793183613096,0.202072213378478,0.172077664852322,0.139425785077473,0.297469222106543,-0.0436796273892359,0.184380424567694,0.114501190690032,0.449898023744852,0.228127336547054,-0.319553174949499,0.346039463761577,0.348569305901254,0.162274843610966,0.119763765699756,0.391536651941294,0.39904153355061,0.238711761593368,0.203278629065315,0.164706340426153,0.351406068363601,-0.0515995773268296,0.217812113877577,0.135262441466714,0.53147312037582,0.269491175774641,-0.377494263261596
-0.158364997651707,-0.15952278017788,-0.0742650995583795,-0.0548099001993295,-0.179186790694955,-0.182621400567241,-0.109246463259507,-0.0930304863631146,-0.0753778743362662,-0.160821024822593,0.0236145520899972,-0.0996817372439994,-0.0619028708240035,-0.243228730461372,-0.123332665456077,0.172760290011736,-0.184369116826788,-0.185717011532014,-0.0864597039728767,-0.0638098888198722,-0.208609925408598,-0.212608510943202,-0.127185137159558,-0.108306436795183,-0.0877552004908465,-0.187228432755897,0.0274921490080042,-0.116049847705965,-0.0720675514924383,-0.283167788886591,-0.143584345930027,0.20112816951038,-0.187103391788423,-0.188471276364007,-0.0877419393484764,-0.0647562174908979,-0.211703702205984,-0.215761588519902,-0.129071348592431,-0.109912668811748,-0.0890566486486786,-0.190005112628326,0.0278998696499853,-0.117770917906578,-0.0731363449269548,-0.28736729153877,-0.145713764830092,0.20411098858245,-0.179961941288399,-0.181277615800377,-0.0843929636263163,-0.0622845716411906,-0.203623295455873,-0.207526298451169,-0.124144892486352,-0.10571747023121,-0.0856574924819015,-0.182752907878767,0.0268349742669674,-0.113275781968459,-0.0703448424210081,-0.276398921226324,-0.140152093132109,0.19632038410682,-0.166653407324005,-0.167871785158677,-0.0781519405814671,-0.0576785069854635,-0.188564958542439,-0.192179326910024,-0.114964137342614,-0.0978994586387081,-0.0793229550800552,-0.169237976531707,0.024850475967445,-0.104898818590104,-0.0651427051364384,-0.255958685893635,-0.129787574510694,0.181802111626077,-0.196870850141771,-0.198310143126879,-0.0923223786993425,-0.0681367209196006,-0.22275538371096,-0.22702510603274,-0.135809329181327,-0.115650498601269,-0.0937057204717503,-0.199924051065418,0.0293563414555752,-0.123918976073203,-0.0769543206267108,-0.30236887983383,-0.153320538367884,0.214766303600438
-0.0221562659322966,-0.0223182470387407,-0.0103901576718534,-0.00766825209197915,-0.0250693666218066,-0.0255498902907515,-0.0152842719542351,-0.0130155541075136,-0.0105458419093251,-0.0224998796849691,0.0033038253637887,-0.0139461062212035,-0.00866060359477698,-0.0340292395061261,-0.0172550208348035,0.0241702584838793,-0.0257944068619315,-0.0259829858660079,-0.0120962600451883,-0.00892740748756058,-0.0291858494743558,-0.0297452769095305,-0.0177940060198169,-0.0151527562996663,-0.0122775082110844,-0.0261944432654878,0.00384632572540626,-0.0162361085170524,-0.0100827067826419,-0.0396169666723325,-0.0200883591659387,0.0281391044500164,-0.0261769492423837,-0.0263683249558983,-0.0122756528932978,-0.00905980486075231,-0.0296186884379809,-0.0301864124276716,-0.0180578989426912,-0.0153774783293805,-0.0124595890490827,-0.0265829183614664,0.0039033684248902,-0.0164768971358658,-0.010232237751688,-0.040204503684455,-0.020386278353453,0.0285564197252899,-0.0251778150980519,-0.0253618862930759,-0.0118071099841874,-0.00871400595601573,-0.0284881883688284,-0.0290342432015291,-0.017368656539328,-0.0147905434841339,-0.0119840255780299,-0.0255682889963331,0.00375438281793107,-0.0158479991551021,-0.00984168887542398,-0.0386699592264624,-0.0196081652666228,0.0274664648293537,-0.0233158669273291,-0.0234863257011194,-0.0109339513423051,-0.00806958834526258,-0.0263814316858528,-0.0268871047065136,-0.016084210762545,-0.0136967541590065,-0.0110977836854744,-0.0236774645248753,0.00347673894006414,-0.0146760089358737,-0.00911387692958772,-0.0358102408766677,-0.01815810348377,0.0254352665801778,-0.0275434785131722,-0.0277448447153345,-0.0129164853616425,-0.00953275869564015,-0.0311648886593318,-0.0317622498478595,-0.019000585091701,-0.016180237048643,-0.013110023634867,-0.0279706406551364,0.00410713805281336,-0.0173370494026347,-0.0107663967273531,-0.0423033208763903,-0.0214505141371756,0.0300471657653344
0.0543231200877803,0.0547202681958687,0.0254747701920439,0.0188011545144321,0.0614655112771448,0.0626436676078585,0.0374742451350486,0.0319117630629637,0.0258564795267211,0.0551655982926947,-0.00810037677533621,0.0341933070006645,0.0212342192745547,0.0834334842268033,0.0423061616876442,-0.0592610622288359,0.0632431776110447,0.0637055389094594,0.0296578218123813,0.0218883737224143,0.0715583758880698,0.0729299898520046,0.0436276549853186,0.0371517927543814,0.0301022092336078,0.0642239938576214,-0.00943048864445117,0.0398079746571561,0.0247209567278632,0.0971335713622047,0.0492529901325589,-0.0689919481410735,0.0641811017059925,0.0646503200254921,0.030097660333029,0.0222129879162129,0.0726196180247873,0.0740115736261024,0.0442746722662727,0.0377027701548079,0.030548638214849,0.0651764638881963,-0.00957034693210966,0.0403983444015678,0.02508757937146,0.0985741048782346,0.0499834336039111,-0.0700151290273482,0.0617314071468013,0.0621827161201881,0.0289488786386923,0.0213651521172733,0.0698478381949428,0.0711866649783888,0.0425847756942646,0.0362637130420496,0.0293826433840275,0.0626887778757991,-0.00920506141681018,0.0388564013396647,0.0241300248101334,0.0948116819534375,0.0480756423367854,-0.0673427585618946,0.0571662500763601,0.0575841838774313,0.0268080530183643,0.0197851577552903,0.0646824553350902,0.0659222732859331,0.0394355490875956,0.0335819412560821,0.027209740021014,0.0580528213864799,-0.00852432930404846,0.0359828952346469,0.022345562759723,0.0878001745176706,0.0445203555115903,-0.0623626311907373,0.0675315820580224,0.0680252952322146,0.0316688645801893,0.0233725843954706,0.0764106187539202,0.0778752393573797,0.0465859666438646,0.0396709880143182,0.0321433851013857,0.0685789056641653,-0.0100699528675925,0.0425072807640509,0.0263972396846955,0.103720021555178,0.0525927455004885,-0.0736701662254565
-0.420410443636398,-0.423484000752429,-0.197151036624304,-0.145503455941348,-0.47568591094559,-0.484803745577843,-0.290015816409426,-0.246967376778825,-0.200105111988026,-0.42693044166504,0.0626893850765231,-0.264624405636424,-0.164333115091013,-0.645697597288986,-0.327410358147976,0.458625524854442,-0.489443395619974,-0.493021642198461,-0.229523967056472,-0.169395662330327,-0.55379529939354,-0.564410316243528,-0.337637487639803,-0.287520334776765,-0.232963112536377,-0.497034001474034,0.0729832142983548,-0.308076713171821,-0.191317221254657,-0.751723534332816,-0.381172351635708,0.533933534717064,-0.496702056098553,-0.500333369645058,-0.232927908275148,-0.171907874386723,-0.562008326862915,-0.572780769073992,-0.34264479984291,-0.29178438759576,-0.236418057792698,-0.504405233970571,0.0740655874143636,-0.312645626109012,-0.194154539655968,-0.762871924439434,-0.38682530498865,0.541852003494703,-0.477743697765322,-0.481236409623773,-0.224037406017968,-0.165346413561442,-0.540557327987217,-0.550918602543452,-0.329566571523374,-0.280647423477808,-0.227394341862697,-0.485152857111326,0.0712386171429055,-0.300712420400848,-0.186743957618653,-0.733754269039565,-0.372060774312174,0.521170340675507,-0.442413626404312,-0.445648045458944,-0.207469406106772,-0.153118726168101,-0.50058206706418,-0.510177105307565,-0.305194485518706,-0.259893003178526,-0.210578090046759,-0.449274864072555,0.0659703834873045,-0.278474154733296,-0.172933880416661,-0.679491720296645,-0.344546159742545,0.482628784997357,-0.522631658980638,-0.526452539928857,-0.245087568352196,-0.18088207302436,-0.591347147898696,-0.602681949667528,-0.360532069445384,-0.307016563916869,-0.248759916010216,-0.530736969963842,0.0779320728562956,-0.328966832812893,-0.204290092849721,-0.80269653520505,-0.407018953112198,0.570138593209749
0.576865897888849,0.581083277148307,0.270520657808298,0.199652465889097,0.652712091919463,0.665223122369709,0.39794500081374,0.338876114309821,0.274574090264411,0.585812308649947,-0.0860191961395353,0.363104194178354,0.22548956959746,0.885993509112092,0.449255895256713,-0.629302695008019,0.67158941494868,0.676499303503094,0.314941151789168,0.23243614027147,0.759889834962274,0.774455222951468,0.463289043877139,0.394520827426803,0.319660172867893,0.68200485949294,-0.100143866748104,0.422727247746996,0.26251579210558,1.03147692489801,0.523025377235657,-0.732636528373006,0.681549380876804,0.686532085234482,0.319611867365327,0.235883270297701,0.771159334893165,0.785940733982108,0.470159823834625,0.400371744537232,0.324400873598838,0.692119291037224,-0.10162904426657,0.428996478456612,0.266409016576912,1.04677418063039,0.530782073247921,-0.743501849799865,0.655535682673206,0.660328204821003,0.307412770875453,0.226879966389027,0.741725361702566,0.755942577379835,0.452214541940368,0.385090166967254,0.312018988060439,0.665702155517612,-0.0977500189744198,0.412622338542319,0.256240591587613,1.00682041002142,0.510522932747217,-0.71512352054421,0.607057549823175,0.611495655679824,0.284679001318433,0.210101753635198,0.68687333522519,0.700039160278612,0.41877240107703,0.356612003585893,0.288944579824957,0.616472192318457,-0.090521215827334,0.382108117770729,0.237291103758211,0.932364091497147,0.472768773498734,-0.66223875172163,0.717128667440416,0.722371486576535,0.336296736484411,0.248197210717817,0.811416577775656,0.826969618140716,0.494703828381132,0.421272564684024,0.341335745769671,0.728250364269714,-0.106934439577024,0.451391610885831,0.280316508843615,1.10141949259902,0.558490773478301,-0.782315274207314
-0.43028734036149,-0.433433105974415,-0.201782796984823,-0.148921835834687,-0.486861419753964,-0.496193463886438,-0.2968292919324,-0.252769495427002,-0.204806273805447,-0.436960515715176,0.0641621757541398,-0.270841349018711,-0.16819386886351,-0.660867269167022,-0.335102360911232,0.469400226132786,-0.5009421153699,-0.504604427347921,-0.234916279623547,-0.17337535286333,-0.566805868140691,-0.577670268484237,-0.345569761079761,-0.294275182797168,-0.238436222536632,-0.508711050833122,0.0746978426602362,-0.315314501684124,-0.195811925096263,-0.769384122519459,-0.390127409742739,0.546477481853222,-0.508371306911621,-0.512087932584449,-0.238400191205434,-0.175946585477869,-0.575211848057711,-0.586237372229064,-0.350694712381156,-0.298639412978455,-0.241972336417576,-0.516255459099213,0.0758056444677693,-0.319990754203168,-0.198715901929233,-0.7807944269039,-0.395913170539701,0.554581982875116,-0.488967551109871,-0.492542318861173,-0.229300820272516,-0.169230973222912,-0.553256890957968,-0.563861587722859,-0.337309231203337,-0.287240803018709,-0.232736622161497,-0.49655077725842,0.0729122588780461,-0.307777196181776,-0.19113121966543,-0.750992696977304,-0.380801769924826,0.533414436199178,-0.452807454064664,-0.456117860820011,-0.212343580687232,-0.156716015122103,-0.512342472766904,-0.52216293167535,-0.312364560525556,-0.265998789537602,-0.215525298374814,-0.459829885958411,0.0675202561759629,-0.285016476667826,-0.176996695941344,-0.695455333114811,-0.352640741807085,0.493967405952497,-0.534910085930183,-0.538820732599249,-0.250845523792789,-0.185131619108965,-0.605239939566652,-0.616841035068583,-0.369002215869899,-0.31422944585308,-0.254604147610468,-0.543205818727872,0.0797629670379818,-0.336695402554333,-0.209089574355421,-0.821554655643814,-0.416581237365348,0.583533122506914
-0.391348588147992,-0.39420967843763,-0.183522509972572,-0.135445189136519,-0.442803009459613,-0.451290552441264,-0.269967794593079,-0.229895179066,-0.186272377965564,-0.397417876059031,0.0583558346680403,-0.246331624494282,-0.152973204044499,-0.601062240233363,-0.304777351147481,0.426921962470673,-0.455609475819531,-0.458940367731786,-0.213657585850467,-0.157685790861805,-0.515512903690133,-0.525394132665982,-0.314297506386286,-0.267644818966584,-0.216858992353014,-0.462675363285313,0.0679380788619654,-0.286780189612368,-0.178091970738866,-0.699758886325858,-0.354822921056401,0.497024129964546,-0.462366364410516,-0.465746654912472,-0.216826221668704,-0.160024340382352,-0.523158186420883,-0.533185958361432,-0.318958676418486,-0.271614109158493,-0.220075106435468,-0.469537042090146,0.068945630404062,-0.291033265753567,-0.180733152867633,-0.710136617884119,-0.360085100783444,0.504395216062263,-0.444718546951132,-0.447969816930987,-0.208550296179843,-0.153916455887496,-0.503190038028193,-0.512835065239988,-0.306784511228731,-0.2612470137407,-0.21167517598058,-0.451615530823231,0.0663140810664621,-0.279924970808334,-0.173834844651088,-0.683031788536031,-0.346341202832364,0.485143221571267,-0.411830749429486,-0.414841581699876,-0.193127598024204,-0.142534035992529,-0.465978160540657,-0.474909919317378,-0.284097202688896,-0.241927291300649,-0.196021386913913,-0.418217687991691,0.0614100263876104,-0.259223977282627,-0.160979421345075,-0.632520265425013,-0.320728600366729,0.449265941099337,-0.486503522829725,-0.49006027644325,-0.228145316794771,-0.168378176543559,-0.550468892812872,-0.561020149891077,-0.335609446661494,-0.285793325654938,-0.231563804829283,-0.49404853522842,0.0725448359939773,-0.306226230859733,-0.190168062234215,-0.747208259258819,-0.378882815736364,0.530726429085312
0.42935964692833,0.43249863031499,0.201347756122291,0.148600762458366,0.485811753404065,0.495123677781093,0.296189332168155,0.252224527962206,0.20436471436956,0.436018435010132,-0.0640238430087367,0.270257418892619,0.167831245255966,0.659442448661538,0.334379884950418,-0.468388205869904,0.499862091238975,0.503516507324057,0.23440980344006,0.173001558049409,0.565583842688329,0.576424819538064,0.344824717551911,0.293640729656172,0.237922157405901,0.507614276986981,-0.0745367951656738,0.314634688068537,0.195389757349256,0.76772534120965,0.389286300553214,-0.5452992841148,0.50727526554858,0.510983878228911,0.237886203757744,0.175567247122719,0.573971699431282,0.584973452728125,0.349938619530628,0.297995550618781,0.241450647475223,0.515142419615325,-0.0756422085681443,0.319300858653146,0.198287473249158,0.779111045138872,0.395059587331553,-0.55338631194687,0.487913343970493,0.491480404572974,0.228806450940139,0.168866113633005,0.552064076909195,0.562645910097525,0.336581997261319,0.28662151590124,0.232234845288736,0.495480220790488,-0.0727550610769181,0.307113632890478,0.190719143453272,0.749373567321405,0.379980766683136,-0.532264402202828,0.451831207584187,0.455134477149289,0.211885770924082,0.156378137605238,0.511237869626324,0.52103715576396,0.311691106941474,0.265425299901409,0.215060628873233,0.458838499213878,-0.0673746834565631,0.284401985166577,0.176615093562854,0.693955941231599,0.351880453344579,-0.492902419196642,0.53375682733412,0.537659042704159,0.250304704383683,0.184732477950935,0.603935050798717,0.615511134502473,0.368206652300224,0.313551971602551,0.254055224661456,0.542034674648976,-0.0795909992067452,0.335969492018219,0.208638780183999,0.819783395400873,0.415683094096813,-0.582275033330211
0.165944005265081,0.167157196768683,0.077819267229943,0.0574329839429518,0.18776228446587,0.191361267367278,0.114474763635572,0.0974827250198701,0.0789852970113888,0.168517572605214,-0.0247446936789241,0.104452290438766,0.0648654088609544,0.25486913350051,0.129235101122607,-0.181028225304908,0.193192625561808,0.194605027603784,0.0905974791402255,0.0668636926297139,0.218593547019065,0.222783496242987,0.133271943822229,0.113489749529816,0.0919549753305875,0.196188782191306,-0.0288078640317112,0.12160374340474,0.0755165492478619,0.296719589219097,0.150455983394755,-0.210753730401908,0.196057757032511,0.197491105616975,0.0919410795385127,0.0678553105522081,0.221835385308884,0.226087473319663,0.135248425270713,0.115172852350301,0.0933187079934736,0.199098347980479,-0.029235097305243,0.123407180317361,0.0766364928335952,0.301120071020995,0.152687311695855,-0.213879300768719,0.188574532096767,0.18995317195646,0.0884318290531687,0.0652653770569334,0.213368267699768,0.21745806000997,0.130086199588726,0.110776880603641,0.0897568755355396,0.191499068335421,-0.0281192383233553,0.118696916857356,0.073711395031598,0.289626778135146,0.146859470372215,-0.205715854746604,0.174629080368128,0.175905767141151,0.0818921240907647,0.0604388760698762,0.197589271222642,0.201376615473671,0.120466073282403,0.102584715819084,0.0831191808204758,0.177337341490034,-0.0260397662105292,0.109919050058656,0.068260294663833,0.268208317174933,0.13599892821842,-0.190502769022428,0.206292664900089,0.207800839346718,0.0967407288488243,0.0713975975922081,0.233415976481456,0.237890038515064,0.142308871094599,0.121185282312233,0.0981902743782519,0.209491985442266,-0.0307612727136928,0.129849471302748,0.0806371886250709,0.316839603013128,0.160658129027485,-0.22504455620815
0.354025144328462,0.356613368569974,0.166019720137567,0.122527598373548,0.400572287931023,0.408250362466293,0.244220601119707,0.207969765099754,0.168507329503197,0.359515596047848,-0.0527903598388562,0.222838644511155,0.138383942807944,0.543738121954169,0.275710323215042,-0.386205837859098,0.412157384284285,0.415170604532656,0.193280773096793,0.142647083850696,0.466347741270164,0.475286584082585,0.284322528380767,0.24211917081857,0.196176857133999,0.418549388511821,-0.0614587324521286,0.259429575301467,0.161107098770789,0.633021935505114,0.320982979477458,-0.44962226688521,0.418269859277373,0.421327766905174,0.196147211834146,0.144762602742559,0.473263883053106,0.482335292829608,0.288539156326707,0.245709904439771,0.199086246069336,0.424756659734422,-0.0623701924417946,0.263277029822393,0.163496387789971,0.642409928777563,0.325743298011286,-0.45629036253863,0.402305138022832,0.405246329990117,0.188660572545345,0.139237235447723,0.455200123962653,0.463925291892521,0.277526057726358,0.236331532924697,0.19148742833573,0.408544347220714,-0.0599896175214655,0.253228147980657,0.157255980552164,0.617890123640751,0.313310174184794,-0.438874456784275,0.372553894203747,0.375277579330906,0.174708757958959,0.128940372323232,0.421537193528684,0.429617118398223,0.257002468467356,0.218854358527332,0.177326562290855,0.378331701802343,-0.0555532691659207,0.234501436188076,0.145626596342929,0.572195952762929,0.290140280235682,-0.40641884104462,0.440105024273057,0.44332256548696,0.20638678955854,0.152319722257576,0.497969930461868,0.507514899890876,0.303601920105561,0.258536829893556,0.209479251768588,0.446930458641043,-0.0656261369297192,0.277021021310752,0.172031477097529,0.675945997606328,0.342748249481141,-0.480110332184984
0.308172717221697,0.310425721309299,0.144517272535058,0.106658138638853,0.348691194377097,0.355374824425615,0.212589776331674,0.181034055454791,0.146682693126996,0.312952059740849,-0.0459530880652862,0.193977155807013,0.120460810081357,0.47331455740944,0.240001030526862,-0.336185450007179,0.35877581881594,0.361398774519522,0.168247543956047,0.124171800049418,0.405947579994739,0.413728686852408,0.247497805006614,0.210760517883996,0.17076853462958,0.364339947078719,-0.0534987553290889,0.225828923253394,0.140240921265848,0.551034560823609,0.279410088667908,-0.391388346079843,0.36409662175253,0.366758477040973,0.170742728912798,0.126013322369749,0.4119679608634,0.419864464952562,0.251168306134658,0.213886188912147,0.173301106985022,0.369743268480733,-0.0542921653626814,0.229178065349924,0.142320755709997,0.559206645327712,0.283553862975785,-0.397192807116379,0.350199610177177,0.352759866517579,0.164225739909474,0.121203586450773,0.396243773439643,0.403838880036559,0.241581595769387,0.205722479980125,0.166686468600848,0.35563073302997,-0.0522199163896904,0.220430688866026,0.136888589984331,0.537862582354188,0.272731045403231,-0.38203256472914,0.324301671018521,0.326672591445897,0.15208092850232,0.11224034658273,0.36694077926628,0.373974213026235,0.223716169060541,0.190508904307104,0.154359681542998,0.329331151821702,-0.048358152474973,0.204129412670816,0.126765413738833,0.498086603087738,0.252562056588664,-0.353780516952802,0.383103752278437,0.385904565821052,0.179656102838582,0.132591663181472,0.433474144488318,0.441782874000498,0.264280179449201,0.225051803937011,0.182348037288559,0.389045173923474,-0.0571264082859349,0.241141970372755,0.149750402179401,0.588399208685036,0.298356376821599,-0.417927675494102
-0.26666644383731,-0.26861600184299,-0.12505294916249,-0.0922928765192041,-0.301727685825713,-0.307511130489572,-0.183957100945292,-0.15665146550545,-0.12692671986442,-0.270802080129039,0.0397638917818188,-0.167851323086203,-0.104236533771574,-0.409566138685814,-0.207676467614902,0.290906278892843,-0.310454061608702,-0.312723744259791,-0.145587106592711,-0.107447708682904,-0.351272489393288,-0.358005597091981,-0.214163538270568,-0.182374216355445,-0.147768557384069,-0.315268784697322,0.046293270092003,-0.195413132033583,-0.121352558693664,-0.476818415630793,-0.241777712800375,0.338674167361139,-0.31505823166714,-0.317361574708594,-0.147746227312844,-0.109041205384484,-0.356482014659721,-0.363314977302189,-0.217339677585367,-0.1850789060671,-0.149960029977343,-0.319944359213376,0.0469798196154987,-0.198311194590318,-0.12315227042672,-0.483889842112325,-0.245363382449226,0.343696853979734,-0.303032940492193,-0.305248368450132,-0.142106979628264,-0.10487926923104,-0.342875640999109,-0.349447799900858,-0.209044154268921,-0.178014727092882,-0.144236284828585,-0.307732572017836,0.0451866717036559,-0.190741959387095,-0.118451736487643,-0.465420506405054,-0.235998237148915,0.33057847036173,-0.280623067871362,-0.282674660642745,-0.1315978933658,-0.0971232442252569,-0.317519323540367,-0.32360545856764,-0.193584934351485,-0.16485019338805,-0.133569732324225,-0.284975152547201,0.0418450298498246,-0.176636222214199,-0.109692001251952,-0.43100175890282,-0.21854571061943,0.306131552478932,-0.331505384908317,-0.333928970597517,-0.155459102575813,-0.114733541702984,-0.375091635782163,-0.382281303225128,-0.228685576925052,-0.194740679110412,-0.157788473563907,-0.336646585582095,0.0494323322458474,-0.208663739863008,-0.129581254214857,-0.509150602140581,-0.258172218230351,0.361639044526551
0.663756758476971,0.668609383665547,0.311268035751511,0.229725269019136,0.751027342640149,0.765422856480113,0.457885766447471,0.389919584400356,0.315932019525939,0.674050729100858,-0.0989759023809967,0.417797037057052,0.259454105944075,1.01944694909525,0.516925403033137,-0.724091887677903,0.772748076676346,0.778397520894297,0.362379400112955,0.267447009060703,0.874348813996532,0.891108124527885,0.533072305239711,0.453945824363714,0.367809227297855,0.784732355404028,-0.115228112144149,0.486400858000625,0.302057431119959,1.18684391401832,0.601806468826879,-0.842990457564519,0.784208269978094,0.789941497934547,0.367753645742562,0.271413365644847,0.887315790847062,0.904323649312846,0.540978001606024,0.460678040273076,0.373263999648929,0.796370280821774,-0.116936995645544,0.493614396310288,0.306537075461169,1.20444533042321,0.610731523021335,-0.855492376219263,0.754276238878996,0.759790638286886,0.353717051150822,0.261053932300157,0.85344830326357,0.869806997766136,0.520329698103115,0.443094663565622,0.359017083270481,0.765974044356912,-0.112473689245581,0.474773889232067,0.294837023795064,1.15847349300762,0.587420834215688,-0.822839539733936,0.698496050735939,0.703602649631745,0.327558990422403,0.24174848860644,0.790334148962269,0.805483086335955,0.481850309570676,0.410326955364171,0.332467074905957,0.709328780851825,-0.104156042176933,0.439663440961637,0.273033255081271,1.07280213539632,0.54397992627936,-0.761988962754183,0.825146713392437,0.831179236111853,0.386951685846208,0.285582102620368,0.933636811276061,0.951532540066676,0.569218965333391,0.484727062205064,0.392749699702393,0.837943624187813,-0.123041520122712,0.519382812438338,0.322539394231048,1.2673216336871,0.64261386710483,-0.900152101927375
0.364136679110879,0.366798827252605,0.170761513768984,0.126027186164438,0.412013284953904,0.419910657804475,0.251195939290923,0.213909720346397,0.173320173310085,0.369783947074595,-0.0542981385044068,0.229203279173236,0.14233641362378,0.559268168395065,0.283585059141917,-0.397236505666867,0.423929270529614,0.427028553256417,0.198801186805395,0.14672131691881,0.479667392379973,0.488861543103316,0.292443242915324,0.249034488717433,0.201779987720044,0.430503840809622,-0.0632140939591531,0.266839306548733,0.165708579933956,0.651102073092614,0.33015077621039,-0.462464211202987,0.430216327764921,0.433361574215502,0.201749495702139,0.148897258476126,0.486781070437721,0.496111574453573,0.296780304623733,0.252727779539687,0.204772473542385,0.436888401809169,-0.0641515867307723,0.270796650637774,0.168166110939364,0.66075820274473,0.335047057195477,-0.46932275852972,0.41379562806692,0.416820825267605,0.194049025800498,0.143214077691253,0.468201380964157,0.477175753902253,0.285452653988468,0.24308154645801,0.196956621196833,0.420213039242344,-0.0617030187130752,0.260460756362331,0.161747467506042,0.635538072033673,0.322258823100577,-0.4514094261388,0.383194640263498,0.385996118274414,0.179698724663855,0.132623119383691,0.433576982404508,0.441887683089455,0.264342877590002,0.225105195491838,0.182391297751529,0.389137471458399,-0.0571399610222681,0.241199179177604,0.149785929141054,0.588538801205786,0.298427159239568,-0.418026825147691,0.452675140639494,0.455984580071418,0.212281532445267,0.156670221634046,0.512192762803379,0.52201035210678,0.312273285471372,0.265921062877807,0.215462320413248,0.459695520530765,-0.0675005262967774,0.284933192910195,0.176944976300084,0.69525211632509,0.35253769777814,-0.493823065308771
-0.0847815200253494,-0.085401344884903,-0.0397582048985396,-0.0293427633646465,-0.0959285745515159,-0.0977673106989241,-0.0584856587622008,-0.0498043517160837,-0.0403539346274194,-0.0860963668656164,0.0126421725166247,-0.0533651332531223,-0.0331400218496154,-0.130213758015541,-0.0660267799147181,0.0924881141944515,-0.0987029596317984,-0.0994245620290309,-0.046286649401426,-0.0341609537904034,-0.111680401798213,-0.113821065231434,-0.0680892205532364,-0.0579824107358617,-0.0469802001582832,-0.100233709193237,0.014718064068603,-0.0621278857898934,-0.0385817361830913,-0.15159533937431,-0.0768686217302012,0.107675005107559,-0.100166767865007,-0.100899071942656,-0.0469731007371732,-0.0346675757356743,-0.113336671197328,-0.11550908160926,-0.0690990135929831,-0.0588423153479732,-0.0476769371563025,-0.101720219114615,0.014936339421651,-0.0630492696173931,-0.039153920272474,-0.153843564824894,-0.0780086171445618,0.109271872714926,-0.0963435554281945,-0.0970479085784367,-0.045180209274647,-0.0333443673549726,-0.1090107836789,-0.11110027650567,-0.0664616098534893,-0.0565963941043887,-0.0458571813333857,-0.0978377138178646,0.0143662421742858,-0.0606427753591574,-0.037659474977629,-0.14797159108651,-0.0750311474547384,0.105101132342025,-0.089218762983264,-0.0898710278544189,-0.0418390453299523,-0.0308784868344145,-0.10094922518109,-0.102884195968065,-0.0615466451352214,-0.0524109811898135,-0.0424659539943301,-0.090602425467329,0.0133038307524686,-0.0561581247170025,-0.0348744838943319,-0.137028805452828,-0.0694824488402429,0.097328700129658,-0.105395827179,-0.106166360117773,-0.0494252626183259,-0.0364773457188536,-0.11925324601324,-0.121539063926885,-0.0727062263274806,-0.0619140921826006,-0.0501658417861874,-0.107030374074387,0.0157160691307598,-0.066340664334028,-0.0411978932971007,-0.161874742656544,-0.0820809426747337,0.11497625068335
0.674477201011311,0.679408201732506,0.31629537603458,0.233435598915974,0.763157306464496,0.777785324571878,0.465281153362635,0.396217238539756,0.321034688563701,0.684937431216157,-0.10057447815474,0.42454494443364,0.263644591084225,1.0359122013055,0.525274348647601,-0.73578681262186,0.785228855581768,0.790969544885084,0.368232248291033,0.271766588869118,0.888470562808439,0.905500555669082,0.541682042077771,0.461277576638389,0.373749773491153,0.797406694329404,-0.117089179980831,0.494256796761707,0.306936009441063,1.20601282162637,0.611526342234505,-0.856605732500556,0.796874144315169,0.802699970561672,0.373693294229191,0.27579700671861,0.90164697139491,0.918929526527788,0.54971542462205,0.468118525653461,0.379292646750852,0.809232585758895,-0.118825663935465,0.501586842092851,0.311488005241027,1.22389852134842,0.62059554641973,-0.869309571661263,0.766458676150858,0.772062139513591,0.359429992332738,0.265270256493991,0.867232484553355,0.883855390971072,0.528733627036696,0.450251156990905,0.364815626126569,0.778345414773035,-0.114290269953473,0.482442038944013,0.299598984152113,1.17718418536703,0.596908362916914,-0.8361293539438,0.709777573186362,0.714966649585122,0.332849448543669,0.245653007463341,0.803098963359514,0.818492573665713,0.489632751689622,0.416954212245692,0.337836804291866,0.720785264474717,-0.105838283224579,0.446764516156855,0.277443059250766,1.09012913583187,0.552765833865285,-0.774295969474162,0.838473791136429,0.844603746103916,0.393201404977052,0.29019458525181,0.94871613010092,0.966900895695544,0.578412512712577,0.492555967220106,0.399093063490808,0.851477386903441,-0.125028783572714,0.527771448068723,0.327748780044081,1.28779034993437,0.652992827388225,-0.91469060380722
0.565773101730422,0.569909383236279,0.26531870268373,0.195813264933138,0.640160817503172,0.652431268104576,0.390292749584387,0.332359723459268,0.269294189988046,0.57454747820888,-0.0843650969598478,0.356121911424197,0.221153536144018,0.868956368538801,0.440616965329858,-0.617201569697579,0.658675140574954,0.663490614824251,0.30888501636587,0.227966528298706,0.745277594798753,0.759562898836852,0.454380264653112,0.386934421062836,0.313513293410175,0.668890302170175,-0.0982181583565717,0.414598448303258,0.257467765899052,1.01164222273952,0.512967903017486,-0.718548353465802,0.668443582143274,0.673330471990231,0.313465916794366,0.231347372016711,0.756330388791577,0.770827550161441,0.461118923502735,0.392672828435589,0.31816283321958,0.678810239070574,-0.0996747767739856,0.420747125347652,0.261286125925082,1.02664532112919,0.520575442270715,-0.72920474107247,0.642930112246732,0.647630476977242,0.301501401844456,0.22251719641286,0.727462413809453,0.741406240686959,0.443518718956241,0.377685106726363,0.306019044148379,0.652901089723279,-0.0958703428851694,0.404687850633406,0.251313233842254,0.987459838322893,0.500705873274829,-0.701372110605566,0.595384185734108,0.599736949392896,0.279204789471682,0.206061618945086,0.673665159941825,0.686577813826506,0.410719651037683,0.349754561886005,0.283388343381079,0.604617790122463,-0.0887805454239345,0.37476040060384,0.23272813365748,0.914435271557772,0.463677704580145,-0.649504285170662,0.703338699691597,0.708480702460888,0.329829945571275,0.243424522514789,0.79581350827584,0.81106747270827,0.485190961097578,0.413171737950671,0.334772057634761,0.714246532750624,-0.104878152414124,0.442711612387904,0.274926185193311,1.08023983548801,0.547751320289562,-0.76727180587236
0.123385279698355,0.124287330801439,0.0578613975102601,0.042703469621529,0.139607947564096,0.142283919565678,0.0851160649462178,0.0724818788911412,0.0587283821927768,0.125298818699524,-0.018398561284254,0.0776639990720589,0.0482297423294817,0.189504280514405,0.0960909017073931,-0.134600934675903,0.143645599625762,0.144695770861038,0.0673624532915551,0.0497155375007578,0.162532089641435,0.165647466157084,0.0990924380677786,0.0843836718672906,0.0683718000701249,0.14587334881839,-0.0214196731926948,0.0904167153757264,0.0561492446558581,0.220621585270867,0.111869383674321,-0.156702906691761,0.145775926945032,0.146841672680872,0.0683614680536773,0.0504528407526915,0.164942511900962,0.168104090818344,0.100562022437218,0.0856351187751493,0.0693857838881917,0.148036714636422,-0.0217373363518247,0.0917576349680101,0.0569819626100339,0.2238935002585,0.113528455757644,-0.159026879608468,0.14021188261413,0.141236950464093,0.0657522153001711,0.048527132932128,0.158646908316061,0.161687814598252,0.0967237237374825,0.0823665571742568,0.066737434564823,0.142386379494676,-0.0209076554461228,0.0882553862815497,0.054807048187136,0.215347827547333,0.109195248115667,-0.152957066666855,0.129842942444767,0.130792204542696,0.0608897116825082,0.044938457503322,0.146914662305852,0.149730687681283,0.0895708171100747,0.076275390809658,0.0618020720751557,0.131856631071173,-0.0193614938486844,0.0817287296037,0.0507539608673133,0.199422438787054,0.101120048115635,-0.141645595462131,0.153385945564932,0.154507326994975,0.0719301783042273,0.0530866573615174,0.173553093998325,0.176879718509542,0.105811715436876,0.0901055746456987,0.0730079670456658,0.155764754364386,-0.0228721021382689,0.0965477078233713,0.0599566224564727,0.235581532305685,0.119455042405451,-0.167328644791833
-0.302754220906427,-0.304967611187664,-0.141976274370835,-0.104782804779261,-0.342560275427058,-0.349126389476377,-0.208851882432103,-0.177850995087658,-0.144103621107292,-0.307449529867829,0.0451451105110049,-0.190566521298344,-0.118342788533425,-0.464992428155403,-0.235781173846184,0.330274415316847,-0.352467585336389,-0.355044422499878,-0.165289304481775,-0.121988529424121,-0.398809941445082,-0.40645423574122,-0.243146135084124,-0.207054787214992,-0.167765969431738,-0.357933881419988,0.0525581048677645,-0.221858249925912,-0.137775112734905,-0.541345907122117,-0.274497315890533,0.384506697599755,-0.357694834400442,-0.360309887190591,-0.167740617448117,-0.123797672882374,-0.404724467999813,-0.41248213053708,-0.246752099036337,-0.210125500630083,-0.170254012426826,-0.363242198055289,0.0533375646419625,-0.225148505193416,-0.139818378155769,-0.549374304637401,-0.278568231620853,0.390209100767502,-0.344042169263973,-0.346557409485909,-0.161338214451042,-0.119072504917982,-0.389276753627871,-0.396738318042725,-0.237333948546379,-0.202105331422037,-0.163755676984829,-0.349377798526578,0.0513017513194915,-0.216554930862004,-0.134481724356772,-0.528405527080501,-0.267935707977193,0.375315415777863,-0.318599584781648,-0.320928818119669,-0.149406941141784,-0.110266862655061,-0.36048898405773,-0.367398751338525,-0.219782643573115,-0.187159250887682,-0.151645627640994,-0.32354063393051,0.0475078874892819,-0.200540274474655,-0.124536540484121,-0.489328915360389,-0.248121343649049,0.347560114170865,-0.376367768999964,-0.379119336788454,-0.176497270544721,-0.130260348959819,-0.425852515695705,-0.434015155636257,-0.259633430731617,-0.22109479443477,-0.179141873624713,-0.382204724644308,0.0561219740336345,-0.236902052933919,-0.147117391672389,-0.578053585059068,-0.293110477888624,0.410579394990462
-0.04964204679481,-0.050004972284626,-0.0232795857807317,-0.0171810417128791,-0.0561689715567959,-0.057245605071336,-0.0342450549156275,-0.0291618970470895,-0.0236284028704615,-0.0504119278768315,0.00740235984764959,-0.0312468382422334,-0.0194044470416164,-0.0762439440434992,-0.0386606007683872,0.0541544819134159,-0.0577934547453613,-0.0582159739448278,-0.0271021799900913,-0.0200022323981866,-0.0653921247280351,-0.066645545453355,-0.0398682197714226,-0.0339503885536013,-0.027508274137922,-0.0586897531525771,0.00861785475188632,-0.0363776848153034,-0.022590729117069,-0.0887634820518021,-0.0450088146077382,0.0630468484238387,-0.0586505570571604,-0.0590793424018892,-0.0275041172202959,-0.0202988742879155,-0.0663619186523611,-0.0676339281574322,-0.0404594829773334,-0.0344538877239482,-0.0279162339226606,-0.0595601479633326,0.00874566132207901,-0.0369171818550716,-0.0229257595497847,-0.0900798834679338,-0.0456763150923796,0.0639818608707293,-0.0564119549344573,-0.0568243741979234,-0.0264543271026603,-0.0195240972806805,-0.0638289856434376,-0.0650524444898104,-0.0389152063494361,-0.0331388354880583,-0.0268507139403654,-0.0572868281459388,0.0084118527960838,-0.0355081094470391,-0.0220507183469754,-0.0866416719919944,-0.0439329199559377,0.0615397710297049,-0.0522401816535725,-0.0526221017140621,-0.0244979783978709,-0.0180802524881437,-0.0591087085822606,-0.0602416902783292,-0.0360373515000993,-0.0306881544469679,-0.0248650516615232,-0.0530503562973114,0.0077897799964758,-0.0328822160097704,-0.0204200250350505,-0.0802343526100063,-0.0406839954711122,0.0569887858211303,-0.061712323431253,-0.0621634928864842,-0.0289399293503006,-0.0213585472704944,-0.0698262453569147,-0.0711646582539665,-0.0425716109895608,-0.0362525024376522,-0.0293735600011222,-0.0626693981976038,0.00920221575393286,-0.0388443892287366,-0.0241225652275492,-0.0947823717651124,-0.0480607801794888,0.0673219401469576
0.123374623581503,0.12427659677933,0.0578564003354383,0.0426997815546592,0.139595890383479,0.142271631275886,0.0851087139337122,0.0724756190247048,0.0587233101411941,0.125287997320695,-0.0183969723003863,0.0776572916540319,0.0482255769884356,0.189487914058357,0.0960826028578097,-0.134589309923811,0.143633193735055,0.144683274272741,0.0673566355621187,0.0497112438396479,0.162518052627103,0.165633160084593,0.0990838799917926,0.0843763841075997,0.0683658951688861,0.145860750529077,-0.0214178232917906,0.090408906574816,0.0561443953503844,0.220602531382117,0.111859722122898,-0.156689373112319,0.145763337069517,0.146828990762683,0.0683555640447587,0.0504484834147019,0.164928266711544,0.168089572580517,0.100553337441207,0.0856277229347821,0.0693797914146746,0.148023929508947,-0.0217354590160778,0.0917497103591533,0.0569770413872307,0.223874163792213,0.113518650921171,-0.1590131453201,0.140199773274921,0.141224752595339,0.0657465366382494,0.0485229419070698,0.158633206843751,0.161673850499373,0.0967153702344954,0.0823594436218128,0.0667316708148613,0.142374082355975,-0.0209058497654121,0.0882477641429012,0.0548023147998857,0.215329229124411,0.109185817514817,-0.152943856595283,0.129831728614636,0.130780908729951,0.0608844529686294,0.0449345764126808,0.146901974083945,0.149717756254551,0.0895630813648059,0.076268803318189,0.0617967345656622,0.131845243329687,-0.0193598217015581,0.081721671136961,0.050749577523214,0.199405215753514,0.101111314925976,-0.141633362300926,0.153372698453417,0.154493983035834,0.0719239660851759,0.0530820725550841,0.173538105159671,0.176864442368387,0.105802577053377,0.0900977927163243,0.0730016617438512,0.155751301808068,-0.0228701267989607,0.0965393695219233,0.0599514443284455,0.235561186407515,0.11944472572186,-0.167314193525069
0.0600243982493626,0.0604632275390896,0.0281483786065189,0.0207743587683935,0.0679163921648517,0.0692181974492407,0.041407213180054,0.035260941783819,0.0285701488046066,0.0609552955764394,-0.00895052126510753,0.0377819365594998,0.0234627766628757,0.0921899308520772,0.0467462453084005,-0.0654805834818766,0.069880626763455,0.0703915134479144,0.0327704466311656,0.0241855854233347,0.0790685153106528,0.0805840818444338,0.0482064309504493,0.0410509190260668,0.0332614730579541,0.0709643808795446,-0.0104202300082532,0.0439858704813084,0.0273154514935954,0.10732785895594,0.0544221519292604,-0.0762327378200558,0.0709169871439311,0.0714354505022586,0.0332564467446736,0.0245442682753962,0.0802411361128159,0.0817791791637996,0.0489213534895719,0.041659722181264,0.033754755308988,0.0720168138094541,-0.0105747665949463,0.0446382002553656,0.0277205516338475,0.108919578233441,0.0552292563399099,-0.0773633027968033,0.0682101941325468,0.0687088685368945,0.0319870990008212,0.023607451068222,0.0771784545861051,0.0786577928845426,0.0470541001971516,0.0400696342573708,0.0324663878888392,0.0692680420951967,-0.0101711439162484,0.0429344283756216,0.02666250054544,0.10476228440246,0.0531212400365465,-0.0744104637693501,0.0631659182215854,0.0636277146882985,0.0296215911027226,0.0218616343577282,0.0714709584520609,0.0728408968193316,0.0435743583908869,0.0371064072292711,0.0300654356495689,0.0641455362794049,-0.00941896813231855,0.0397593442762391,0.0246907570115335,0.0970149106512328,0.0491928214931826,-0.0689076659150321,0.0746191045232703,0.0751646335013699,0.034992550807,0.0258255658291275,0.0844300070237907,0.0860483413581261,0.0514752210503435,0.0438345069220862,0.0355168728396034,0.0757763460279832,-0.0111268067868703,0.0469684720788488,0.0291676624052097,0.114605565184775,0.058112418724248,-0.0814019406372103
-0.107889093801225,-0.108677854634868,-0.0505944773859247,-0.0373402617467692,-0.122074326750827,-0.124414218470439,-0.0744261806385974,-0.0633787454199823,-0.0513525758557336,-0.109562307893652,0.0160878518819853,-0.0679100335254605,-0.0421724796257339,-0.165704086793304,-0.0840226673157303,0.117696153888726,-0.125604882608729,-0.12652316089271,-0.0589022779672,-0.0434716710284289,-0.142119383348674,-0.144843493955261,-0.086647235163087,-0.0737857701634993,-0.0597848590136368,-0.127552844652472,0.0187295367480457,-0.079061112559122,-0.0490973569809443,-0.192913311588342,-0.097819500496581,0.137022298286506,-0.127467658172701,-0.128399554926863,-0.059775824614279,-0.0441163749988076,-0.144227076210371,-0.146991586573449,-0.0879322517085851,-0.0748800455354018,-0.0606714947251883,-0.129444509348931,0.0190073040024243,-0.0802336235752293,-0.0498254923443173,-0.195774300710167,-0.0992702066428749,0.139054399138529,-0.1226024124789,-0.123498740158245,-0.0574942727487538,-0.0424325203915607,-0.138722149144782,-0.141381142372516,-0.0845760120545088,-0.0720219886422628,-0.0583557565004514,-0.124503810267107,0.0182818242589801,-0.0771712287905962,-0.0479237294536765,-0.188301894869019,-0.0954812145776275,0.133746905250971,-0.113535726717952,-0.11436576923012,-0.0532424599701357,-0.0392945533592927,-0.1284633776496,-0.130925733180335,-0.0783214522240131,-0.066695823147678,-0.0540402353305637,-0.115296512458617,0.0169298479614372,-0.071464267018119,-0.0443796768802905,-0.174376605191198,-0.0884201939080873,0.123856062673803,-0.134121920453572,-0.135102465512016,-0.0628963339320215,-0.0464194056995487,-0.151756239347632,-0.154665066922604,-0.0925226260372927,-0.0787890485698892,-0.0638387611883947,-0.136201970248223,0.0199995524511486,-0.0844221023051896,-0.0524265591489132,-0.205994411155865,-0.104452462292249,0.146313530250226
-0.327358300587223,-0.329751567570695,-0.153514331732824,-0.113298241724278,-0.370399293779465,-0.377499019524697,-0.225824753500454,-0.192304501437939,-0.155814562627447,-0.332435185585671,0.0488139409335356,-0.20605338671835,-0.127960211504463,-0.502781201897515,-0.254942521196436,0.357114992490817,-0.381111746030666,-0.383897996317133,-0.17872195359787,-0.131902232655436,-0.431220229722586,-0.439485756731525,-0.262906014446917,-0.223881612841652,-0.181399890925107,-0.387022274349895,0.0568293708344834,-0.239888116008955,-0.148971752179308,-0.585339737476746,-0.296805027446511,0.415754596959243,-0.386763800575873,-0.38959137217757,-0.181372478649071,-0.133858400685856,-0.437615415084289,-0.446003523488281,-0.266805026086923,-0.227201875469685,-0.184090130962791,-0.392761984625472,0.0576721753585413,-0.243445762107641,-0.151181068679735,-0.594020582814505,-0.301206776334839,0.421920420195887,-0.37200161742883,-0.374721264944085,-0.17444976834458,-0.128749230117792,-0.420912303531903,-0.428980250658308,-0.256621486019879,-0.218529927133152,-0.177063692023083,-0.377770859960743,0.0554709165699382,-0.234153809444922,-0.145410718349914,-0.571347725055934,-0.289710174039679,0.40581636261052,-0.344491377625253,-0.347009901941521,-0.161548870240942,-0.119227975292216,-0.38978502379997,-0.39725633061684,-0.237643830309799,-0.202369215947961,-0.163969489202866,-0.349833973502684,0.0513687348979589,-0.216837681914957,-0.13465731421295,-0.529095454659491,-0.268285545790872,0.375805456935448,-0.406954237951691,-0.409929418784822,-0.19084076308109,-0.140846282313483,-0.460460486468416,-0.469286483778195,-0.280733191449713,-0.239062616396082,-0.193700286450911,-0.413265548408782,0.060682866749954,-0.25615449132926,-0.159073254802228,-0.62503055675572,-0.316930834650807,0.443946157374133
0.203835305257129,0.205325514319379,0.0955883526214935,0.0705471089186902,0.230635523764413,0.235056290740308,0.140613686843466,0.119741722395941,0.0970206311546061,0.206996515471007,-0.0303948442215828,0.128302703507618,0.0796766378796291,0.313065407483137,0.158744368289667,-0.222363823906973,0.237305817356355,0.239040724266141,0.111284314167149,0.0821312054992596,0.268506731006605,0.273653404293813,0.163702975035588,0.139403756719092,0.112951778140347,0.240986109996009,-0.0353857902208014,0.149370482637921,0.0927598369300179,0.364471906940115,0.184810781528634,-0.258876787395412,0.240825166832099,0.24258580317318,0.112934709412768,0.0833492473417905,0.272488803732545,0.27771180444458,0.166130762039663,0.141471175645402,0.114626902608896,0.244560039827668,-0.0359105770281781,0.151585712486138,0.0941355060438497,0.369877185364819,0.187551606571738,-0.262716043828954,0.231633238285789,0.233326673828647,0.108624164161307,0.0801679339598358,0.262088322559723,0.267111969317294,0.159789804763062,0.136071437092323,0.110251768929448,0.235225556887412,-0.0345399251879163,0.145799917520675,0.0905424976527082,0.355759538511266,0.180393048398477,-0.252688573965189,0.214503511872865,0.216071714578839,0.100591196925318,0.0742393600384754,0.242706383703732,0.247358522057806,0.14797303934795,0.126008690885196,0.102098437169814,0.217830171559173,-0.0319856308510134,0.135017731351543,0.0838467046611162,0.329450431888289,0.167052633228669,-0.234001764715667,0.253397091718049,0.255249639498963,0.118830300402823,0.0877003726442886,0.286713682377294,0.292209342186776,0.174803374994041,0.148856471032662,0.120610832064711,0.257326938284597,-0.0377852360721149,0.159499022445506,0.099049712173765,0.389186081742227,0.197342463320954,-0.276430749865696
0.0483533498260837,0.0487068538474311,0.02267525268881,0.0167350255269135,0.0547108370104725,0.0557595213481314,0.0333560605789103,0.0284048604067143,0.0230150145611344,0.0491032449590814,-0.00721019616156072,0.0304356769722018,0.0189007117265577,0.0742646674842808,0.0376569798011598,-0.0527486430894604,0.0562931489612261,0.0567046996522056,0.0263986131661151,0.019482978702507,0.0636945590884895,0.0649154412785645,0.0388332492719122,0.0330690436929241,0.0267941651963032,0.0571661796525633,-0.00839413707679562,0.0354333278603106,0.0220042785975162,0.0864592009506106,0.0438403953604275,-0.0614101656579694,0.057128001079441,0.0575456552478854,0.0267901161913739,0.0197719198319174,0.0646391773689558,0.0658781657780163,0.039409163410845,0.0335594721319761,0.0271915344318622,0.0580139791992909,-0.00851862581562911,0.0359588196717557,0.0223306117115081,0.0877414288661692,0.0444905676745619,-0.0623209053807515,0.0549475125913677,0.0553492255385357,0.0257675784017494,0.0190172558708827,0.0621719987618216,0.0633636968769498,0.0379049758755162,0.0322785583722275,0.0261536751215168,0.0557996742804916,-0.00819348288791922,0.0345863264835215,0.0214782863920755,0.0843924726283386,0.0427924307047889,-0.0599422116722132,0.0508840376569131,0.0512560431539222,0.0238620160929371,0.0176108929818449,0.0575742590884648,0.0586778288208531,0.0351018295255309,0.0298914964893483,0.0242195602127948,0.0516731803393422,-0.00758755896578388,0.0320286006809757,0.0198899255314431,0.0781514858937404,0.0396278476080718,-0.0555093690709983,0.0601102846501441,0.0605497418423467,0.0281886549440893,0.0208040839294147,0.0680135708896242,0.0693172388727433,0.0414664610294311,0.0353113951905387,0.0286110286355118,0.0610425139592691,-0.00896332819160741,0.037835997152197,0.0234963485686121,0.0923218415680546,0.0468131325555315,-0.0655742769098885
-0.0650996695631221,-0.0655756033931819,-0.0305284217662523,-0.0225309029436631,-0.0736589589700421,-0.075070836411898,-0.0449083368458408,-0.0382423768594045,-0.0309858540992349,-0.0661092774918536,0.00970731891980918,-0.0409765304978197,-0.0254466359069707,-0.0999849096459878,-0.0506988026810554,0.0710171942042895,-0.0757892764249927,-0.0763433603527372,-0.0355413016930572,-0.0262305606581649,-0.0857540328548786,-0.0873977458020737,-0.0522824520898057,-0.0445219167838607,-0.0360738461093776,-0.0769646657150612,0.0113012966409241,-0.0477050285766068,-0.0296250677734938,-0.116402802139266,-0.0590237338621967,0.0826784805298812,-0.0769132646745212,-0.0774755659102203,-0.0360683948038548,-0.0266195713909365,-0.0870258028179282,-0.0886938927499078,-0.0530578238122635,-0.0451821963599703,-0.036608837087717,-0.0781060855038916,0.0114688998326686,-0.0484125150983523,-0.030064420537362,-0.118129106809112,-0.0598990817535315,0.0839046387014324,-0.0739776029143676,-0.0745184419713084,-0.0346917193003005,-0.025603543035688,-0.0837041609326125,-0.085308582421359,-0.0510326877697126,-0.0434576609803447,-0.0352115337281873,-0.075124895595761,0.0110311494548595,-0.0465646833896279,-0.028916907555223,-0.113620299348031,-0.0576128253513845,0.0807021268801276,-0.0685068159582936,-0.0690076589199098,-0.0321261994949135,-0.0237101114597682,-0.0775140761804839,-0.0789998475939793,-0.047258721709916,-0.0402438828168652,-0.032607572639498,-0.0695692641247406,0.0102153745963797,-0.04312113490379,-0.0267784462584136,-0.105217858242471,-0.0533522453782841,0.0747340483581148,-0.0809284089343213,-0.0815200642819326,-0.0379512924934762,-0.0280092071022921,-0.0915688573107724,-0.0933240274329319,-0.0558276297439036,-0.0475408667028245,-0.0385199477747062,-0.0821834992269147,0.0120676169398442,-0.0509398194966536,-0.0316338895497051,-0.124295863702439,-0.0630260255295855,0.0882847573958902
-0.0150829701947221,-0.0151932395067113,-0.00707314305406444,-0.00522019450851338,-0.0170660756064538,-0.0173931940928766,-0.0104048317093773,-0.00886039259825182,-0.00717912574630819,-0.0153168866861514,0.00224909285900715,-0.00949386982037536,-0.00589574192183312,-0.0231655463419849,-0.0117464272073608,0.0164540040016252,-0.0175596497657997,-0.0176880257072389,-0.00823457934142388,-0.00607736978164433,-0.0198683884312687,-0.0202492209847609,-0.0121133436140241,-0.0103153018804764,-0.00835796478427837,-0.017831976211514,0.00261840223676544,-0.0110527984087791,-0.00686384458235948,-0.026969414853117,-0.013675234061849,0.019155812401904,-0.0178200670825177,-0.0179503468955401,-0.00835670176897775,-0.00616749984416536,-0.0201630453561955,-0.0205495258236849,-0.012292989818961,-0.0104682823369592,-0.00848191707213006,-0.0180964322490043,0.00265723429171422,-0.0112167162626218,-0.00696563841152735,-0.0273693831180412,-0.0138780437879754,0.019439901511413,-0.0171399023577606,-0.0172652095894366,-0.00803773923464753,-0.00593209580137913,-0.0193934527316864,-0.0197651818304197,-0.0118237851858955,-0.0100687239996405,-0.00815817526105472,-0.0174057190882326,0.00255581172005555,-0.0107885913462499,-0.00669977063948163,-0.0263247355951641,-0.0133483400674727,0.0186979101822228,-0.0158723733955724,-0.0159884139148713,-0.00744333285719118,-0.0054934058323363,-0.0179592693564754,-0.0183035083686902,-0.0109493933805636,-0.0093241223668287,-0.00755486240628155,-0.0161185324642051,0.00236680449530881,-0.00999075412949393,-0.0062043096299435,-0.0243779704332431,-0.0123612044771117,0.0173151635251142,-0.0187503375678287,-0.0188874184475545,-0.00879295113741324,-0.00648946513456632,-0.021215627588462,-0.0216222837023388,-0.0129347273361013,-0.0110147636742562,-0.0089247031219536,-0.0190411299727966,0.00279595131352405,-0.0118022684961183,-0.00732926935610162,-0.0287981616517013,-0.0146025267245449,0.0204547330790878
0.348792419148326,0.351342387728122,0.163565839152331,0.120716559639316,0.394651565261742,0.402216152790229,0.240610859525191,0.204895834775939,0.166016680010486,0.354201718369302,-0.0520100834951486,0.219544942340783,0.136338536842695,0.535701313812912,0.271635142754493,-0.380497460799288,0.406065426248327,0.409034109113634,0.190423955764967,0.140538665848482,0.459454814009101,0.468261534827886,0.28012005384648,0.238540489750199,0.193277233769585,0.412362952436636,-0.0605503318427553,0.255595035035332,0.158725829570163,0.623665453699906,0.316238639291417,-0.44297655316919,0.412087554828676,0.415100264564467,0.193248026646821,0.142622915975536,0.466268730653979,0.475206059009663,0.284274357249711,0.242078149959705,0.196143620017161,0.418478476095691,-0.0614483198524927,0.25938562164031,0.161079803321451,0.632914686238619,0.320928597176979,-0.449546089969974,0.39635880268605,0.399256521895782,0.185872044825571,0.13717921725435,0.44847196583937,0.457068170031325,0.273424039511908,0.232838396962446,0.188657117822525,0.402505792256041,-0.0591029313999283,0.249485268901345,0.154931633419354,0.608757299997207,0.308679243122654,-0.432387602791772,0.367047301877218,0.369730729141409,0.172126447262649,0.127034548559579,0.415306595724324,0.423267093974043,0.253203802441368,0.215619546732197,0.17470555871958,0.372739709667943,-0.0547321551996945,0.231035350262889,0.143474139180524,0.563738519108962,0.285851815491064,-0.400411702463405,0.433599981681277,0.436769965513458,0.203336256657498,0.150068336278763,0.490609606383699,0.500013494867823,0.299114483443153,0.254715484993485,0.206383010236014,0.440324531626631,-0.0646561393329707,0.272926467867693,0.169488738378528,0.665955069846675,0.337682204246108,-0.473013984751152
-0.0820964106693616,-0.0826966051008578,-0.038499025682144,-0.0284134508397309,-0.0928904276421679,-0.0946709293107519,-0.0566333637162222,-0.048227001714317,-0.0390758880980979,-0.0833696150909573,0.0122417831901035,-0.0516750099982119,-0.0320904466273331,-0.126089767553689,-0.0639356505690571,0.0895589298549052,-0.0955769453743071,-0.0962756939544869,-0.0448207082938835,-0.0330790447068596,-0.1081433799135,-0.110216246550782,-0.0659327718000795,-0.0561460540215325,-0.0454922936551506,-0.0970592146776908,0.0142519293316837,-0.0601602380365587,-0.0373598168218379,-0.146794174403968,-0.0744341212007469,0.104264837850191,-0.0969943934434,-0.0977035047718542,-0.0454854190792903,-0.0335696214653399,-0.109747193724909,-0.111850801884647,-0.0669105837578896,-0.0569787246572003,-0.0461669643463676,-0.0984986454514383,0.0144632917018969,-0.0610524407838544,-0.0379138793105311,-0.148971196469782,-0.075538011903232,0.105811131179678,-0.0932922656896757,-0.0939743113225124,-0.043749310151907,-0.0322883203210487,-0.105558311075527,-0.107581627726915,-0.0643567090404553,-0.0548039338220132,-0.0444048418777981,-0.0947391026976316,0.0139112499629994,-0.0587221624302874,-0.0364667644839532,-0.143285193584696,-0.0726548414394537,0.10177248202186,-0.0863931220282022,-0.087024729066051,-0.0405139639675579,-0.0299005365231552,-0.0977520696107201,-0.0996257580785985,-0.059597405812397,-0.0507510768155207,-0.0411210178532108,-0.0877329626383449,0.0128824860960712,-0.0543795448325269,-0.0337699766507496,-0.132688976119134,-0.0672818752553143,0.0942462099449322,-0.102057843600081,-0.102803973046178,-0.0478599187198096,-0.0353220743549761,-0.115476385130039,-0.11768980907075,-0.0704035527201649,-0.0599532154710569,-0.0485770430586956,-0.103640622879598,0.0152183266480851,-0.0642395939777466,-0.0398931178141186,-0.156748019452298,-0.0794813631076497,0.111334846208248
-0.625060083456563,-0.629629803111569,-0.293121270585074,-0.216332404892815,-0.70724283779191,-0.720799100635627,-0.431191263567613,-0.367187474709669,-0.297513346522611,-0.634753920928034,0.0932056585674688,-0.393439686324258,-0.244328066032307,-0.960013720301913,-0.486788919938237,0.681877705894384,-0.727697264290792,-0.733017348838718,-0.341252868893238,-0.25185498703964,-0.823374731280842,-0.839156982693903,-0.501994466114467,-0.427481018065424,-0.346366139967323,-0.738982865779626,0.108510372924305,-0.45804394006146,-0.284447639430051,-1.11765152892518,-0.566721463586693,0.793844550777024,-0.738489334262411,-0.743888318000308,-0.346313798787898,-0.255590107090534,-0.835585740101256,-0.851602049232983,-0.509439264479833,-0.43382074927631,-0.351502901917321,-0.749942306176992,0.110119629403215,-0.46483693282616,-0.28866612282779,-1.13422679187577,-0.575126191747114,0.805617614053445,-0.710302325063806,-0.715495237844111,-0.333095530386246,-0.245834623340956,-0.803692709491706,-0.819097700582835,-0.489994746369946,-0.417262474318135,-0.338086573380125,-0.721318154544868,0.105916531453215,-0.447094817546312,-0.277648178110146,-1.09093508875613,-0.553174504017831,0.774868421012542,-0.657774092980831,-0.662582979807558,-0.308462471041609,-0.227654677009337,-0.744258077676608,-0.758523839852503,-0.453758686246608,-0.386405106522625,-0.313084416743437,-0.667975280545134,0.0980837988979634,-0.414031290213695,-0.257115557812339,-1.01025832689351,-0.512266178500491,0.717565401134268,-0.777041087642469,-0.782721917413761,-0.364392603103084,-0.268932814043476,-0.879206269045592,-0.896058686122361,-0.536033794658065,-0.456467725693318,-0.369852595756334,-0.789091945170606,0.115868263267097,-0.489103063648693,-0.303735514706752,-1.19343743924568,-0.605149811693896,0.847673700898138
0.970463487102127,0.977558398757582,0.455097834471724,0.335876031092073,1.09805980058113,1.11910715020333,0.6694642456382,0.570092454402798,0.461916937855176,0.985514064742505,-0.14471038996897,0.610851436622155,0.379341879659652,1.49050993229009,0.755784740106138,-1.05867809152054,1.12981718613839,1.13807710856618,0.529826584507457,0.391028119432834,1.27836528688863,1.30286868927508,0.779392754369142,0.66370374695438,0.537765409923429,1.14733912437244,-0.168472371987885,0.711155505019435,0.441631221326323,1.7352571838018,0.879887393747137,-1.23251695533623,1.14657287112757,1.15495529183201,0.537684145410068,0.396827238150014,1.29732400544152,1.32219080404514,0.790951491158846,0.673546764963439,0.54574070709301,1.16435466739976,-0.170970891243073,0.721702253437339,0.448180806265123,1.76099180981361,0.892936510167438,-1.25079572299954,1.10280993703235,1.11087241355001,0.517161563363904,0.381680948971494,1.24780713095412,1.2717248018609,0.760762081613463,0.64783851437824,0.524910618400872,1.11991302931813,-0.164445193632321,0.694155981456837,0.431074429879267,1.69377744389259,0.858854488318066,-1.20305476194019,1.02125500715001,1.02872124792023,0.478916464528935,0.353454903861162,1.15552937786685,1.17767829070549,0.704502252843609,0.59992960202533,0.486092461943757,1.03709329264968,-0.1522841531975,0.6428218027429,0.399195641230081,1.5685193227655,0.795340536165616,-1.11408653318204,1.20642802747065,1.21524804016286,0.565753158202135,0.417543022535619,1.36504890381363,1.39121383719408,0.8322419545522,0.708708286691768,0.574230300880199,1.22513809635659,-0.179896176048919,0.759377661865732,0.471577428411421,1.85292180637076,0.939550952010944,-1.31609168057768
0.535385105321186,0.539299224785116,0.251068283638008,0.185296022643835,0.605777414396657,0.617388812088556,0.36932990310645,0.314508492900295,0.254830245248792,0.543688205027904,-0.079833799420888,0.336994400178947,0.209275253416048,0.822284225720103,0.416951176483869,-0.584051320902821,0.623297322602649,0.62785415497988,0.292294625731383,0.215722315871181,0.705248309551078,0.718766341750896,0.429975241140195,0.366151952327746,0.29667431537241,0.632963822034671,-0.0929428049784546,0.392330128866047,0.243639025151737,0.957306341203234,0.485416103988383,-0.679954711035297,0.632541095595538,0.637165507797893,0.296629483381694,0.218921572542278,0.715707451666252,0.729425962219554,0.436351962774529,0.371582146563281,0.301074125743282,0.642350953458834,-0.0943211875887886,0.398148556954853,0.247252298880087,0.971503614610066,0.492615037963624,-0.690038737977705,0.608397968737986,0.612845874194422,0.285307589362726,0.210565670713059,0.688389992107035,0.701584888079574,0.419697075265776,0.357399423946606,0.289582586518461,0.617833399319802,-0.0907210920168683,0.382951835057025,0.237815056526587,0.934422806464282,0.473812674866099,-0.663701013988505,0.563405761092024,0.567524735328818,0.264208540774178,0.194993931708925,0.637482219468465,0.649701327338531,0.388659664016803,0.330969044620869,0.268167393613858,0.572143423315332,-0.0840120916262882,0.354631805460234,0.220228172686763,0.86532043088474,0.438773310258942,-0.614619039079635,0.665561976451599,0.670427799315532,0.312114590827432,0.230350052389796,0.753069910254047,0.76750457554521,0.459131077482516,0.390980047941298,0.316791259229528,0.675883943567518,-0.0992450869516264,0.418933318852166,0.260159742775127,1.02221953699463,0.518331284053826,-0.726061198986939
0.108068815979346,0.108858890734628,0.0506787579128649,0.0374024633367194,0.12227767875911,0.124621468281749,0.0745501601329308,0.0634843220429022,0.0514381192267985,0.10974481731996,-0.016114651104035,0.0680231583901843,0.0422427307477709,0.165980117468442,0.0841626326843273,-0.117892212715323,0.125814115834161,0.126733923790582,0.0590003976688264,0.0435440863498344,0.142356126509902,0.14508477495321,0.0867915725495917,0.0739086828589429,0.0598844489230706,0.127765322802568,-0.0187607365016162,0.0791928129456313,0.0491791435974195,0.193234667522715,0.0979824486971127,-0.137250550698603,0.127679994418744,0.12861344353106,0.0598753994741663,0.0441898642712282,0.144467330376637,0.147236445874548,0.0880787296819123,0.0750047810800917,0.0607725615967104,0.129660138643295,-0.0190389664620406,0.080367277136302,0.0499084918922285,0.196100422494159,0.0994355714367734,-0.139286036634127,0.122806644174961,0.123704464961322,0.0575900469884272,0.0425032046907723,0.138953233176721,0.14161665576833,0.0847168991874676,0.0721419632218548,0.0584529658039557,0.124711209320868,-0.018312278210905,0.0772997809995158,0.0480035610356985,0.188615569082953,0.0956402676500827,-0.133969701497392,0.113724855084697,0.114556280285726,0.0533311515193664,0.0393600104177329,0.128677372569999,0.131143829904574,0.0784519204807323,0.0668069253748385,0.0541302558178768,0.115488573950828,-0.0169580497846584,0.0715833125423121,0.0444536047622682,0.174667082589738,0.0885674846979078,-0.124062382706467,0.134345341402144,0.135327519857323,0.0630011069515343,0.0464967313717316,0.152009035630537,0.154922708744656,0.0926767506785423,0.0789202957508797,0.063945104107823,0.136428856153877,-0.0200328678030652,0.0845627330545382,0.0525138915665807,0.206337557649632,0.104626459712857,-0.146557260041798
-0.0804950428511129,-0.0810835299248883,-0.0377480659232623,-0.0278592197179418,-0.0910785123557783,-0.0928242836622288,-0.055528676612914,-0.0472862886199654,-0.0383136760944355,-0.0817434122212103,0.0120029956782162,-0.0506670402545395,-0.0314644922392758,-0.123630267871247,-0.062688525482524,0.0878119985708562,-0.0937126270290709,-0.09439774586003,-0.0439464381611489,-0.0324338067820821,-0.106033941426018,-0.108066374847068,-0.0646466909828095,-0.0550508723528254,-0.0446049236173656,-0.095165983273515,0.0139739320259108,-0.0589867559276035,-0.0366310784048186,-0.143930815764043,-0.0729822135558371,0.102231053978924,-0.0951024264384553,-0.0957977058825229,-0.0445981831365828,-0.0329148143788048,-0.107606471338373,-0.109669046639527,-0.0656054297973632,-0.0558673009634364,-0.0452664342212656,-0.0965773365941938,0.0141811715740067,-0.0598615554199308,-0.037174333382788,-0.146065372963886,-0.074064571830395,0.103747185400537,-0.0914725121736708,-0.0921412538640074,-0.0428959386491015,-0.0316585062202146,-0.103499296790654,-0.105483146744956,-0.0631013708118348,-0.0537349314719658,-0.0435386836112216,-0.0928911272629836,0.0136398979292049,-0.0575767313405829,-0.035755445893967,-0.140490280920826,-0.0712376403222247,0.0997873138986217,-0.0847079428077466,-0.0853272297553997,-0.0397237009395112,-0.0293172983943971,-0.0958453234184625,-0.0976824638279127,-0.0584349022761163,-0.0497611292588467,-0.040318913667329,-0.0860216485647675,0.012631201070513,-0.0533188205894593,-0.0331112614476049,-0.130100752657704,-0.0659694789044042,0.0924078488476905,-0.100067109230472,-0.10079868471893,-0.0469263659250282,-0.0346330840241606,-0.113223909468713,-0.115394158490595,-0.0690302651099365,-0.0587837715322402,-0.0476295020782114,-0.101619014909292,0.014921478852388,-0.062986540188737,-0.0391149649750813,-0.153690501688993,-0.0779310042552543,0.109163155164585
0.115416752097576,0.116260546501565,0.0541245648491247,0.0399455735648837,0.130591719808465,0.133094870896518,0.0796190582169566,0.0678008192549156,0.0549355575090194,0.117206710000714,-0.0172103365319447,0.0726482652527124,0.0451149458653452,0.177265623735926,0.0898851127809423,-0.125908072239819,0.134368610278681,0.135350958849095,0.0630120188667824,0.0465047846967697,0.152035363893547,0.154949541661562,0.0926928024734679,0.07893396490084,0.0639561795252294,0.136452485899254,-0.0200363375350464,0.0845773794857024,0.0525229870755622,0.206373295719176,0.104644581220817,-0.146582644046587,0.136361355772276,0.137358273003352,0.0639465147760477,0.0471944710747332,0.154290115100972,0.157247511404944,0.0940674774368733,0.0801045902613427,0.0649046777516539,0.138476136183362,-0.0203334852189311,0.0858316991626019,0.0533019260374811,0.209433902316132,0.106196506311241,-0.148756529024315,0.131156651234022,0.132115517658054,0.0615057740414352,0.0453931302447597,0.148401097221048,0.151245614228114,0.0904770655936868,0.0770471204810891,0.0624273654006968,0.133190713708999,-0.0195573871653578,0.0825556343887694,0.0512674729860739,0.201440130358707,0.10214314797365,-0.143078719667531,0.121457362956136,0.122345319351746,0.0569573029759613,0.0420362203821104,0.137426548777193,0.140060708244605,0.0837861114295358,0.0713493367583734,0.0578107408700057,0.123341002573146,-0.0181110805213999,0.076450485398104,0.0474761441049834,0.186543242730813,0.0945894644319782,-0.132497771347875,0.143479900501908,0.14452886033597,0.0672847488612057,0.0496581892699223,0.16234460443533,0.16545638727905,0.0989781322330628,0.0842863329962602,0.068292931330689,0.145705079924975,-0.0213949650144385,0.0903124172241741,0.0560844749680373,0.220367092244432,0.111740339283756,-0.156522145607454
-0.235200638121436,-0.236920154384496,-0.110297092572808,-0.0814026059635124,-0.266124763295706,-0.271225779591215,-0.162250738813237,-0.138167082889583,-0.111949764196748,-0.238848282275142,0.0350718770111973,-0.148045392330981,-0.0919369490433448,-0.361238616249016,-0.183171294456646,0.256580248510278,-0.273821454049563,-0.275823321251853,-0.128408283697479,-0.0947692153660069,-0.309823435115862,-0.315762057180508,-0.188892911079255,-0.160854629650616,-0.130332330123323,-0.278068054883645,0.0408308091175126,-0.172354994090098,-0.107033336597206,-0.420555335011834,-0.213248699445974,0.298711675651186,-0.277882346452001,-0.279913902223949,-0.130312634930611,-0.0961746844443909,-0.314418252706494,-0.320444947144092,-0.191694275896116,-0.163240174441883,-0.132265215809826,-0.282191926241195,0.0414363479461125,-0.174911094335976,-0.108620687978798,-0.42679235530187,-0.216411271299286,0.303141700969626,-0.267276001996944,-0.269230016390061,-0.125338800822157,-0.0925038437303344,-0.302417388550346,-0.308214053272323,-0.184377598366304,-0.157009546475982,-0.127216854673493,-0.271421091712248,0.0398547858753749,-0.168235005195284,-0.10447480233202,-0.410502343399663,-0.208151183831824,0.291571245558451,-0.247510424203229,-0.249319935449005,-0.11606975384558,-0.0856630053991382,-0.280053037187322,-0.285421027330772,-0.170742518012291,-0.145398386543777,-0.1178089219787,-0.251348976509197,0.0369074473010701,-0.155793700858311,-0.0967486884364668,-0.38014490037318,-0.192758000807002,0.270008987467798,-0.292388787089751,-0.294526397253367,-0.137115415053587,-0.101195342894128,-0.33083199678397,-0.337173305972081,-0.201701394625998,-0.171761888507106,-0.139169927555939,-0.296923342175807,0.0435994717623614,-0.184042071669604,-0.114291071802436,-0.449072424712115,-0.227708704549459,0.318966769190367
0.208852350356252,0.210379238275793,0.0979410906589395,0.0722835010839793,0.236312208785814,0.240841785112782,0.144074643754525,0.122688952860994,0.0994086221919486,0.212091368161856,-0.031142959490663,0.131460647363443,0.0816377372342493,0.320770958130199,0.162651579819762,-0.227836915683431,0.243146679843151,0.244924288414449,0.114023380504539,0.0841527196894304,0.275115548734126,0.280388898270867,0.167732233890319,0.142834933342614,0.115731886150789,0.246917556369281,-0.0362567487879736,0.153046972571433,0.0950429560622904,0.373442737543651,0.189359571663707,-0.265248581113092,0.24675265187438,0.248556623161363,0.115714397306705,0.0854007414750771,0.279195633128992,0.284547188754965,0.170219776572514,0.14495323812493,0.117448240841918,0.250579452155237,-0.0367944522933517,0.155316726379763,0.0964524848354038,0.378981057325424,0.192167857261953,-0.269182334045412,0.237334480283439,0.239069596743546,0.111297755616743,0.0821411256975115,0.268539162528672,0.273686457455597,0.163722747860751,0.139420594568912,0.112965420994184,0.24101521744637,-0.035390064285113,0.149388524316376,0.092771040905006,0.364515929593284,0.184833103855218,-0.258908055767015,0.21978313598719,0.221389937225889,0.103067071116555,0.076066630427053,0.248680171568158,0.25344681407008,0.151615133689392,0.129110171682426,0.104611409410735,0.223191675511019,-0.032772900516104,0.138340953727164,0.0859104428254494,0.337559270897429,0.171164337988442,-0.239761303797338,0.259634012429759,0.261532157393916,0.121755097829408,0.0898589620221749,0.293770631972988,0.299401557717283,0.179105850537802,0.152520309480692,0.123579454125291,0.263660585210798,-0.0387152527501171,0.163424808451349,0.101487645447415,0.398765207996085,0.202199698612968,-0.28323460328604
